{"type":"FeatureCollection","features":[{"type":"Feature","geometry":{"type":"Point","coordinates":[55.441618,25.300001]},"properties":{"competitor_id":"n1338572888","name":"Muwailaiha Sharjah","category":"hairdresser","tier":"value","rating":3.86,"nearest_branch_id":"BD02","distance_to_nearest_m":3983}},{"type":"Feature","geometry":{"type":"Point","coordinates":[55.135327,25.070797]},"properties":{"competitor_id":"n2065138111","name":"Desire Salon for Men","category":"hairdresser","tier":"value","rating":4.91,"nearest_branch_id":"BD09","distance_to_nearest_m":3300}},{"type":"Feature","geometry":{"type":"Point","coordinates":[55.133755,25.070349]},"properties":{"competitor_id":"n2065138121","name":"Mist Spa","category":"hairdresser","tier":"premium","rating":4.36,"nearest_branch_id":"BD09","distance_to_nearest_m":3357}},{"type":"Feature","geometry":{"type":"Point","coordinates":[55.133856,25.070273]},"properties":{"competitor_id":"n2065138133","name":"Marina Tranquility","category":"hairdresser","tier":"value","rating":4.5,"nearest_branch_id":"BD09","distance_to_nearest_m":3345}},{"type":"Feature","geometry":{"type":"Point","coordinates":[55.380729,25.11398]},"properties":{"competitor_id":"n2631007428","name":"Supertrim","category":"hairdresser","tier":"value","rating":4.47,"nearest_branch_id":"BD05","distance_to_nearest_m":3889}},{"type":"Feature","geometry":{"type":"Point","coordinates":[55.138099,25.072604]},"properties":{"competitor_id":"n2827330803","name":"dreamworks SPA Wellness Massage Centre","category":"massage","tier":"premium","rating":4.82,"nearest_branch_id":"BD09","distance_to_nearest_m":3313}},{"type":"Feature","geometry":{"type":"Point","coordinates":[55.1456,25.080734]},"properties":{"competitor_id":"n3266597677","name":"Lolla Beaty&Spa Center","category":"beauty_salon","tier":"premium","rating":4.49,"nearest_branch_id":"BD09","distance_to_nearest_m":3870}},{"type":"Feature","geometry":{"type":"Point","coordinates":[55.146119,25.081296]},"properties":{"competitor_id":"n3266605861","name":"House of Handsome","category":"hairdresser","tier":"value","rating":4.11,"nearest_branch_id":"BD09","distance_to_nearest_m":3919}},{"type":"Feature","geometry":{"type":"Point","coordinates":[55.141741,25.08237]},"properties":{"competitor_id":"n3274679963","name":"Super Trim Gents Salon","category":"hairdresser","tier":"value","rating":3.82,"nearest_branch_id":"BD10","distance_to_nearest_m":3944}},{"type":"Feature","geometry":{"type":"Point","coordinates":[55.179673,25.098075]},"properties":{"competitor_id":"n4069707930","name":"Reborn Spa","category":"spa","tier":"premium","rating":5.0,"nearest_branch_id":"BD07","distance_to_nearest_m":3695}},{"type":"Feature","geometry":{"type":"Point","coordinates":[55.4893,25.296786]},"properties":{"competitor_id":"n4161572789","name":"matajer mall","category":"beauty_salon","tier":"mid","rating":4.85,"nearest_branch_id":"BD08","distance_to_nearest_m":315}},{"type":"Feature","geometry":{"type":"Point","coordinates":[55.276502,25.203818]},"properties":{"competitor_id":"n4265652392","name":"Barbero Gentlemens Lounge","category":"hairdresser","tier":"premium","rating":4.92,"nearest_branch_id":"BD03","distance_to_nearest_m":1548}},{"type":"Feature","geometry":{"type":"Point","coordinates":[55.408061,25.158546]},"properties":{"competitor_id":"n4269471994","name":"Viva saloon","category":"beauty_salon","tier":"mid","rating":4.52,"nearest_branch_id":"BD04","distance_to_nearest_m":4090}},{"type":"Feature","geometry":{"type":"Point","coordinates":[55.422128,25.330085]},"properties":{"competitor_id":"n4279973089","name":"Rospina Trading","category":"beauty_salon","tier":"mid","rating":4.68,"nearest_branch_id":"BD02","distance_to_nearest_m":967}},{"type":"Feature","geometry":{"type":"Point","coordinates":[55.133764,25.049859]},"properties":{"competitor_id":"n4289914192","name":"Atlantic Gents Saloon","category":"hairdresser","tier":"value","rating":4.47,"nearest_branch_id":"BD09","distance_to_nearest_m":2145}},{"type":"Feature","geometry":{"type":"Point","coordinates":[55.386213,25.320851]},"properties":{"competitor_id":"n4291461493","name":"China trading cosmetics","category":"beauty_salon","tier":"mid","rating":4.54,"nearest_branch_id":"BD02","distance_to_nearest_m":4698}},{"type":"Feature","geometry":{"type":"Point","coordinates":[55.386582,25.321084]},"properties":{"competitor_id":"n4291461494","name":"Trimmers","category":"hairdresser","tier":"value","rating":4.56,"nearest_branch_id":"BD02","distance_to_nearest_m":4654}},{"type":"Feature","geometry":{"type":"Point","coordinates":[55.412137,25.174539]},"properties":{"competitor_id":"n4302969389","name":"السوق الصينيه","category":"beauty_salon","tier":"mid","rating":4.45,"nearest_branch_id":"BD04","distance_to_nearest_m":2476}},{"type":"Feature","geometry":{"type":"Point","coordinates":[55.399549,25.346885]},"properties":{"competitor_id":"n4372111492","name":"Manila Salon","category":"hairdresser","tier":"value","rating":4.32,"nearest_branch_id":"BD02","distance_to_nearest_m":3406}},{"type":"Feature","geometry":{"type":"Point","coordinates":[55.173836,25.097879]},"properties":{"competitor_id":"n4405122997","name":"Diva Ladies Salon","category":"beauty_salon","tier":"mid","rating":4.58,"nearest_branch_id":"BD07","distance_to_nearest_m":4281}},{"type":"Feature","geometry":{"type":"Point","coordinates":[55.173869,25.112608]},"properties":{"competitor_id":"n4411238390","name":"Miami Gents Saloon","category":"beauty_salon","tier":"mid","rating":4.75,"nearest_branch_id":"BD10","distance_to_nearest_m":3938}},{"type":"Feature","geometry":{"type":"Point","coordinates":[55.205018,25.115608]},"properties":{"competitor_id":"n4424672491","name":"The King Barber House","category":"hairdresser","tier":"value","rating":4.08,"nearest_branch_id":"BD07","distance_to_nearest_m":1844}},{"type":"Feature","geometry":{"type":"Point","coordinates":[55.433934,25.222394]},"properties":{"competitor_id":"n4426279203","name":"Hair Fusion Gents Saloon","category":"hairdresser","tier":"value","rating":3.76,"nearest_branch_id":"BD01","distance_to_nearest_m":1086}},{"type":"Feature","geometry":{"type":"Point","coordinates":[55.245034,25.194963]},"properties":{"competitor_id":"n4441311887","name":"nailstation","category":"beauty_salon","tier":"mid","rating":3.81,"nearest_branch_id":"BD03","distance_to_nearest_m":2241}},{"type":"Feature","geometry":{"type":"Point","coordinates":[55.434439,25.221844]},"properties":{"competitor_id":"n4446867895","name":"Sei Bella Beauty Center","category":"beauty_salon","tier":"mid","rating":4.35,"nearest_branch_id":"BD01","distance_to_nearest_m":1135}},{"type":"Feature","geometry":{"type":"Point","coordinates":[55.276396,25.208337]},"properties":{"competitor_id":"n4535442028","name":"HairPlay Extensions","category":"hairdresser","tier":"value","rating":4.37,"nearest_branch_id":"BD03","distance_to_nearest_m":1461}},{"type":"Feature","geometry":{"type":"Point","coordinates":[55.25052,25.174077]},"properties":{"competitor_id":"n4568729466","name":"Ladies","category":"hairdresser","tier":"value","rating":4.57,"nearest_branch_id":"BD06","distance_to_nearest_m":2903}},{"type":"Feature","geometry":{"type":"Point","coordinates":[55.250622,25.17401]},"properties":{"competitor_id":"n4568729467","name":"Unnamed salon (OSM)","category":"hairdresser","tier":"value","rating":4.27,"nearest_branch_id":"BD06","distance_to_nearest_m":2908}},{"type":"Feature","geometry":{"type":"Point","coordinates":[55.441317,25.199989]},"properties":{"competitor_id":"n4595619308","name":"Grand Flora","category":"beauty_salon","tier":"mid","rating":4.09,"nearest_branch_id":"BD04","distance_to_nearest_m":1612}},{"type":"Feature","geometry":{"type":"Point","coordinates":[55.27745,25.236287]},"properties":{"competitor_id":"n4616427291","name":"Diva Gent's Saloon","category":"hairdresser","tier":"value","rating":4.48,"nearest_branch_id":"BD03","distance_to_nearest_m":3498}},{"type":"Feature","geometry":{"type":"Point","coordinates":[55.195554,25.115362]},"properties":{"competitor_id":"n4645230193","name":"Galina's beauty salon","category":"beauty_salon","tier":"mid","rating":4.59,"nearest_branch_id":"BD07","distance_to_nearest_m":2520}},{"type":"Feature","geometry":{"type":"Point","coordinates":[55.13341,25.140199]},"properties":{"competitor_id":"n4784982342","name":"So Spa","category":"beauty_salon","tier":"premium","rating":4.81,"nearest_branch_id":"BD10","distance_to_nearest_m":2548}},{"type":"Feature","geometry":{"type":"Point","coordinates":[55.20212,25.1138]},"properties":{"competitor_id":"n4788107744","name":"Beauty Me Ladies Saloon","category":"beauty_salon","tier":"mid","rating":4.58,"nearest_branch_id":"BD07","distance_to_nearest_m":1893}},{"type":"Feature","geometry":{"type":"Point","coordinates":[55.144997,25.079877]},"properties":{"competitor_id":"n4820993922","name":"Vintage Barbers","category":"hairdresser","tier":"value","rating":4.46,"nearest_branch_id":"BD09","distance_to_nearest_m":3793}},{"type":"Feature","geometry":{"type":"Point","coordinates":[55.231887,25.190798]},"properties":{"competitor_id":"n4890578200","name":"The Makover House","category":"beauty_salon","tier":"mid","rating":3.46,"nearest_branch_id":"BD06","distance_to_nearest_m":3494}},{"type":"Feature","geometry":{"type":"Point","coordinates":[55.225442,25.182562]},"properties":{"competitor_id":"n4890614655","name":"Dermatology & Laser Clinic","category":"beauty_salon","tier":"premium","rating":4.85,"nearest_branch_id":"BD06","distance_to_nearest_m":2536}},{"type":"Feature","geometry":{"type":"Point","coordinates":[55.224481,25.181216]},"properties":{"competitor_id":"n4890614679","name":"Derma Zone","category":"beauty_salon","tier":"mid","rating":4.62,"nearest_branch_id":"BD06","distance_to_nearest_m":2393}},{"type":"Feature","geometry":{"type":"Point","coordinates":[55.222112,25.178041]},"properties":{"competitor_id":"n4890625496","name":"Fix Salon","category":"hairdresser","tier":"value","rating":5.0,"nearest_branch_id":"BD06","distance_to_nearest_m":2077}},{"type":"Feature","geometry":{"type":"Point","coordinates":[55.215133,25.169252]},"properties":{"competitor_id":"n4890657390","name":"Racho Salon","category":"hairdresser","tier":"value","rating":4.4,"nearest_branch_id":"BD06","distance_to_nearest_m":1547}},{"type":"Feature","geometry":{"type":"Point","coordinates":[55.205883,25.158185]},"properties":{"competitor_id":"n4890667888","name":"Blow Out","category":"beauty_salon","tier":"mid","rating":4.66,"nearest_branch_id":"BD06","distance_to_nearest_m":2071}},{"type":"Feature","geometry":{"type":"Point","coordinates":[55.202114,25.15363]},"properties":{"competitor_id":"n4890678422","name":"Beach Road Gents Salon","category":"hairdresser","tier":"value","rating":5.0,"nearest_branch_id":"BD06","distance_to_nearest_m":2536}},{"type":"Feature","geometry":{"type":"Point","coordinates":[55.142498,25.083843]},"properties":{"competitor_id":"n4890711688","name":"The Salon","category":"beauty_salon","tier":"mid","rating":4.48,"nearest_branch_id":"BD10","distance_to_nearest_m":3797}},{"type":"Feature","geometry":{"type":"Point","coordinates":[55.235898,25.132843]},"properties":{"competitor_id":"n4892118311","name":"Cute & Amaze Gents Saloon","category":"hairdresser","tier":"value","rating":4.8,"nearest_branch_id":"BD06","distance_to_nearest_m":3142}},{"type":"Feature","geometry":{"type":"Point","coordinates":[55.207356,25.093781]},"properties":{"competitor_id":"n4892436540","name":"Qenta Salon","category":"hairdresser","tier":"value","rating":4.31,"nearest_branch_id":"BD07","distance_to_nearest_m":1296}},{"type":"Feature","geometry":{"type":"Point","coordinates":[55.214484,25.094644]},"properties":{"competitor_id":"n4892833751","name":"Merqab Gents Salon","category":"hairdresser","tier":"value","rating":4.56,"nearest_branch_id":"BD07","distance_to_nearest_m":874}},{"type":"Feature","geometry":{"type":"Point","coordinates":[55.198197,25.092389]},"properties":{"competitor_id":"n4892974383","name":"Al Sayah Gents Saloon","category":"hairdresser","tier":"value","rating":4.22,"nearest_branch_id":"BD07","distance_to_nearest_m":2114}},{"type":"Feature","geometry":{"type":"Point","coordinates":[55.254749,25.220062]},"properties":{"competitor_id":"n4897564037","name":"Braun","category":"beauty_salon","tier":"mid","rating":4.23,"nearest_branch_id":"BD03","distance_to_nearest_m":1505}},{"type":"Feature","geometry":{"type":"Point","coordinates":[55.214461,25.167473]},"properties":{"competitor_id":"n4897686900","name":"Zana Gents Salon","category":"hairdresser","tier":"value","rating":4.93,"nearest_branch_id":"BD06","distance_to_nearest_m":1475}},{"type":"Feature","geometry":{"type":"Point","coordinates":[55.21036,25.162495]},"properties":{"competitor_id":"n4897694086","name":"Chloe's","category":"beauty_salon","tier":"mid","rating":4.55,"nearest_branch_id":"BD06","distance_to_nearest_m":1641}},{"type":"Feature","geometry":{"type":"Point","coordinates":[55.204312,25.109035]},"properties":{"competitor_id":"n4897815902","name":"Elite Touch","category":"spa","tier":"premium","rating":4.8,"nearest_branch_id":"BD07","distance_to_nearest_m":1396}},{"type":"Feature","geometry":{"type":"Point","coordinates":[55.204736,25.109542]},"properties":{"competitor_id":"n4897815905","name":"Salon Millennium","category":"hairdresser","tier":"value","rating":3.92,"nearest_branch_id":"BD07","distance_to_nearest_m":1391}},{"type":"Feature","geometry":{"type":"Point","coordinates":[55.205497,25.110513]},"properties":{"competitor_id":"n4897815920","name":"Face 2 Face","category":"beauty_salon","tier":"mid","rating":4.48,"nearest_branch_id":"BD07","distance_to_nearest_m":1396}},{"type":"Feature","geometry":{"type":"Point","coordinates":[55.205723,25.110799]},"properties":{"competitor_id":"n4897839021","name":"Moataz Arim Saloon","category":"hairdresser","tier":"value","rating":3.76,"nearest_branch_id":"BD07","distance_to_nearest_m":1400}},{"type":"Feature","geometry":{"type":"Point","coordinates":[55.205611,25.113161]},"properties":{"competitor_id":"n4897839052","name":"Xpress Gents Salon","category":"hairdresser","tier":"value","rating":4.18,"nearest_branch_id":"BD07","distance_to_nearest_m":1595}},{"type":"Feature","geometry":{"type":"Point","coordinates":[55.202551,25.110646]},"properties":{"competitor_id":"n4898146276","name":"Full Moon","category":"hairdresser","tier":"value","rating":3.99,"nearest_branch_id":"BD07","distance_to_nearest_m":1642}},{"type":"Feature","geometry":{"type":"Point","coordinates":[55.129993,25.046767]},"properties":{"competitor_id":"n4898154873","name":"Magic Touch","category":"beauty_salon","tier":"mid","rating":4.65,"nearest_branch_id":"BD09","distance_to_nearest_m":2500}},{"type":"Feature","geometry":{"type":"Point","coordinates":[55.262966,25.231753]},"properties":{"competitor_id":"n4898199716","name":"Liwa Dates","category":"beauty_salon","tier":"mid","rating":4.58,"nearest_branch_id":"BD03","distance_to_nearest_m":2625}},{"type":"Feature","geometry":{"type":"Point","coordinates":[55.128685,25.048653]},"properties":{"competitor_id":"n4898243802","name":"Gents Salon","category":"hairdresser","tier":"value","rating":4.61,"nearest_branch_id":"BD09","distance_to_nearest_m":2639}},{"type":"Feature","geometry":{"type":"Point","coordinates":[55.12875,25.048641]},"properties":{"competitor_id":"n4898243803","name":"Bellissima Ladies Salon","category":"hairdresser","tier":"value","rating":3.98,"nearest_branch_id":"BD09","distance_to_nearest_m":2632}},{"type":"Feature","geometry":{"type":"Point","coordinates":[55.205842,25.116339]},"properties":{"competitor_id":"n4898302385","name":"Leaders Gents Saloon","category":"hairdresser","tier":"value","rating":4.33,"nearest_branch_id":"BD07","distance_to_nearest_m":1862}},{"type":"Feature","geometry":{"type":"Point","coordinates":[55.203747,25.117038]},"properties":{"competitor_id":"n4898369335","name":"Rose Water Spa Club","category":"spa","tier":"premium","rating":4.42,"nearest_branch_id":"BD07","distance_to_nearest_m":2048}},{"type":"Feature","geometry":{"type":"Point","coordinates":[55.204487,25.116757]},"properties":{"competitor_id":"n4898369339","name":"East Elegance Beauty Salon","category":"beauty_salon","tier":"mid","rating":4.44,"nearest_branch_id":"BD07","distance_to_nearest_m":1978}},{"type":"Feature","geometry":{"type":"Point","coordinates":[55.205688,25.115333]},"properties":{"competitor_id":"n4898369341","name":"New Gents Saloon","category":"hairdresser","tier":"value","rating":4.36,"nearest_branch_id":"BD07","distance_to_nearest_m":1779}},{"type":"Feature","geometry":{"type":"Point","coordinates":[55.205439,25.115585]},"properties":{"competitor_id":"n4898369343","name":"Lemoni - Ladies Saloon","category":"hairdresser","tier":"value","rating":3.49,"nearest_branch_id":"BD07","distance_to_nearest_m":1817}},{"type":"Feature","geometry":{"type":"Point","coordinates":[55.204805,25.115788]},"properties":{"competitor_id":"n4898369347","name":"Olives Spa Club","category":"spa","tier":"premium","rating":4.65,"nearest_branch_id":"BD07","distance_to_nearest_m":1873}},{"type":"Feature","geometry":{"type":"Point","coordinates":[55.204048,25.115915]},"properties":{"competitor_id":"n4898369357","name":"Posh Beauty Centre","category":"beauty_salon","tier":"mid","rating":4.46,"nearest_branch_id":"BD07","distance_to_nearest_m":1931}},{"type":"Feature","geometry":{"type":"Point","coordinates":[55.194242,25.113337]},"properties":{"competitor_id":"n4898449943","name":"The Stylists Salon","category":"beauty_salon","tier":"mid","rating":5.0,"nearest_branch_id":"BD07","distance_to_nearest_m":2512}},{"type":"Feature","geometry":{"type":"Point","coordinates":[55.194148,25.113469]},"properties":{"competitor_id":"n4898449945","name":"Tetaj Hairdressing Saloon","category":"hairdresser","tier":"value","rating":4.76,"nearest_branch_id":"BD07","distance_to_nearest_m":2528}},{"type":"Feature","geometry":{"type":"Point","coordinates":[55.194083,25.113545]},"properties":{"competitor_id":"n4898449946","name":"Kung Fu","category":"beauty_salon","tier":"mid","rating":4.93,"nearest_branch_id":"BD07","distance_to_nearest_m":2538}},{"type":"Feature","geometry":{"type":"Point","coordinates":[55.19493,25.115774]},"properties":{"competitor_id":"n4898449960","name":"Ambiance Beauty","category":"beauty_salon","tier":"mid","rating":4.72,"nearest_branch_id":"BD07","distance_to_nearest_m":2597}},{"type":"Feature","geometry":{"type":"Point","coordinates":[55.194855,25.115723]},"properties":{"competitor_id":"n4898449961","name":"Cedar Salon Gents","category":"hairdresser","tier":"value","rating":4.36,"nearest_branch_id":"BD07","distance_to_nearest_m":2600}},{"type":"Feature","geometry":{"type":"Point","coordinates":[55.195082,25.114529]},"properties":{"competitor_id":"n4898467508","name":"Sona Ladies Saloon","category":"hairdresser","tier":"value","rating":4.31,"nearest_branch_id":"BD07","distance_to_nearest_m":2507}},{"type":"Feature","geometry":{"type":"Point","coordinates":[55.192889,25.114629]},"properties":{"competitor_id":"n4898467822","name":"Saloon Namaste","category":"hairdresser","tier":"value","rating":4.24,"nearest_branch_id":"BD07","distance_to_nearest_m":2702}},{"type":"Feature","geometry":{"type":"Point","coordinates":[55.192964,25.114547]},"properties":{"competitor_id":"n4898467823","name":"Highlife","category":"hairdresser","tier":"value","rating":3.54,"nearest_branch_id":"BD07","distance_to_nearest_m":2691}},{"type":"Feature","geometry":{"type":"Point","coordinates":[55.193286,25.114099]},"properties":{"competitor_id":"n4898467825","name":"Kaizo Beauty Saloon","category":"beauty_salon","tier":"mid","rating":4.56,"nearest_branch_id":"BD07","distance_to_nearest_m":2638}},{"type":"Feature","geometry":{"type":"Point","coordinates":[55.238162,25.134204]},"properties":{"competitor_id":"n4899739886","name":"Quality Hairdressing Saloon","category":"hairdresser","tier":"value","rating":4.05,"nearest_branch_id":"BD06","distance_to_nearest_m":3079}},{"type":"Feature","geometry":{"type":"Point","coordinates":[55.191919,25.112485]},"properties":{"competitor_id":"n4899843728","name":"Aljuma Gents Salon","category":"hairdresser","tier":"value","rating":4.6,"nearest_branch_id":"BD07","distance_to_nearest_m":2678}},{"type":"Feature","geometry":{"type":"Point","coordinates":[55.191808,25.112619]},"properties":{"competitor_id":"n4899843731","name":"Silver Gents Saloon","category":"hairdresser","tier":"value","rating":3.93,"nearest_branch_id":"BD07","distance_to_nearest_m":2694}},{"type":"Feature","geometry":{"type":"Point","coordinates":[55.191655,25.112809]},"properties":{"competitor_id":"n4899843735","name":"Seier Shades Salon","category":"beauty_salon","tier":"mid","rating":4.67,"nearest_branch_id":"BD07","distance_to_nearest_m":2717}},{"type":"Feature","geometry":{"type":"Point","coordinates":[55.191442,25.113073]},"properties":{"competitor_id":"n4899843742","name":"Alpardoos","category":"hairdresser","tier":"value","rating":3.92,"nearest_branch_id":"BD07","distance_to_nearest_m":2749}},{"type":"Feature","geometry":{"type":"Point","coordinates":[55.190823,25.112746]},"properties":{"competitor_id":"n4899843746","name":"Al Warodo Personal Care Centre","category":"spa","tier":"premium","rating":4.51,"nearest_branch_id":"BD07","distance_to_nearest_m":2791}},{"type":"Feature","geometry":{"type":"Point","coordinates":[55.203375,25.113197]},"properties":{"competitor_id":"n4900095599","name":"Al Salter Salon","category":"hairdresser","tier":"value","rating":3.95,"nearest_branch_id":"BD07","distance_to_nearest_m":1755}},{"type":"Feature","geometry":{"type":"Point","coordinates":[55.203964,25.113096]},"properties":{"competitor_id":"n4900095601","name":"Cut & Trim","category":"hairdresser","tier":"value","rating":3.76,"nearest_branch_id":"BD07","distance_to_nearest_m":1704}},{"type":"Feature","geometry":{"type":"Point","coordinates":[55.204994,25.112254]},"properties":{"competitor_id":"n4900095608","name":"Leaders Gents Saloon","category":"hairdresser","tier":"value","rating":4.5,"nearest_branch_id":"BD07","distance_to_nearest_m":1564}},{"type":"Feature","geometry":{"type":"Point","coordinates":[55.204962,25.11221]},"properties":{"competitor_id":"n4900095609","name":"Maria","category":"beauty_salon","tier":"mid","rating":4.15,"nearest_branch_id":"BD07","distance_to_nearest_m":1563}},{"type":"Feature","geometry":{"type":"Point","coordinates":[55.204927,25.112167]},"properties":{"competitor_id":"n4900095610","name":"Curls Style Ladies Saloon","category":"hairdresser","tier":"value","rating":4.2,"nearest_branch_id":"BD07","distance_to_nearest_m":1563}},{"type":"Feature","geometry":{"type":"Point","coordinates":[55.204883,25.112107]},"properties":{"competitor_id":"n4900095611","name":"Al Milad Gents Saloon","category":"hairdresser","tier":"value","rating":4.14,"nearest_branch_id":"BD07","distance_to_nearest_m":1561}},{"type":"Feature","geometry":{"type":"Point","coordinates":[55.20245,25.114617]},"properties":{"competitor_id":"n4900096723","name":"Best Saloon","category":"hairdresser","tier":"value","rating":4.36,"nearest_branch_id":"BD07","distance_to_nearest_m":1931}},{"type":"Feature","geometry":{"type":"Point","coordinates":[55.203789,25.114837]},"properties":{"competitor_id":"n4900096733","name":"Before & After","category":"hairdresser","tier":"value","rating":3.85,"nearest_branch_id":"BD07","distance_to_nearest_m":1856}},{"type":"Feature","geometry":{"type":"Point","coordinates":[55.195058,25.116223]},"properties":{"competitor_id":"n4900332685","name":"Mirrors Gents Saloon","category":"hairdresser","tier":"value","rating":3.78,"nearest_branch_id":"BD07","distance_to_nearest_m":2616}},{"type":"Feature","geometry":{"type":"Point","coordinates":[55.194257,25.115036]},"properties":{"competitor_id":"n4902136054","name":"Glitx Beauty Centre","category":"beauty_salon","tier":"mid","rating":4.49,"nearest_branch_id":"BD07","distance_to_nearest_m":2608}},{"type":"Feature","geometry":{"type":"Point","coordinates":[55.193308,25.112652]},"properties":{"competitor_id":"n4902136063","name":"Glitz","category":"beauty_salon","tier":"mid","rating":4.79,"nearest_branch_id":"BD07","distance_to_nearest_m":2560}},{"type":"Feature","geometry":{"type":"Point","coordinates":[55.19319,25.112445]},"properties":{"competitor_id":"n4902136065","name":"Gents Saloon","category":"hairdresser","tier":"value","rating":4.93,"nearest_branch_id":"BD07","distance_to_nearest_m":2561}},{"type":"Feature","geometry":{"type":"Point","coordinates":[55.190997,25.113176]},"properties":{"competitor_id":"n4902136067","name":"Piccadilly","category":"spa","tier":"premium","rating":4.32,"nearest_branch_id":"BD07","distance_to_nearest_m":2795}},{"type":"Feature","geometry":{"type":"Point","coordinates":[55.189961,25.112449]},"properties":{"competitor_id":"n4902136074","name":"Al Warood","category":"hairdresser","tier":"value","rating":5.0,"nearest_branch_id":"BD07","distance_to_nearest_m":2857}},{"type":"Feature","geometry":{"type":"Point","coordinates":[55.201851,25.112999]},"properties":{"competitor_id":"n4902237277","name":"Clipers","category":"hairdresser","tier":"value","rating":4.71,"nearest_branch_id":"BD07","distance_to_nearest_m":1855}},{"type":"Feature","geometry":{"type":"Point","coordinates":[55.222567,25.122836]},"properties":{"competitor_id":"n4902288971","name":"Gents Saloon","category":"hairdresser","tier":"value","rating":3.99,"nearest_branch_id":"BD07","distance_to_nearest_m":2367}},{"type":"Feature","geometry":{"type":"Point","coordinates":[55.204772,25.11473]},"properties":{"competitor_id":"n4902950496","name":"Florida","category":"beauty_salon","tier":"mid","rating":4.85,"nearest_branch_id":"BD07","distance_to_nearest_m":1783}},{"type":"Feature","geometry":{"type":"Point","coordinates":[55.276055,25.237224]},"properties":{"competitor_id":"n4904444643","name":"City Style","category":"hairdresser","tier":"value","rating":3.92,"nearest_branch_id":"BD03","distance_to_nearest_m":3532}},{"type":"Feature","geometry":{"type":"Point","coordinates":[55.258923,25.221968]},"properties":{"competitor_id":"n4904707784","name":"Avani","category":"beauty_salon","tier":"mid","rating":4.96,"nearest_branch_id":"BD03","distance_to_nearest_m":1563}},{"type":"Feature","geometry":{"type":"Point","coordinates":[55.253257,25.218113]},"properties":{"competitor_id":"n4904808143","name":"TIGI Concept Salon","category":"beauty_salon","tier":"mid","rating":4.35,"nearest_branch_id":"BD03","distance_to_nearest_m":1405}},{"type":"Feature","geometry":{"type":"Point","coordinates":[55.262761,25.221036]},"properties":{"competitor_id":"n4904836363","name":"Derma Care","category":"beauty_salon","tier":"mid","rating":4.39,"nearest_branch_id":"BD03","distance_to_nearest_m":1434}},{"type":"Feature","geometry":{"type":"Point","coordinates":[55.24922,25.200937]},"properties":{"competitor_id":"n4904888423","name":"Hava Gents Salon","category":"hairdresser","tier":"value","rating":4.85,"nearest_branch_id":"BD03","distance_to_nearest_m":1505}},{"type":"Feature","geometry":{"type":"Point","coordinates":[55.245873,25.196193]},"properties":{"competitor_id":"n4904888450","name":"Mona Beauty Centre","category":"beauty_salon","tier":"mid","rating":4.85,"nearest_branch_id":"BD03","distance_to_nearest_m":2088}},{"type":"Feature","geometry":{"type":"Point","coordinates":[55.231142,25.174955]},"properties":{"competitor_id":"n4904921489","name":"Hi Beauty Salon","category":"beauty_salon","tier":"mid","rating":4.35,"nearest_branch_id":"BD06","distance_to_nearest_m":1755}},{"type":"Feature","geometry":{"type":"Point","coordinates":[55.277186,25.237005]},"properties":{"competitor_id":"n4904955741","name":"Hollywood Gents Saloon","category":"hairdresser","tier":"value","rating":3.83,"nearest_branch_id":"BD03","distance_to_nearest_m":3558}},{"type":"Feature","geometry":{"type":"Point","coordinates":[55.261989,25.21875]},"properties":{"competitor_id":"n4906050102","name":"Hair Repair","category":"hairdresser","tier":"value","rating":3.91,"nearest_branch_id":"BD03","distance_to_nearest_m":1177}},{"type":"Feature","geometry":{"type":"Point","coordinates":[55.261175,25.21749]},"properties":{"competitor_id":"n4906050105","name":"Essence","category":"beauty_salon","tier":"mid","rating":4.45,"nearest_branch_id":"BD03","distance_to_nearest_m":1039}},{"type":"Feature","geometry":{"type":"Point","coordinates":[55.26098,25.217177]},"properties":{"competitor_id":"n4906050108","name":"Ahasees Spa Center","category":"beauty_salon","tier":"premium","rating":4.77,"nearest_branch_id":"BD03","distance_to_nearest_m":1006}},{"type":"Feature","geometry":{"type":"Point","coordinates":[55.25836,25.213317]},"properties":{"competitor_id":"n4906057392","name":"Phi Brows","category":"beauty_salon","tier":"mid","rating":4.75,"nearest_branch_id":"BD03","distance_to_nearest_m":673}},{"type":"Feature","geometry":{"type":"Point","coordinates":[55.25483,25.207959]},"properties":{"competitor_id":"n4906073770","name":"Aveda","category":"beauty_salon","tier":"mid","rating":4.78,"nearest_branch_id":"BD03","distance_to_nearest_m":708}},{"type":"Feature","geometry":{"type":"Point","coordinates":[55.25443,25.207423]},"properties":{"competitor_id":"n4906073773","name":"Mademoiselle","category":"beauty_salon","tier":"mid","rating":4.16,"nearest_branch_id":"BD03","distance_to_nearest_m":753}},{"type":"Feature","geometry":{"type":"Point","coordinates":[55.229068,25.171062]},"properties":{"competitor_id":"n4906173343","name":"Snob","category":"beauty_salon","tier":"mid","rating":4.44,"nearest_branch_id":"BD06","distance_to_nearest_m":1284}},{"type":"Feature","geometry":{"type":"Point","coordinates":[55.143505,25.070743]},"properties":{"competitor_id":"n4906221425","name":"Brusko Barbers","category":"hairdresser","tier":"value","rating":4.04,"nearest_branch_id":"BD09","distance_to_nearest_m":2881}},{"type":"Feature","geometry":{"type":"Point","coordinates":[55.143659,25.071159]},"properties":{"competitor_id":"n4906229121","name":"Kids Salon","category":"hairdresser","tier":"value","rating":4.03,"nearest_branch_id":"BD09","distance_to_nearest_m":2918}},{"type":"Feature","geometry":{"type":"Point","coordinates":[55.401875,25.225664]},"properties":{"competitor_id":"n4906242893","name":"Alfa Gents Saloon","category":"beauty_salon","tier":"mid","rating":4.91,"nearest_branch_id":"BD01","distance_to_nearest_m":2181}},{"type":"Feature","geometry":{"type":"Point","coordinates":[55.383379,25.225228]},"properties":{"competitor_id":"n4906297026","name":"New Look","category":"beauty_salon","tier":"mid","rating":4.22,"nearest_branch_id":"BD01","distance_to_nearest_m":4018}},{"type":"Feature","geometry":{"type":"Point","coordinates":[55.276813,25.234047]},"properties":{"competitor_id":"n4906303214","name":"Perfect Style","category":"hairdresser","tier":"value","rating":3.68,"nearest_branch_id":"BD03","distance_to_nearest_m":3247}},{"type":"Feature","geometry":{"type":"Point","coordinates":[55.275789,25.234841]},"properties":{"competitor_id":"n4906303217","name":"Hassan Mubarak","category":"hairdresser","tier":"value","rating":3.58,"nearest_branch_id":"BD03","distance_to_nearest_m":3280}},{"type":"Feature","geometry":{"type":"Point","coordinates":[55.147804,25.076959]},"properties":{"competitor_id":"n4906306222","name":"Sharp","category":"hairdresser","tier":"value","rating":4.19,"nearest_branch_id":"BD09","distance_to_nearest_m":3411}},{"type":"Feature","geometry":{"type":"Point","coordinates":[55.277363,25.234475]},"properties":{"competitor_id":"n4906324877","name":"Emmanuel Gents","category":"hairdresser","tier":"value","rating":4.28,"nearest_branch_id":"BD03","distance_to_nearest_m":3315}},{"type":"Feature","geometry":{"type":"Point","coordinates":[55.380964,25.227513]},"properties":{"competitor_id":"n4906350907","name":"Ijaz","category":"hairdresser","tier":"value","rating":4.89,"nearest_branch_id":"BD01","distance_to_nearest_m":4289}},{"type":"Feature","geometry":{"type":"Point","coordinates":[55.380536,25.226127]},"properties":{"competitor_id":"n4906350916","name":"Safwana Gents Saloon","category":"beauty_salon","tier":"mid","rating":4.55,"nearest_branch_id":"BD01","distance_to_nearest_m":4312}},{"type":"Feature","geometry":{"type":"Point","coordinates":[55.385137,25.215506]},"properties":{"competitor_id":"n4906427463","name":"Al Diwan","category":"beauty_salon","tier":"mid","rating":4.35,"nearest_branch_id":"BD01","distance_to_nearest_m":3888}},{"type":"Feature","geometry":{"type":"Point","coordinates":[55.149205,25.087941]},"properties":{"competitor_id":"n4910974176","name":"Haircut 86","category":"hairdresser","tier":"value","rating":3.92,"nearest_branch_id":"BD10","distance_to_nearest_m":3563}},{"type":"Feature","geometry":{"type":"Point","coordinates":[55.14893,25.087903]},"properties":{"competitor_id":"n4910974180","name":"Moon Light","category":"beauty_salon","tier":"mid","rating":4.91,"nearest_branch_id":"BD10","distance_to_nearest_m":3555}},{"type":"Feature","geometry":{"type":"Point","coordinates":[55.14827,25.088374]},"properties":{"competitor_id":"n4910987244","name":"Hairzotic","category":"hairdresser","tier":"value","rating":4.02,"nearest_branch_id":"BD10","distance_to_nearest_m":3482}},{"type":"Feature","geometry":{"type":"Point","coordinates":[55.146659,25.081371]},"properties":{"competitor_id":"n4910999052","name":"Gladys","category":"beauty_salon","tier":"mid","rating":4.68,"nearest_branch_id":"BD09","distance_to_nearest_m":3915}},{"type":"Feature","geometry":{"type":"Point","coordinates":[55.14485,25.079743]},"properties":{"competitor_id":"n4910999054","name":"Pink Massage & Spa","category":"beauty_salon","tier":"premium","rating":4.83,"nearest_branch_id":"BD09","distance_to_nearest_m":3783}},{"type":"Feature","geometry":{"type":"Point","coordinates":[55.144445,25.07935]},"properties":{"competitor_id":"n4910999055","name":"Nail Candy","category":"beauty_salon","tier":"mid","rating":4.11,"nearest_branch_id":"BD09","distance_to_nearest_m":3752}},{"type":"Feature","geometry":{"type":"Point","coordinates":[55.135636,25.071674]},"properties":{"competitor_id":"n4911017507","name":"Libery Spa","category":"beauty_salon","tier":"premium","rating":4.54,"nearest_branch_id":"BD09","distance_to_nearest_m":3361}},{"type":"Feature","geometry":{"type":"Point","coordinates":[55.196353,25.129099]},"properties":{"competitor_id":"n4911033485","name":"Natural Healing Spa","category":"beauty_salon","tier":"premium","rating":4.5,"nearest_branch_id":"BD07","distance_to_nearest_m":3573}},{"type":"Feature","geometry":{"type":"Point","coordinates":[55.183911,25.123897]},"properties":{"competitor_id":"n4911049310","name":"Blue Zayku Gents Salon","category":"hairdresser","tier":"value","rating":4.45,"nearest_branch_id":"BD07","distance_to_nearest_m":4025}},{"type":"Feature","geometry":{"type":"Point","coordinates":[55.168633,25.105628]},"properties":{"competitor_id":"n4911075758","name":"Nail Corner","category":"beauty_salon","tier":"mid","rating":4.99,"nearest_branch_id":"BD10","distance_to_nearest_m":3618}},{"type":"Feature","geometry":{"type":"Point","coordinates":[55.135286,25.070776]},"properties":{"competitor_id":"n4911171672","name":"Desire Ladies Beauty Salon","category":"beauty_salon","tier":"mid","rating":4.19,"nearest_branch_id":"BD09","distance_to_nearest_m":3300}},{"type":"Feature","geometry":{"type":"Point","coordinates":[55.256209,25.173923]},"properties":{"competitor_id":"n4911210083","name":"Al Nadiah Beauty Salon","category":"beauty_salon","tier":"mid","rating":4.84,"nearest_branch_id":"BD06","distance_to_nearest_m":3389}},{"type":"Feature","geometry":{"type":"Point","coordinates":[55.255239,25.172689]},"properties":{"competitor_id":"n4911210101","name":"Saloon","category":"beauty_salon","tier":"mid","rating":4.54,"nearest_branch_id":"BD06","distance_to_nearest_m":3239}},{"type":"Feature","geometry":{"type":"Point","coordinates":[55.255319,25.172777]},"properties":{"competitor_id":"n4911210104","name":"Boulevard Gents Saloon","category":"hairdresser","tier":"value","rating":3.98,"nearest_branch_id":"BD06","distance_to_nearest_m":3251}},{"type":"Feature","geometry":{"type":"Point","coordinates":[55.277181,25.237342]},"properties":{"competitor_id":"n4911248120","name":"Zahrat","category":"beauty_salon","tier":"mid","rating":4.49,"nearest_branch_id":"BD03","distance_to_nearest_m":3591}},{"type":"Feature","geometry":{"type":"Point","coordinates":[55.276297,25.239039]},"properties":{"competitor_id":"n4911249226","name":"Delux Salon","category":"beauty_salon","tier":"mid","rating":4.41,"nearest_branch_id":"BD03","distance_to_nearest_m":3727}},{"type":"Feature","geometry":{"type":"Point","coordinates":[55.388157,25.229147]},"properties":{"competitor_id":"n4911267720","name":"Golden Fingers Saloon","category":"beauty_salon","tier":"mid","rating":4.28,"nearest_branch_id":"BD01","distance_to_nearest_m":3612}},{"type":"Feature","geometry":{"type":"Point","coordinates":[55.145899,25.088167]},"properties":{"competitor_id":"n4911299971","name":"Version-Francaise","category":"beauty_salon","tier":"mid","rating":4.82,"nearest_branch_id":"BD10","distance_to_nearest_m":3420}},{"type":"Feature","geometry":{"type":"Point","coordinates":[55.14644,25.088421]},"properties":{"competitor_id":"n4911299976","name":"Nail","category":"beauty_salon","tier":"mid","rating":4.67,"nearest_branch_id":"BD10","distance_to_nearest_m":3411}},{"type":"Feature","geometry":{"type":"Point","coordinates":[55.148533,25.087376]},"properties":{"competitor_id":"n4911299986","name":"Version-Francaise","category":"beauty_salon","tier":"mid","rating":4.74,"nearest_branch_id":"BD10","distance_to_nearest_m":3594}},{"type":"Feature","geometry":{"type":"Point","coordinates":[55.272915,25.230629]},"properties":{"competitor_id":"n4911325407","name":"Fly Away","category":"beauty_salon","tier":"mid","rating":4.42,"nearest_branch_id":"BD03","distance_to_nearest_m":2734}},{"type":"Feature","geometry":{"type":"Point","coordinates":[55.142207,25.079038]},"properties":{"competitor_id":"n4911325810","name":"Beauty Salon","category":"beauty_salon","tier":"mid","rating":4.4,"nearest_branch_id":"BD09","distance_to_nearest_m":3788}},{"type":"Feature","geometry":{"type":"Point","coordinates":[55.131425,25.075678]},"properties":{"competitor_id":"n4911327341","name":"Spa Eoccitane","category":"beauty_salon","tier":"premium","rating":4.84,"nearest_branch_id":"BD09","distance_to_nearest_m":3970}},{"type":"Feature","geometry":{"type":"Point","coordinates":[55.27808,25.234218]},"properties":{"competitor_id":"n4911547857","name":"Mushrif Saloon","category":"hairdresser","tier":"value","rating":3.78,"nearest_branch_id":"BD03","distance_to_nearest_m":3324}},{"type":"Feature","geometry":{"type":"Point","coordinates":[55.28429,25.189968]},"properties":{"competitor_id":"n4911617438","name":"Touches","category":"hairdresser","tier":"value","rating":4.72,"nearest_branch_id":"BD03","distance_to_nearest_m":3029}},{"type":"Feature","geometry":{"type":"Point","coordinates":[55.275207,25.231354]},"properties":{"competitor_id":"n4911637814","name":"Hassan Hamdan Gents Saloon","category":"hairdresser","tier":"value","rating":4.7,"nearest_branch_id":"BD03","distance_to_nearest_m":2907}},{"type":"Feature","geometry":{"type":"Point","coordinates":[55.275974,25.232594]},"properties":{"competitor_id":"n4911637818","name":"Shmookh Al Madeena Saloon","category":"hairdresser","tier":"value","rating":3.73,"nearest_branch_id":"BD03","distance_to_nearest_m":3065}},{"type":"Feature","geometry":{"type":"Point","coordinates":[55.277395,25.235174]},"properties":{"competitor_id":"n4911638234","name":"Evolution Gents","category":"hairdresser","tier":"value","rating":4.13,"nearest_branch_id":"BD03","distance_to_nearest_m":3385}},{"type":"Feature","geometry":{"type":"Point","coordinates":[55.277509,25.23509]},"properties":{"competitor_id":"n4911638237","name":"Infinity Gents Saloon","category":"hairdresser","tier":"value","rating":3.94,"nearest_branch_id":"BD03","distance_to_nearest_m":3382}},{"type":"Feature","geometry":{"type":"Point","coordinates":[55.278571,25.18711]},"properties":{"competitor_id":"n4912953151","name":"Your Style","category":"beauty_salon","tier":"mid","rating":4.47,"nearest_branch_id":"BD03","distance_to_nearest_m":2881}},{"type":"Feature","geometry":{"type":"Point","coordinates":[55.428079,25.199084]},"properties":{"competitor_id":"n4913404688","name":"Unnamed salon (OSM)","category":"beauty_salon","tier":"mid","rating":4.78,"nearest_branch_id":"BD04","distance_to_nearest_m":1152}},{"type":"Feature","geometry":{"type":"Point","coordinates":[55.380046,25.206219]},"properties":{"competitor_id":"n4913424495","name":"Thaqeb Gents Saloon","category":"hairdresser","tier":"value","rating":3.67,"nearest_branch_id":"BD01","distance_to_nearest_m":4671}},{"type":"Feature","geometry":{"type":"Point","coordinates":[55.40696,25.205906]},"properties":{"competitor_id":"n4913533799","name":"New Look One","category":"beauty_salon","tier":"mid","rating":4.8,"nearest_branch_id":"BD01","distance_to_nearest_m":2406}},{"type":"Feature","geometry":{"type":"Point","coordinates":[55.252304,25.164669]},"properties":{"competitor_id":"n4913802662","name":"East Tower Gents Saloon","category":"hairdresser","tier":"value","rating":4.78,"nearest_branch_id":"BD06","distance_to_nearest_m":2664}},{"type":"Feature","geometry":{"type":"Point","coordinates":[55.254449,25.16265]},"properties":{"competitor_id":"n4913802705","name":"Good Look Gents Saloon","category":"hairdresser","tier":"value","rating":4.17,"nearest_branch_id":"BD06","distance_to_nearest_m":2842}},{"type":"Feature","geometry":{"type":"Point","coordinates":[55.256775,25.167557]},"properties":{"competitor_id":"n4913802952","name":"Young Star Gents Saloon","category":"beauty_salon","tier":"mid","rating":4.23,"nearest_branch_id":"BD06","distance_to_nearest_m":3178}},{"type":"Feature","geometry":{"type":"Point","coordinates":[55.20162,25.060506]},"properties":{"competitor_id":"n4915051071","name":"The Barber Shop","category":"hairdresser","tier":"value","rating":3.97,"nearest_branch_id":"BD07","distance_to_nearest_m":4877}},{"type":"Feature","geometry":{"type":"Point","coordinates":[55.210458,25.066527]},"properties":{"competitor_id":"n4915115658","name":"Gents Salon","category":"hairdresser","tier":"value","rating":3.96,"nearest_branch_id":"BD07","distance_to_nearest_m":4025}},{"type":"Feature","geometry":{"type":"Point","coordinates":[55.210481,25.066618]},"properties":{"competitor_id":"n4915115659","name":"Beauty Saloon","category":"beauty_salon","tier":"mid","rating":4.61,"nearest_branch_id":"BD07","distance_to_nearest_m":4015}},{"type":"Feature","geometry":{"type":"Point","coordinates":[55.43824,25.191877]},"properties":{"competitor_id":"n4915199425","name":"Control","category":"beauty_salon","tier":"mid","rating":4.48,"nearest_branch_id":"BD04","distance_to_nearest_m":810}},{"type":"Feature","geometry":{"type":"Point","coordinates":[55.398005,25.165283]},"properties":{"competitor_id":"n4915587986","name":"Unique Gents Care","category":"spa","tier":"premium","rating":4.91,"nearest_branch_id":"BD05","distance_to_nearest_m":4037}},{"type":"Feature","geometry":{"type":"Point","coordinates":[55.402856,25.164144]},"properties":{"competitor_id":"n4915587987","name":"La Diva Ladies Beauty Saloon","category":"beauty_salon","tier":"mid","rating":4.08,"nearest_branch_id":"BD04","distance_to_nearest_m":3946}},{"type":"Feature","geometry":{"type":"Point","coordinates":[55.405291,25.163861]},"properties":{"competitor_id":"n4915587988","name":"Pro Beauty Shop","category":"beauty_salon","tier":"mid","rating":4.42,"nearest_branch_id":"BD04","distance_to_nearest_m":3798}},{"type":"Feature","geometry":{"type":"Point","coordinates":[55.423408,25.187939]},"properties":{"competitor_id":"n4915680332","name":"Samaa Alwarqaa","category":"beauty_salon","tier":"mid","rating":4.82,"nearest_branch_id":"BD04","distance_to_nearest_m":756}},{"type":"Feature","geometry":{"type":"Point","coordinates":[55.245923,25.155341]},"properties":{"competitor_id":"n4915697955","name":"Bab Al madina Gents Saloon","category":"hairdresser","tier":"value","rating":4.52,"nearest_branch_id":"BD06","distance_to_nearest_m":2026}},{"type":"Feature","geometry":{"type":"Point","coordinates":[55.243807,25.151589]},"properties":{"competitor_id":"n4915698011","name":"Suwalef Gents Saloon","category":"hairdresser","tier":"value","rating":4.32,"nearest_branch_id":"BD06","distance_to_nearest_m":1974}},{"type":"Feature","geometry":{"type":"Point","coordinates":[55.244223,25.151986]},"properties":{"competitor_id":"n4915698018","name":"Al Azdhar Meditation Centre","category":"beauty_salon","tier":"mid","rating":4.63,"nearest_branch_id":"BD06","distance_to_nearest_m":1992}},{"type":"Feature","geometry":{"type":"Point","coordinates":[55.406561,25.164062]},"properties":{"competitor_id":"n4915711723","name":"Al Jabal Spa","category":"beauty_salon","tier":"premium","rating":4.63,"nearest_branch_id":"BD04","distance_to_nearest_m":3696}},{"type":"Feature","geometry":{"type":"Point","coordinates":[55.2466,25.154107]},"properties":{"competitor_id":"n4915747953","name":"Sowalef Gents Salon","category":"hairdresser","tier":"value","rating":4.71,"nearest_branch_id":"BD06","distance_to_nearest_m":2129}},{"type":"Feature","geometry":{"type":"Point","coordinates":[55.247031,25.154471]},"properties":{"competitor_id":"n4915747967","name":"Madras Saloon","category":"hairdresser","tier":"value","rating":4.51,"nearest_branch_id":"BD06","distance_to_nearest_m":2159}},{"type":"Feature","geometry":{"type":"Point","coordinates":[55.247656,25.15503]},"properties":{"competitor_id":"n4915747980","name":"Abdulla Hussain Gents Saloon","category":"hairdresser","tier":"value","rating":4.6,"nearest_branch_id":"BD06","distance_to_nearest_m":2204}},{"type":"Feature","geometry":{"type":"Point","coordinates":[55.248848,25.156081]},"properties":{"competitor_id":"n4915747985","name":"Zamzam Gents Salon","category":"hairdresser","tier":"value","rating":4.68,"nearest_branch_id":"BD06","distance_to_nearest_m":2297}},{"type":"Feature","geometry":{"type":"Point","coordinates":[55.249853,25.156973]},"properties":{"competitor_id":"n4915747996","name":"Good Look Gents Saloon","category":"hairdresser","tier":"value","rating":4.46,"nearest_branch_id":"BD06","distance_to_nearest_m":2382}},{"type":"Feature","geometry":{"type":"Point","coordinates":[55.219754,25.151736]},"properties":{"competitor_id":"n4915748046","name":"Wafic Saab","category":"hairdresser","tier":"value","rating":4.04,"nearest_branch_id":"BD06","distance_to_nearest_m":1114}},{"type":"Feature","geometry":{"type":"Point","coordinates":[55.213403,25.150937]},"properties":{"competitor_id":"n4915748093","name":"Purity","category":"beauty_salon","tier":"mid","rating":4.33,"nearest_branch_id":"BD06","distance_to_nearest_m":1634}},{"type":"Feature","geometry":{"type":"Point","coordinates":[55.211904,25.149057]},"properties":{"competitor_id":"n4915748109","name":"Machka","category":"beauty_salon","tier":"mid","rating":4.4,"nearest_branch_id":"BD06","distance_to_nearest_m":1882}},{"type":"Feature","geometry":{"type":"Point","coordinates":[55.208554,25.144652]},"properties":{"competitor_id":"n4915748175","name":"Swan Spa","category":"beauty_salon","tier":"premium","rating":4.69,"nearest_branch_id":"BD06","distance_to_nearest_m":2458}},{"type":"Feature","geometry":{"type":"Point","coordinates":[55.208503,25.14459]},"properties":{"competitor_id":"n4915748176","name":"Art of Beauty Centre","category":"beauty_salon","tier":"mid","rating":3.95,"nearest_branch_id":"BD06","distance_to_nearest_m":2467}},{"type":"Feature","geometry":{"type":"Point","coordinates":[55.208429,25.144493]},"properties":{"competitor_id":"n4915748178","name":"Healing Feeling","category":"beauty_salon","tier":"mid","rating":4.49,"nearest_branch_id":"BD06","distance_to_nearest_m":2480}},{"type":"Feature","geometry":{"type":"Point","coordinates":[55.208092,25.144197]},"properties":{"competitor_id":"n4915748185","name":"Aroushi Beauty Salon & Spa","category":"beauty_salon","tier":"premium","rating":4.81,"nearest_branch_id":"BD06","distance_to_nearest_m":2527}},{"type":"Feature","geometry":{"type":"Point","coordinates":[55.207751,25.143726]},"properties":{"competitor_id":"n4915748205","name":"Afrina Beauty & Henna","category":"beauty_salon","tier":"mid","rating":4.03,"nearest_branch_id":"BD06","distance_to_nearest_m":2588}},{"type":"Feature","geometry":{"type":"Point","coordinates":[55.205119,25.140288]},"properties":{"competitor_id":"n4915748257","name":"Afrodita","category":"beauty_salon","tier":"mid","rating":4.49,"nearest_branch_id":"BD06","distance_to_nearest_m":3045}},{"type":"Feature","geometry":{"type":"Point","coordinates":[55.251864,25.15882]},"properties":{"competitor_id":"n4915748294","name":"Al Nebras","category":"hairdresser","tier":"value","rating":4.42,"nearest_branch_id":"BD06","distance_to_nearest_m":2566}},{"type":"Feature","geometry":{"type":"Point","coordinates":[55.24941,25.158115]},"properties":{"competitor_id":"n4915748325","name":"Majrial Zumuroo Gents Salon","category":"hairdresser","tier":"value","rating":3.77,"nearest_branch_id":"BD06","distance_to_nearest_m":2324}},{"type":"Feature","geometry":{"type":"Point","coordinates":[55.248845,25.158355]},"properties":{"competitor_id":"n4915748335","name":"Majiq Al Shamsh Gents Saloon","category":"hairdresser","tier":"value","rating":4.37,"nearest_branch_id":"BD06","distance_to_nearest_m":2265}},{"type":"Feature","geometry":{"type":"Point","coordinates":[55.24658,25.156347]},"properties":{"competitor_id":"n4915748363","name":"Pradip Gents Salon","category":"hairdresser","tier":"value","rating":5.0,"nearest_branch_id":"BD06","distance_to_nearest_m":2067}},{"type":"Feature","geometry":{"type":"Point","coordinates":[55.245797,25.155673]},"properties":{"competitor_id":"n4915748373","name":"Madra Saloon","category":"hairdresser","tier":"value","rating":4.5,"nearest_branch_id":"BD06","distance_to_nearest_m":2005}},{"type":"Feature","geometry":{"type":"Point","coordinates":[55.245767,25.155642]},"properties":{"competitor_id":"n4915748374","name":"Abdul Reza Ibrahim Abdulla","category":"hairdresser","tier":"value","rating":5.0,"nearest_branch_id":"BD06","distance_to_nearest_m":2003}},{"type":"Feature","geometry":{"type":"Point","coordinates":[55.245353,25.155274]},"properties":{"competitor_id":"n4915748384","name":"Fathi Gents Saloon","category":"hairdresser","tier":"value","rating":4.45,"nearest_branch_id":"BD06","distance_to_nearest_m":1972}},{"type":"Feature","geometry":{"type":"Point","coordinates":[55.242865,25.153061]},"properties":{"competitor_id":"n4915748405","name":"Al Kashikha Hairdressing Saloon","category":"hairdresser","tier":"value","rating":4.36,"nearest_branch_id":"BD06","distance_to_nearest_m":1818}},{"type":"Feature","geometry":{"type":"Point","coordinates":[55.242751,25.152947]},"properties":{"competitor_id":"n4915748408","name":"Al Mansoora Gents Saloon","category":"hairdresser","tier":"value","rating":3.81,"nearest_branch_id":"BD06","distance_to_nearest_m":1813}},{"type":"Feature","geometry":{"type":"Point","coordinates":[55.248937,25.158021]},"properties":{"competitor_id":"n4917207585","name":"Gents Saloon","category":"hairdresser","tier":"value","rating":4.22,"nearest_branch_id":"BD06","distance_to_nearest_m":2277}},{"type":"Feature","geometry":{"type":"Point","coordinates":[55.24822,25.157389]},"properties":{"competitor_id":"n4917207589","name":"Smart Men Saloon","category":"hairdresser","tier":"value","rating":4.79,"nearest_branch_id":"BD06","distance_to_nearest_m":2213}},{"type":"Feature","geometry":{"type":"Point","coordinates":[55.246052,25.155465]},"properties":{"competitor_id":"n4917207598","name":"Cute Cut Saloon","category":"hairdresser","tier":"value","rating":4.0,"nearest_branch_id":"BD06","distance_to_nearest_m":2036}},{"type":"Feature","geometry":{"type":"Point","coordinates":[55.274067,25.228852]},"properties":{"competitor_id":"n4917296071","name":"Marawan Shameen Salon","category":"hairdresser","tier":"value","rating":4.15,"nearest_branch_id":"BD03","distance_to_nearest_m":2607}},{"type":"Feature","geometry":{"type":"Point","coordinates":[55.274009,25.228766]},"properties":{"competitor_id":"n4917296074","name":"Tawfiq Studio","category":"beauty_salon","tier":"mid","rating":4.58,"nearest_branch_id":"BD03","distance_to_nearest_m":2596}},{"type":"Feature","geometry":{"type":"Point","coordinates":[55.273912,25.228642]},"properties":{"competitor_id":"n4917296078","name":"Almukhalat Perfume","category":"beauty_salon","tier":"mid","rating":4.55,"nearest_branch_id":"BD03","distance_to_nearest_m":2579}},{"type":"Feature","geometry":{"type":"Point","coordinates":[55.442394,25.233117]},"properties":{"competitor_id":"n4917296330","name":"Al Siji Hairdressing Saloon","category":"hairdresser","tier":"value","rating":4.42,"nearest_branch_id":"BD01","distance_to_nearest_m":2306}},{"type":"Feature","geometry":{"type":"Point","coordinates":[55.234108,25.167633]},"properties":{"competitor_id":"n4917321662","name":"Jarnas Saloon","category":"hairdresser","tier":"value","rating":4.85,"nearest_branch_id":"BD06","distance_to_nearest_m":1170}},{"type":"Feature","geometry":{"type":"Point","coordinates":[55.274606,25.227614]},"properties":{"competitor_id":"n4917337607","name":"Dilshad Hairdresser","category":"hairdresser","tier":"value","rating":4.54,"nearest_branch_id":"BD03","distance_to_nearest_m":2513}},{"type":"Feature","geometry":{"type":"Point","coordinates":[55.42083,25.242235]},"properties":{"competitor_id":"n4917351327","name":"Wanasa Gents Salon","category":"hairdresser","tier":"value","rating":3.89,"nearest_branch_id":"BD01","distance_to_nearest_m":2279}},{"type":"Feature","geometry":{"type":"Point","coordinates":[55.275698,25.229065]},"properties":{"competitor_id":"n4917359690","name":"Breeze Saloon","category":"hairdresser","tier":"value","rating":4.18,"nearest_branch_id":"BD03","distance_to_nearest_m":2708}},{"type":"Feature","geometry":{"type":"Point","coordinates":[55.275765,25.228815]},"properties":{"competitor_id":"n4917359692","name":"Jernas Saloon","category":"hairdresser","tier":"value","rating":4.52,"nearest_branch_id":"BD03","distance_to_nearest_m":2688}},{"type":"Feature","geometry":{"type":"Point","coordinates":[55.273642,25.226316]},"properties":{"competitor_id":"n4917362488","name":"White Cloud Gents Salon","category":"hairdresser","tier":"value","rating":4.29,"nearest_branch_id":"BD03","distance_to_nearest_m":2340}},{"type":"Feature","geometry":{"type":"Point","coordinates":[55.273674,25.226362]},"properties":{"competitor_id":"n4917362489","name":"Dilshad Hairdresser","category":"hairdresser","tier":"value","rating":4.28,"nearest_branch_id":"BD03","distance_to_nearest_m":2346}},{"type":"Feature","geometry":{"type":"Point","coordinates":[55.27772,25.231915]},"properties":{"competitor_id":"n4917413004","name":"Al Hajis Perfumes","category":"beauty_salon","tier":"mid","rating":4.51,"nearest_branch_id":"BD03","distance_to_nearest_m":3085}},{"type":"Feature","geometry":{"type":"Point","coordinates":[55.271637,25.222058]},"properties":{"competitor_id":"n4917475456","name":"Jarnas Salon","category":"hairdresser","tier":"value","rating":4.03,"nearest_branch_id":"BD03","distance_to_nearest_m":1831}},{"type":"Feature","geometry":{"type":"Point","coordinates":[55.276131,25.230012]},"properties":{"competitor_id":"n4917492142","name":"Beauty Defined","category":"beauty_salon","tier":"mid","rating":4.97,"nearest_branch_id":"BD03","distance_to_nearest_m":2821}},{"type":"Feature","geometry":{"type":"Point","coordinates":[55.233775,25.179335]},"properties":{"competitor_id":"n4917577356","name":"Beautica Personal Care","category":"beauty_salon","tier":"mid","rating":4.76,"nearest_branch_id":"BD06","distance_to_nearest_m":2299}},{"type":"Feature","geometry":{"type":"Point","coordinates":[55.233837,25.179321]},"properties":{"competitor_id":"n4917577357","name":"Carnival Health Spa","category":"beauty_salon","tier":"premium","rating":4.7,"nearest_branch_id":"BD06","distance_to_nearest_m":2300}},{"type":"Feature","geometry":{"type":"Point","coordinates":[55.196851,25.135247]},"properties":{"competitor_id":"n4917741415","name":"Araana Beauty Salon and Spa","category":"beauty_salon","tier":"premium","rating":4.63,"nearest_branch_id":"BD06","distance_to_nearest_m":4033}},{"type":"Feature","geometry":{"type":"Point","coordinates":[55.226868,25.169765]},"properties":{"competitor_id":"n4917741911","name":"Sasha Beauty Salon","category":"beauty_salon","tier":"mid","rating":4.64,"nearest_branch_id":"BD06","distance_to_nearest_m":1113}},{"type":"Feature","geometry":{"type":"Point","coordinates":[55.204345,25.131213]},"properties":{"competitor_id":"n4917799405","name":"Royal Beauty Salon","category":"beauty_salon","tier":"mid","rating":4.83,"nearest_branch_id":"BD07","distance_to_nearest_m":3416}},{"type":"Feature","geometry":{"type":"Point","coordinates":[55.233087,25.172178]},"properties":{"competitor_id":"n4919199125","name":"Blue Diamond Gents Saloon","category":"hairdresser","tier":"value","rating":3.93,"nearest_branch_id":"BD06","distance_to_nearest_m":1536}},{"type":"Feature","geometry":{"type":"Point","coordinates":[55.396767,25.259432]},"properties":{"competitor_id":"n4919628455","name":"Itqan Gents Salon","category":"beauty_salon","tier":"mid","rating":4.67,"nearest_branch_id":"BD01","distance_to_nearest_m":4950}},{"type":"Feature","geometry":{"type":"Point","coordinates":[55.275606,25.228993]},"properties":{"competitor_id":"n4924455820","name":"Almashreq","category":"hairdresser","tier":"value","rating":4.19,"nearest_branch_id":"BD03","distance_to_nearest_m":2697}},{"type":"Feature","geometry":{"type":"Point","coordinates":[55.253017,25.203478]},"properties":{"competitor_id":"n4924472655","name":"Barcelona Gents Saloon","category":"hairdresser","tier":"value","rating":3.72,"nearest_branch_id":"BD03","distance_to_nearest_m":1031}},{"type":"Feature","geometry":{"type":"Point","coordinates":[55.386253,25.318345]},"properties":{"competitor_id":"n4924741951","name":"Lebanon Beauty Salon","category":"beauty_salon","tier":"mid","rating":4.3,"nearest_branch_id":"BD02","distance_to_nearest_m":4791}},{"type":"Feature","geometry":{"type":"Point","coordinates":[55.402597,25.344749]},"properties":{"competitor_id":"n4924799276","name":"Nayana Ladies Saloon","category":"hairdresser","tier":"value","rating":4.53,"nearest_branch_id":"BD02","distance_to_nearest_m":3031}},{"type":"Feature","geometry":{"type":"Point","coordinates":[55.402959,25.344563]},"properties":{"competitor_id":"n4924817979","name":"Unnamed salon (OSM)","category":"hairdresser","tier":"value","rating":4.55,"nearest_branch_id":"BD02","distance_to_nearest_m":2989}},{"type":"Feature","geometry":{"type":"Point","coordinates":[55.406705,25.372257]},"properties":{"competitor_id":"n4926879658","name":"AL Najma AL Mumaiza Hairdressing Salon","category":"hairdresser","tier":"value","rating":4.41,"nearest_branch_id":"BD02","distance_to_nearest_m":4842}},{"type":"Feature","geometry":{"type":"Point","coordinates":[55.406465,25.371984]},"properties":{"competitor_id":"n4926879660","name":"Al Meria Ladies Salon","category":"beauty_salon","tier":"mid","rating":5.0,"nearest_branch_id":"BD02","distance_to_nearest_m":4827}},{"type":"Feature","geometry":{"type":"Point","coordinates":[55.402592,25.343055]},"properties":{"competitor_id":"n4926883016","name":"Malekat Al Khaleej Beauty Center","category":"beauty_salon","tier":"mid","rating":4.6,"nearest_branch_id":"BD02","distance_to_nearest_m":2965}},{"type":"Feature","geometry":{"type":"Point","coordinates":[55.401484,25.341175]},"properties":{"competitor_id":"n4926915267","name":"Salalah hHair Dressing Salon","category":"beauty_salon","tier":"mid","rating":4.28,"nearest_branch_id":"BD02","distance_to_nearest_m":3011}},{"type":"Feature","geometry":{"type":"Point","coordinates":[55.403196,25.342008]},"properties":{"competitor_id":"n4926915295","name":"Al Shalal","category":"hairdresser","tier":"value","rating":3.58,"nearest_branch_id":"BD02","distance_to_nearest_m":2871}},{"type":"Feature","geometry":{"type":"Point","coordinates":[55.39279,25.333028]},"properties":{"competitor_id":"n4926959362","name":"Trimmers","category":"hairdresser","tier":"value","rating":4.38,"nearest_branch_id":"BD02","distance_to_nearest_m":3792}},{"type":"Feature","geometry":{"type":"Point","coordinates":[55.392418,25.333611]},"properties":{"competitor_id":"n4926959371","name":"Simply Beauty","category":"beauty_salon","tier":"mid","rating":4.87,"nearest_branch_id":"BD02","distance_to_nearest_m":3827}},{"type":"Feature","geometry":{"type":"Point","coordinates":[55.397051,25.361536]},"properties":{"competitor_id":"n4926959929","name":"Anwar Salon","category":"beauty_salon","tier":"mid","rating":4.55,"nearest_branch_id":"BD02","distance_to_nearest_m":4517}},{"type":"Feature","geometry":{"type":"Point","coordinates":[55.401551,25.342475]},"properties":{"competitor_id":"n4927255105","name":"Al Saina Al Safi Ladies Salon","category":"beauty_salon","tier":"mid","rating":4.51,"nearest_branch_id":"BD02","distance_to_nearest_m":3044}},{"type":"Feature","geometry":{"type":"Point","coordinates":[55.401985,25.343943]},"properties":{"competitor_id":"n4927376230","name":"Zahrat Maknes Beauty Salon","category":"beauty_salon","tier":"mid","rating":4.58,"nearest_branch_id":"BD02","distance_to_nearest_m":3056}},{"type":"Feature","geometry":{"type":"Point","coordinates":[55.397877,25.341218]},"properties":{"competitor_id":"n4929473496","name":"Jesr Al Mahabah","category":"hairdresser","tier":"value","rating":4.68,"nearest_branch_id":"BD02","distance_to_nearest_m":3365}},{"type":"Feature","geometry":{"type":"Point","coordinates":[55.397436,25.337223]},"properties":{"competitor_id":"n4929601533","name":"Mohammed Salim Tahir","category":"hairdresser","tier":"value","rating":4.25,"nearest_branch_id":"BD02","distance_to_nearest_m":3337}},{"type":"Feature","geometry":{"type":"Point","coordinates":[55.397287,25.337347]},"properties":{"competitor_id":"n4929601539","name":"3000","category":"hairdresser","tier":"value","rating":4.53,"nearest_branch_id":"BD02","distance_to_nearest_m":3353}},{"type":"Feature","geometry":{"type":"Point","coordinates":[55.394787,25.337612]},"properties":{"competitor_id":"n4929601566","name":"Mehmood Hussain Muhammad","category":"hairdresser","tier":"value","rating":3.91,"nearest_branch_id":"BD02","distance_to_nearest_m":3606}},{"type":"Feature","geometry":{"type":"Point","coordinates":[55.394954,25.337519]},"properties":{"competitor_id":"n4929601567","name":"Indiana Beauty Centre","category":"beauty_salon","tier":"mid","rating":4.64,"nearest_branch_id":"BD02","distance_to_nearest_m":3588}},{"type":"Feature","geometry":{"type":"Point","coordinates":[55.395023,25.337491]},"properties":{"competitor_id":"n4929601568","name":"Pretty Queen","category":"hairdresser","tier":"value","rating":3.81,"nearest_branch_id":"BD02","distance_to_nearest_m":3581}},{"type":"Feature","geometry":{"type":"Point","coordinates":[55.395205,25.337365]},"properties":{"competitor_id":"n4929601570","name":"Al Buraimi","category":"hairdresser","tier":"value","rating":4.03,"nearest_branch_id":"BD02","distance_to_nearest_m":3562}},{"type":"Feature","geometry":{"type":"Point","coordinates":[55.39525,25.337348]},"properties":{"competitor_id":"n4929601571","name":"Jabal Al Waha","category":"hairdresser","tier":"value","rating":4.31,"nearest_branch_id":"BD02","distance_to_nearest_m":3557}},{"type":"Feature","geometry":{"type":"Point","coordinates":[55.396724,25.336594]},"properties":{"competitor_id":"n4929607458","name":"Al Tasafuh","category":"hairdresser","tier":"value","rating":4.16,"nearest_branch_id":"BD02","distance_to_nearest_m":3403}},{"type":"Feature","geometry":{"type":"Point","coordinates":[55.397877,25.336107]},"properties":{"competitor_id":"n4931127506","name":"Thahab Al Asfar Ladies Salon","category":"hairdresser","tier":"value","rating":4.14,"nearest_branch_id":"BD02","distance_to_nearest_m":3283}},{"type":"Feature","geometry":{"type":"Point","coordinates":[55.397806,25.334555]},"properties":{"competitor_id":"n4931128146","name":"Fan Al Qassat","category":"hairdresser","tier":"value","rating":4.56,"nearest_branch_id":"BD02","distance_to_nearest_m":3285}},{"type":"Feature","geometry":{"type":"Point","coordinates":[55.396858,25.335064]},"properties":{"competitor_id":"n4931150870","name":"Al Qeram","category":"hairdresser","tier":"value","rating":4.34,"nearest_branch_id":"BD02","distance_to_nearest_m":3381}},{"type":"Feature","geometry":{"type":"Point","coordinates":[55.397039,25.335498]},"properties":{"competitor_id":"n4931150878","name":"3000","category":"hairdresser","tier":"value","rating":4.05,"nearest_branch_id":"BD02","distance_to_nearest_m":3364}},{"type":"Feature","geometry":{"type":"Point","coordinates":[55.427741,25.26637]},"properties":{"competitor_id":"n4931150919","name":"Jafar Hassan","category":"hairdresser","tier":"value","rating":4.24,"nearest_branch_id":"BD01","distance_to_nearest_m":4972}},{"type":"Feature","geometry":{"type":"Point","coordinates":[55.42738,25.264554]},"properties":{"competitor_id":"n4931210851","name":"Al Sufuh","category":"beauty_salon","tier":"mid","rating":4.76,"nearest_branch_id":"BD01","distance_to_nearest_m":4768}},{"type":"Feature","geometry":{"type":"Point","coordinates":[55.394356,25.33722]},"properties":{"competitor_id":"n4931214748","name":"Al Dhayafah","category":"hairdresser","tier":"value","rating":4.04,"nearest_branch_id":"BD02","distance_to_nearest_m":3645}},{"type":"Feature","geometry":{"type":"Point","coordinates":[55.397646,25.338942]},"properties":{"competitor_id":"n4931274426","name":"Suwaihan Gents Salon","category":"hairdresser","tier":"value","rating":3.93,"nearest_branch_id":"BD02","distance_to_nearest_m":3340}},{"type":"Feature","geometry":{"type":"Point","coordinates":[55.397742,25.338878]},"properties":{"competitor_id":"n4931274427","name":"Zahrat Al Hera","category":"hairdresser","tier":"value","rating":3.67,"nearest_branch_id":"BD02","distance_to_nearest_m":3329}},{"type":"Feature","geometry":{"type":"Point","coordinates":[55.401359,25.339085]},"properties":{"competitor_id":"n4931327301","name":"Unnamed salon (OSM)","category":"hairdresser","tier":"value","rating":4.41,"nearest_branch_id":"BD02","distance_to_nearest_m":2974}},{"type":"Feature","geometry":{"type":"Point","coordinates":[55.395671,25.337986]},"properties":{"competitor_id":"n4931381760","name":"Beauty Dream","category":"beauty_salon","tier":"mid","rating":4.71,"nearest_branch_id":"BD02","distance_to_nearest_m":3522}},{"type":"Feature","geometry":{"type":"Point","coordinates":[55.395652,25.337386]},"properties":{"competitor_id":"n4931381765","name":"Al Rawnaq","category":"hairdresser","tier":"value","rating":3.85,"nearest_branch_id":"BD02","distance_to_nearest_m":3517}},{"type":"Feature","geometry":{"type":"Point","coordinates":[55.396631,25.336841]},"properties":{"competitor_id":"n4931381770","name":"Victoria Ladies Salon","category":"hairdresser","tier":"value","rating":4.9,"nearest_branch_id":"BD02","distance_to_nearest_m":3414}},{"type":"Feature","geometry":{"type":"Point","coordinates":[55.398808,25.335211]},"properties":{"competitor_id":"n4931381813","name":"Gracy Ladies Salon","category":"hairdresser","tier":"value","rating":4.77,"nearest_branch_id":"BD02","distance_to_nearest_m":3186}},{"type":"Feature","geometry":{"type":"Point","coordinates":[55.460246,25.232027]},"properties":{"competitor_id":"n4931441761","name":"Golden Scissor","category":"hairdresser","tier":"value","rating":4.34,"nearest_branch_id":"BD01","distance_to_nearest_m":3899}},{"type":"Feature","geometry":{"type":"Point","coordinates":[55.462903,25.239144]},"properties":{"competitor_id":"n4931455814","name":"Mr. Barber","category":"hairdresser","tier":"value","rating":4.26,"nearest_branch_id":"BD01","distance_to_nearest_m":4437}},{"type":"Feature","geometry":{"type":"Point","coordinates":[55.392149,25.357436]},"properties":{"competitor_id":"n4931456790","name":"Fancy Hair Cutting Saloon","category":"beauty_salon","tier":"mid","rating":4.51,"nearest_branch_id":"BD02","distance_to_nearest_m":4628}},{"type":"Feature","geometry":{"type":"Point","coordinates":[55.392709,25.359824]},"properties":{"competitor_id":"n4931456819","name":"Baqir Hairdressing Saloon","category":"hairdresser","tier":"value","rating":4.73,"nearest_branch_id":"BD02","distance_to_nearest_m":4735}},{"type":"Feature","geometry":{"type":"Point","coordinates":[55.392222,25.360484]},"properties":{"competitor_id":"n4931456931","name":"Sahat Al Ghuwair Salon","category":"hairdresser","tier":"value","rating":4.13,"nearest_branch_id":"BD02","distance_to_nearest_m":4818}},{"type":"Feature","geometry":{"type":"Point","coordinates":[55.390054,25.354886]},"properties":{"competitor_id":"n4931493227","name":"Al Samaa Hairdressing Saloon","category":"hairdresser","tier":"value","rating":4.64,"nearest_branch_id":"BD02","distance_to_nearest_m":4659}},{"type":"Feature","geometry":{"type":"Point","coordinates":[55.39039,25.35403]},"properties":{"competitor_id":"n4931493237","name":"Al Burj Ladies Salon","category":"beauty_salon","tier":"mid","rating":4.98,"nearest_branch_id":"BD02","distance_to_nearest_m":4584}},{"type":"Feature","geometry":{"type":"Point","coordinates":[55.392901,25.357689]},"properties":{"competitor_id":"n4931546613","name":"Asmaa Ladies Salon","category":"beauty_salon","tier":"mid","rating":4.69,"nearest_branch_id":"BD02","distance_to_nearest_m":4581}},{"type":"Feature","geometry":{"type":"Point","coordinates":[55.393946,25.33704]},"properties":{"competitor_id":"n4931575758","name":"Unnamed salon (OSM)","category":"hairdresser","tier":"value","rating":5.0,"nearest_branch_id":"BD02","distance_to_nearest_m":3685}},{"type":"Feature","geometry":{"type":"Point","coordinates":[55.392891,25.336414]},"properties":{"competitor_id":"n4931582560","name":"Al Mashaykh","category":"hairdresser","tier":"value","rating":3.86,"nearest_branch_id":"BD02","distance_to_nearest_m":3786}},{"type":"Feature","geometry":{"type":"Point","coordinates":[55.392147,25.336021]},"properties":{"competitor_id":"n4931582582","name":"Kashima Ladies Salon","category":"beauty_salon","tier":"mid","rating":4.37,"nearest_branch_id":"BD02","distance_to_nearest_m":3858}},{"type":"Feature","geometry":{"type":"Point","coordinates":[55.392193,25.335804]},"properties":{"competitor_id":"n4931582598","name":"Al Petra","category":"hairdresser","tier":"value","rating":4.1,"nearest_branch_id":"BD02","distance_to_nearest_m":3852}},{"type":"Feature","geometry":{"type":"Point","coordinates":[55.456323,25.240779]},"properties":{"competitor_id":"n4931588069","name":"Salloon Al Mutamayezon for Men","category":"beauty_salon","tier":"mid","rating":4.56,"nearest_branch_id":"BD01","distance_to_nearest_m":3945}},{"type":"Feature","geometry":{"type":"Point","coordinates":[55.393619,25.334418]},"properties":{"competitor_id":"n4931602128","name":"Richmond Ladies Salon","category":"hairdresser","tier":"value","rating":4.16,"nearest_branch_id":"BD02","distance_to_nearest_m":3706}},{"type":"Feature","geometry":{"type":"Point","coordinates":[55.394533,25.333055]},"properties":{"competitor_id":"n4931602159","name":"Qasr Al Neel","category":"hairdresser","tier":"value","rating":4.2,"nearest_branch_id":"BD02","distance_to_nearest_m":3617}},{"type":"Feature","geometry":{"type":"Point","coordinates":[55.394858,25.332586]},"properties":{"competitor_id":"n4931602168","name":"Ajmeer","category":"hairdresser","tier":"value","rating":4.1,"nearest_branch_id":"BD02","distance_to_nearest_m":3587}},{"type":"Feature","geometry":{"type":"Point","coordinates":[55.382996,25.322787]},"properties":{"competitor_id":"n4931636678","name":"Al Samer","category":"hairdresser","tier":"value","rating":4.79,"nearest_branch_id":"BD02","distance_to_nearest_m":4945}},{"type":"Feature","geometry":{"type":"Point","coordinates":[55.398992,25.339043]},"properties":{"competitor_id":"n4932480469","name":"Al Lamasar Al Sehriah","category":"hairdresser","tier":"value","rating":3.97,"nearest_branch_id":"BD02","distance_to_nearest_m":3208}},{"type":"Feature","geometry":{"type":"Point","coordinates":[55.395252,25.333291]},"properties":{"competitor_id":"n4932510367","name":"Dar Al Safa Beauty","category":"beauty_salon","tier":"mid","rating":4.76,"nearest_branch_id":"BD02","distance_to_nearest_m":3544}},{"type":"Feature","geometry":{"type":"Point","coordinates":[55.395229,25.333343]},"properties":{"competitor_id":"n4932510368","name":"Dalma","category":"hairdresser","tier":"value","rating":4.79,"nearest_branch_id":"BD02","distance_to_nearest_m":3546}},{"type":"Feature","geometry":{"type":"Point","coordinates":[55.394546,25.334409]},"properties":{"competitor_id":"n4932510386","name":"Al Madaien","category":"hairdresser","tier":"value","rating":4.92,"nearest_branch_id":"BD02","distance_to_nearest_m":3613}},{"type":"Feature","geometry":{"type":"Point","coordinates":[55.394816,25.332989]},"properties":{"competitor_id":"n4932595629","name":"Ahla Faan","category":"hairdresser","tier":"value","rating":4.35,"nearest_branch_id":"BD02","distance_to_nearest_m":3589}},{"type":"Feature","geometry":{"type":"Point","coordinates":[55.395162,25.332429]},"properties":{"competitor_id":"n4932595634","name":"Al Ramal Al Abyad Ladies Salon","category":"hairdresser","tier":"value","rating":3.95,"nearest_branch_id":"BD02","distance_to_nearest_m":3557}},{"type":"Feature","geometry":{"type":"Point","coordinates":[55.385417,25.323873]},"properties":{"competitor_id":"n4937020449","name":"Afnan Ladies Salon","category":"beauty_salon","tier":"mid","rating":4.81,"nearest_branch_id":"BD02","distance_to_nearest_m":4679}},{"type":"Feature","geometry":{"type":"Point","coordinates":[55.385884,25.323552]},"properties":{"competitor_id":"n4937020455","name":"The Art of Beauty","category":"beauty_salon","tier":"mid","rating":4.87,"nearest_branch_id":"BD02","distance_to_nearest_m":4642}},{"type":"Feature","geometry":{"type":"Point","coordinates":[55.386468,25.323111]},"properties":{"competitor_id":"n4937020475","name":"Al Ibtesama Al Basima Beauty Centre","category":"beauty_salon","tier":"mid","rating":4.92,"nearest_branch_id":"BD02","distance_to_nearest_m":4599}},{"type":"Feature","geometry":{"type":"Point","coordinates":[55.387127,25.322604]},"properties":{"competitor_id":"n4937020486","name":"Opera Salon","category":"hairdresser","tier":"value","rating":5.0,"nearest_branch_id":"BD02","distance_to_nearest_m":4551}},{"type":"Feature","geometry":{"type":"Point","coordinates":[55.397019,25.338623]},"properties":{"competitor_id":"n4937036487","name":"Jamal Al Sahra Ladies Salon","category":"hairdresser","tier":"value","rating":4.76,"nearest_branch_id":"BD02","distance_to_nearest_m":3397}},{"type":"Feature","geometry":{"type":"Point","coordinates":[55.397046,25.338543]},"properties":{"competitor_id":"n4937036489","name":"Al Ihtram Ladies Salon","category":"hairdresser","tier":"value","rating":5.0,"nearest_branch_id":"BD02","distance_to_nearest_m":3393}},{"type":"Feature","geometry":{"type":"Point","coordinates":[55.398751,25.338539]},"properties":{"competitor_id":"n4937036492","name":"Unnamed salon (OSM)","category":"hairdresser","tier":"value","rating":4.63,"nearest_branch_id":"BD02","distance_to_nearest_m":3223}},{"type":"Feature","geometry":{"type":"Point","coordinates":[55.398913,25.338769]},"properties":{"competitor_id":"n4937036497","name":"Al Mawas Al Akhdhar Gents Salon","category":"hairdresser","tier":"value","rating":4.94,"nearest_branch_id":"BD02","distance_to_nearest_m":3211}},{"type":"Feature","geometry":{"type":"Point","coordinates":[55.385753,25.323206]},"properties":{"competitor_id":"n4937043635","name":"Beauty Oasis Ladies Salon","category":"beauty_salon","tier":"mid","rating":4.44,"nearest_branch_id":"BD02","distance_to_nearest_m":4665}},{"type":"Feature","geometry":{"type":"Point","coordinates":[55.38468,25.321464]},"properties":{"competitor_id":"n4937069063","name":"Easy Cut Salon","category":"hairdresser","tier":"value","rating":3.68,"nearest_branch_id":"BD02","distance_to_nearest_m":4823}},{"type":"Feature","geometry":{"type":"Point","coordinates":[55.384567,25.318544]},"properties":{"competitor_id":"n4937129550","name":"Picadilla Salon","category":"hairdresser","tier":"value","rating":4.36,"nearest_branch_id":"BD02","distance_to_nearest_m":4940}},{"type":"Feature","geometry":{"type":"Point","coordinates":[55.384686,25.318466]},"properties":{"competitor_id":"n4937129553","name":"Zeenat Al Arous Ladies Salon","category":"beauty_salon","tier":"mid","rating":4.84,"nearest_branch_id":"BD02","distance_to_nearest_m":4932}},{"type":"Feature","geometry":{"type":"Point","coordinates":[55.391087,25.340771]},"properties":{"competitor_id":"n4937144241","name":"RabeeAl Omur Ladies Salon","category":"hairdresser","tier":"value","rating":3.77,"nearest_branch_id":"BD02","distance_to_nearest_m":4023}},{"type":"Feature","geometry":{"type":"Point","coordinates":[55.391423,25.340561]},"properties":{"competitor_id":"n4937144251","name":"Shabab Al Qassimiah","category":"hairdresser","tier":"value","rating":3.96,"nearest_branch_id":"BD02","distance_to_nearest_m":3986}},{"type":"Feature","geometry":{"type":"Point","coordinates":[55.3912,25.340234]},"properties":{"competitor_id":"n4937144258","name":"Al Tawoos Al Abyadh","category":"hairdresser","tier":"value","rating":4.53,"nearest_branch_id":"BD02","distance_to_nearest_m":4002}},{"type":"Feature","geometry":{"type":"Point","coordinates":[55.390541,25.340496]},"properties":{"competitor_id":"n4937144270","name":"Mohammed Bakhit Alsuwaidi","category":"hairdresser","tier":"value","rating":4.2,"nearest_branch_id":"BD02","distance_to_nearest_m":4072}},{"type":"Feature","geometry":{"type":"Point","coordinates":[55.384802,25.318601]},"properties":{"competitor_id":"n4937147420","name":"Goson Al Yasmeen Salon","category":"hairdresser","tier":"value","rating":3.75,"nearest_branch_id":"BD02","distance_to_nearest_m":4916}},{"type":"Feature","geometry":{"type":"Point","coordinates":[55.384552,25.318805]},"properties":{"competitor_id":"n4937148726","name":"Red Rose Hairdresser Salon","category":"hairdresser","tier":"value","rating":4.15,"nearest_branch_id":"BD02","distance_to_nearest_m":4932}},{"type":"Feature","geometry":{"type":"Point","coordinates":[55.38467,25.319179]},"properties":{"competitor_id":"n4937148733","name":"Varna Hair Dresser Salon","category":"hairdresser","tier":"value","rating":3.97,"nearest_branch_id":"BD02","distance_to_nearest_m":4906}},{"type":"Feature","geometry":{"type":"Point","coordinates":[55.38599,25.320586]},"properties":{"competitor_id":"n4937164541","name":"Al Basel Cosmetics Trading","category":"beauty_salon","tier":"mid","rating":4.23,"nearest_branch_id":"BD02","distance_to_nearest_m":4729}},{"type":"Feature","geometry":{"type":"Point","coordinates":[55.386051,25.320645]},"properties":{"competitor_id":"n4937164542","name":"Siblin Cosmetics Trading","category":"beauty_salon","tier":"mid","rating":4.91,"nearest_branch_id":"BD02","distance_to_nearest_m":4721}},{"type":"Feature","geometry":{"type":"Point","coordinates":[55.386515,25.321013]},"properties":{"competitor_id":"n4937172820","name":"Luluat Al Jamal Cosmetics Trading","category":"beauty_salon","tier":"mid","rating":4.58,"nearest_branch_id":"BD02","distance_to_nearest_m":4663}},{"type":"Feature","geometry":{"type":"Point","coordinates":[55.386615,25.321124]},"properties":{"competitor_id":"n4937174322","name":"Nawaiem Cosmetics","category":"beauty_salon","tier":"mid","rating":4.84,"nearest_branch_id":"BD02","distance_to_nearest_m":4650}},{"type":"Feature","geometry":{"type":"Point","coordinates":[55.38946,25.346904]},"properties":{"competitor_id":"n4937183882","name":"Ulla Ladies Salon","category":"hairdresser","tier":"value","rating":4.78,"nearest_branch_id":"BD02","distance_to_nearest_m":4352}},{"type":"Feature","geometry":{"type":"Point","coordinates":[55.38781,25.322499]},"properties":{"competitor_id":"n4937191743","name":"Top Shop Salon","category":"beauty_salon","tier":"mid","rating":4.36,"nearest_branch_id":"BD02","distance_to_nearest_m":4489}},{"type":"Feature","geometry":{"type":"Point","coordinates":[55.388254,25.32303]},"properties":{"competitor_id":"n4937191752","name":"Golden Phoenix Beauty","category":"beauty_salon","tier":"mid","rating":4.66,"nearest_branch_id":"BD02","distance_to_nearest_m":4429}},{"type":"Feature","geometry":{"type":"Point","coordinates":[55.388446,25.323258]},"properties":{"competitor_id":"n4937191758","name":"Beirut Gents Salon","category":"hairdresser","tier":"value","rating":4.52,"nearest_branch_id":"BD02","distance_to_nearest_m":4403}},{"type":"Feature","geometry":{"type":"Point","coordinates":[55.388508,25.323331]},"properties":{"competitor_id":"n4937191760","name":"Salon Barada","category":"hairdresser","tier":"value","rating":3.94,"nearest_branch_id":"BD02","distance_to_nearest_m":4395}},{"type":"Feature","geometry":{"type":"Point","coordinates":[55.390895,25.325801]},"properties":{"competitor_id":"n4937207460","name":"Ghazi Hairdressing Equiptment","category":"beauty_salon","tier":"mid","rating":4.33,"nearest_branch_id":"BD02","distance_to_nearest_m":4093}},{"type":"Feature","geometry":{"type":"Point","coordinates":[55.39273,25.327796]},"properties":{"competitor_id":"n4937207467","name":"Al Ahasees Beauty Salon","category":"beauty_salon","tier":"mid","rating":4.65,"nearest_branch_id":"BD02","distance_to_nearest_m":3865}},{"type":"Feature","geometry":{"type":"Point","coordinates":[55.393013,25.328098]},"properties":{"competitor_id":"n4937207475","name":"Solez Beauty Equiptment","category":"beauty_salon","tier":"mid","rating":4.48,"nearest_branch_id":"BD02","distance_to_nearest_m":3831}},{"type":"Feature","geometry":{"type":"Point","coordinates":[55.393066,25.344886]},"properties":{"competitor_id":"n4937210192","name":"Unnamed salon (OSM)","category":"hairdresser","tier":"value","rating":4.54,"nearest_branch_id":"BD02","distance_to_nearest_m":3938}},{"type":"Feature","geometry":{"type":"Point","coordinates":[55.392831,25.329702]},"properties":{"competitor_id":"n4937217486","name":"Piassa Beauty Center","category":"beauty_salon","tier":"mid","rating":4.57,"nearest_branch_id":"BD02","distance_to_nearest_m":3821}},{"type":"Feature","geometry":{"type":"Point","coordinates":[55.39278,25.329781]},"properties":{"competitor_id":"n4937217488","name":"Shabab Al Yaoum Salon","category":"beauty_salon","tier":"mid","rating":4.45,"nearest_branch_id":"BD02","distance_to_nearest_m":3825}},{"type":"Feature","geometry":{"type":"Point","coordinates":[55.392272,25.330644]},"properties":{"competitor_id":"n4937217492","name":"Alkakaa Salon","category":"beauty_salon","tier":"mid","rating":5.0,"nearest_branch_id":"BD02","distance_to_nearest_m":3864}},{"type":"Feature","geometry":{"type":"Point","coordinates":[55.392184,25.330761]},"properties":{"competitor_id":"n4937217494","name":"Safari Ladies Salon","category":"beauty_salon","tier":"mid","rating":4.5,"nearest_branch_id":"BD02","distance_to_nearest_m":3871}},{"type":"Feature","geometry":{"type":"Point","coordinates":[55.392003,25.331043]},"properties":{"competitor_id":"n4937217499","name":"Al Atheer Gents Salon","category":"hairdresser","tier":"value","rating":3.92,"nearest_branch_id":"BD02","distance_to_nearest_m":3886}},{"type":"Feature","geometry":{"type":"Point","coordinates":[55.384323,25.320151]},"properties":{"competitor_id":"n4937255803","name":"Al Maqas Al Balatini Salon","category":"beauty_salon","tier":"mid","rating":4.32,"nearest_branch_id":"BD02","distance_to_nearest_m":4903}},{"type":"Feature","geometry":{"type":"Point","coordinates":[55.384894,25.319994]},"properties":{"competitor_id":"n4937286308","name":"Millia Cosmetics","category":"beauty_salon","tier":"mid","rating":4.06,"nearest_branch_id":"BD02","distance_to_nearest_m":4854}},{"type":"Feature","geometry":{"type":"Point","coordinates":[55.391845,25.33054]},"properties":{"competitor_id":"n4937286854","name":"Miami Beach Cosmetics","category":"beauty_salon","tier":"mid","rating":4.16,"nearest_branch_id":"BD02","distance_to_nearest_m":3908}},{"type":"Feature","geometry":{"type":"Point","coordinates":[55.39195,25.331125]},"properties":{"competitor_id":"n4937358927","name":"Prestige Hairdresser Salon","category":"hairdresser","tier":"value","rating":4.93,"nearest_branch_id":"BD02","distance_to_nearest_m":3891}},{"type":"Feature","geometry":{"type":"Point","coordinates":[55.390276,25.334763]},"properties":{"competitor_id":"n4937358957","name":"3000 Hairdressing Salon","category":"hairdresser","tier":"value","rating":3.95,"nearest_branch_id":"BD02","distance_to_nearest_m":4042}},{"type":"Feature","geometry":{"type":"Point","coordinates":[55.394101,25.339015]},"properties":{"competitor_id":"n4937362406","name":"Frankfurt","category":"hairdresser","tier":"value","rating":4.31,"nearest_branch_id":"BD02","distance_to_nearest_m":3693}},{"type":"Feature","geometry":{"type":"Point","coordinates":[55.393958,25.338749]},"properties":{"competitor_id":"n4937362414","name":"Al Wajib","category":"hairdresser","tier":"value","rating":4.27,"nearest_branch_id":"BD02","distance_to_nearest_m":3704}},{"type":"Feature","geometry":{"type":"Point","coordinates":[55.39389,25.338678]},"properties":{"competitor_id":"n4937362416","name":"Al Luluah Al Baydaa","category":"hairdresser","tier":"value","rating":3.93,"nearest_branch_id":"BD02","distance_to_nearest_m":3709}},{"type":"Feature","geometry":{"type":"Point","coordinates":[55.392961,25.337658]},"properties":{"competitor_id":"n4937362841","name":"Trimmers","category":"hairdresser","tier":"value","rating":4.61,"nearest_branch_id":"BD02","distance_to_nearest_m":3789}},{"type":"Feature","geometry":{"type":"Point","coordinates":[55.392913,25.337608]},"properties":{"competitor_id":"n4937362843","name":"Faylca Gents Salon","category":"hairdresser","tier":"value","rating":4.79,"nearest_branch_id":"BD02","distance_to_nearest_m":3794}},{"type":"Feature","geometry":{"type":"Point","coordinates":[55.389157,25.336437]},"properties":{"competitor_id":"n4937369619","name":"Bdallah Alshraideh Salon","category":"hairdresser","tier":"value","rating":4.22,"nearest_branch_id":"BD02","distance_to_nearest_m":4160}},{"type":"Feature","geometry":{"type":"Point","coordinates":[55.389114,25.336482]},"properties":{"competitor_id":"n4937369620","name":"Aimy Ladies Salon","category":"beauty_salon","tier":"mid","rating":4.89,"nearest_branch_id":"BD02","distance_to_nearest_m":4165}},{"type":"Feature","geometry":{"type":"Point","coordinates":[55.389034,25.336695]},"properties":{"competitor_id":"n4937369628","name":"Baalbak Salon","category":"beauty_salon","tier":"mid","rating":4.42,"nearest_branch_id":"BD02","distance_to_nearest_m":4174}},{"type":"Feature","geometry":{"type":"Point","coordinates":[55.388174,25.337]},"properties":{"competitor_id":"n4937369643","name":"Al Sufara Hairdressing Salon","category":"hairdresser","tier":"value","rating":4.95,"nearest_branch_id":"BD02","distance_to_nearest_m":4263}},{"type":"Feature","geometry":{"type":"Point","coordinates":[55.388036,25.336769]},"properties":{"competitor_id":"n4937369644","name":"Opal Ladies Salon","category":"beauty_salon","tier":"mid","rating":4.73,"nearest_branch_id":"BD02","distance_to_nearest_m":4275}},{"type":"Feature","geometry":{"type":"Point","coordinates":[55.38776,25.336382]},"properties":{"competitor_id":"n4937369655","name":"Osama","category":"hairdresser","tier":"value","rating":4.28,"nearest_branch_id":"BD02","distance_to_nearest_m":4300}},{"type":"Feature","geometry":{"type":"Point","coordinates":[55.391554,25.332441]},"properties":{"competitor_id":"n4937385328","name":"Bait Al Marjan Ladies Salon","category":"beauty_salon","tier":"mid","rating":4.63,"nearest_branch_id":"BD02","distance_to_nearest_m":3919}},{"type":"Feature","geometry":{"type":"Point","coordinates":[55.391521,25.332498]},"properties":{"competitor_id":"n4937385329","name":"Al Jesr Al Dhahabi Hairdressing Salon","category":"hairdresser","tier":"value","rating":4.79,"nearest_branch_id":"BD02","distance_to_nearest_m":3922}},{"type":"Feature","geometry":{"type":"Point","coordinates":[55.391332,25.33275]},"properties":{"competitor_id":"n4937385338","name":"Shatha Al Rabee Beauty Salon","category":"beauty_salon","tier":"mid","rating":4.67,"nearest_branch_id":"BD02","distance_to_nearest_m":3940}},{"type":"Feature","geometry":{"type":"Point","coordinates":[55.390793,25.333626]},"properties":{"competitor_id":"n4937385359","name":"Al Dunya Hairdressing Salon","category":"hairdresser","tier":"value","rating":3.78,"nearest_branch_id":"BD02","distance_to_nearest_m":3991}},{"type":"Feature","geometry":{"type":"Point","coordinates":[55.389786,25.335239]},"properties":{"competitor_id":"n4937391452","name":"Sawalef Salon","category":"hairdresser","tier":"value","rating":3.86,"nearest_branch_id":"BD02","distance_to_nearest_m":4092}},{"type":"Feature","geometry":{"type":"Point","coordinates":[55.391806,25.336806]},"properties":{"competitor_id":"n4937452302","name":"Tawq Al Lualua Ladies","category":"hairdresser","tier":"value","rating":4.41,"nearest_branch_id":"BD02","distance_to_nearest_m":3897}},{"type":"Feature","geometry":{"type":"Point","coordinates":[55.39153,25.336801]},"properties":{"competitor_id":"n4937452309","name":"Bint-Al-Noor","category":"beauty_salon","tier":"mid","rating":4.44,"nearest_branch_id":"BD02","distance_to_nearest_m":3925}},{"type":"Feature","geometry":{"type":"Point","coordinates":[55.392097,25.335223]},"properties":{"competitor_id":"n4937452321","name":"Mont Carlo Salon","category":"hairdresser","tier":"value","rating":4.25,"nearest_branch_id":"BD02","distance_to_nearest_m":3860}},{"type":"Feature","geometry":{"type":"Point","coordinates":[55.392286,25.355386]},"properties":{"competitor_id":"n4937467325","name":"Rainbow Hairdressing","category":"hairdresser","tier":"value","rating":3.27,"nearest_branch_id":"BD02","distance_to_nearest_m":4494}},{"type":"Feature","geometry":{"type":"Point","coordinates":[55.386677,25.343106]},"properties":{"competitor_id":"n4937468921","name":"Al Jamal Al Zahbi Ladies Salon","category":"beauty_salon","tier":"mid","rating":4.36,"nearest_branch_id":"BD02","distance_to_nearest_m":4509}},{"type":"Feature","geometry":{"type":"Point","coordinates":[55.386603,25.343372]},"properties":{"competitor_id":"n4937468928","name":"Juniah Ladies Salon","category":"beauty_salon","tier":"mid","rating":4.28,"nearest_branch_id":"BD02","distance_to_nearest_m":4523}},{"type":"Feature","geometry":{"type":"Point","coordinates":[55.393017,25.334408]},"properties":{"competitor_id":"n4937491639","name":"White & Black Gents Salon","category":"hairdresser","tier":"value","rating":4.16,"nearest_branch_id":"BD02","distance_to_nearest_m":3766}},{"type":"Feature","geometry":{"type":"Point","coordinates":[55.388069,25.337925]},"properties":{"competitor_id":"n4937516605","name":"Saloon Ultima Hairdressing","category":"hairdresser","tier":"value","rating":3.89,"nearest_branch_id":"BD02","distance_to_nearest_m":4282}},{"type":"Feature","geometry":{"type":"Point","coordinates":[55.387984,25.338152]},"properties":{"competitor_id":"n4937516612","name":"Al Hanouf Ladies Salon","category":"beauty_salon","tier":"mid","rating":4.66,"nearest_branch_id":"BD02","distance_to_nearest_m":4293}},{"type":"Feature","geometry":{"type":"Point","coordinates":[55.387963,25.338205]},"properties":{"competitor_id":"n4937516613","name":"Luluat Caza Ladies Salon","category":"beauty_salon","tier":"mid","rating":4.44,"nearest_branch_id":"BD02","distance_to_nearest_m":4295}},{"type":"Feature","geometry":{"type":"Point","coordinates":[55.387909,25.338406]},"properties":{"competitor_id":"n4937517823","name":"Al Welaya Hairdressing Salon","category":"hairdresser","tier":"value","rating":4.58,"nearest_branch_id":"BD02","distance_to_nearest_m":4303}},{"type":"Feature","geometry":{"type":"Point","coordinates":[55.386725,25.342221]},"properties":{"competitor_id":"n4937524227","name":"Arfan Hairdressing Salon","category":"hairdresser","tier":"value","rating":4.4,"nearest_branch_id":"BD02","distance_to_nearest_m":4484}},{"type":"Feature","geometry":{"type":"Point","coordinates":[55.386265,25.343112]},"properties":{"competitor_id":"n4937540892","name":"Al Fananeen Gents Salon","category":"hairdresser","tier":"value","rating":4.02,"nearest_branch_id":"BD02","distance_to_nearest_m":4549}},{"type":"Feature","geometry":{"type":"Point","coordinates":[55.388239,25.353511]},"properties":{"competitor_id":"n4937635787","name":"Najmat Al Senaiah Hairdressing Saloon","category":"hairdresser","tier":"value","rating":4.28,"nearest_branch_id":"BD02","distance_to_nearest_m":4749}},{"type":"Feature","geometry":{"type":"Point","coordinates":[55.386238,25.342198]},"properties":{"competitor_id":"n4937639108","name":"Al Sami Hairdressing Salon","category":"hairdresser","tier":"value","rating":3.87,"nearest_branch_id":"BD02","distance_to_nearest_m":4531}},{"type":"Feature","geometry":{"type":"Point","coordinates":[55.386571,25.341127]},"properties":{"competitor_id":"n4937642031","name":"Al Yaqoot Al Ahmar Ladies Salon","category":"beauty_salon","tier":"mid","rating":4.52,"nearest_branch_id":"BD02","distance_to_nearest_m":4477}},{"type":"Feature","geometry":{"type":"Point","coordinates":[55.386642,25.340842]},"properties":{"competitor_id":"n4937642038","name":"Al Mayas Hairdressing Salon","category":"hairdresser","tier":"value","rating":4.17,"nearest_branch_id":"BD02","distance_to_nearest_m":4465}},{"type":"Feature","geometry":{"type":"Point","coordinates":[55.386748,25.340457]},"properties":{"competitor_id":"n4937642048","name":"Al Mezhar Ladies Salon","category":"beauty_salon","tier":"mid","rating":4.58,"nearest_branch_id":"BD02","distance_to_nearest_m":4448}},{"type":"Feature","geometry":{"type":"Point","coordinates":[55.386844,25.340268]},"properties":{"competitor_id":"n4937642053","name":"Al Umraa Salon","category":"hairdresser","tier":"value","rating":4.09,"nearest_branch_id":"BD02","distance_to_nearest_m":4435}},{"type":"Feature","geometry":{"type":"Point","coordinates":[55.387243,25.338892]},"properties":{"competitor_id":"n4937642061","name":"Tareq Al Hareer Salon","category":"beauty_salon","tier":"mid","rating":4.39,"nearest_branch_id":"BD02","distance_to_nearest_m":4375}},{"type":"Feature","geometry":{"type":"Point","coordinates":[55.386857,25.337538]},"properties":{"competitor_id":"n4937642093","name":"Nazih Gents Salon","category":"hairdresser","tier":"value","rating":4.57,"nearest_branch_id":"BD02","distance_to_nearest_m":4399}},{"type":"Feature","geometry":{"type":"Point","coordinates":[55.387253,25.354009]},"properties":{"competitor_id":"n4937647941","name":"Taj Al Ameerat Ladies Saloon","category":"beauty_salon","tier":"mid","rating":4.85,"nearest_branch_id":"BD02","distance_to_nearest_m":4862}},{"type":"Feature","geometry":{"type":"Point","coordinates":[55.392162,25.335632]},"properties":{"competitor_id":"n4937656216","name":"Nadeen Ladies Salon","category":"hairdresser","tier":"value","rating":4.26,"nearest_branch_id":"BD02","distance_to_nearest_m":3855}},{"type":"Feature","geometry":{"type":"Point","coordinates":[55.391976,25.346082]},"properties":{"competitor_id":"n4938483183","name":"Al Tawoos Salon","category":"hairdresser","tier":"value","rating":4.58,"nearest_branch_id":"BD02","distance_to_nearest_m":4083}},{"type":"Feature","geometry":{"type":"Point","coordinates":[55.386393,25.342253]},"properties":{"competitor_id":"n4938498869","name":"Najm Hollywood Hairdressing Salon","category":"hairdresser","tier":"value","rating":4.4,"nearest_branch_id":"BD02","distance_to_nearest_m":4517}},{"type":"Feature","geometry":{"type":"Point","coordinates":[55.38742,25.338995]},"properties":{"competitor_id":"n4938498874","name":"Ahlan Ladies Salon","category":"beauty_salon","tier":"mid","rating":4.84,"nearest_branch_id":"BD02","distance_to_nearest_m":4359}},{"type":"Feature","geometry":{"type":"Point","coordinates":[55.387444,25.33893]},"properties":{"competitor_id":"n4938498876","name":"Al Rukn Al Thahbi","category":"hairdresser","tier":"value","rating":4.86,"nearest_branch_id":"BD02","distance_to_nearest_m":4356}},{"type":"Feature","geometry":{"type":"Point","coordinates":[55.386208,25.341238]},"properties":{"competitor_id":"n4938517229","name":"Habat Al Lulu Ladies Salon","category":"beauty_salon","tier":"mid","rating":4.15,"nearest_branch_id":"BD02","distance_to_nearest_m":4515}},{"type":"Feature","geometry":{"type":"Point","coordinates":[55.388837,25.345786]},"properties":{"competitor_id":"n4938548725","name":"Dejah Wa Al Furat","category":"hairdresser","tier":"value","rating":4.49,"nearest_branch_id":"BD02","distance_to_nearest_m":4374}},{"type":"Feature","geometry":{"type":"Point","coordinates":[55.388747,25.345234]},"properties":{"competitor_id":"n4938548745","name":"Rawat Al Qamar Ladies Salon","category":"hairdresser","tier":"value","rating":4.24,"nearest_branch_id":"BD02","distance_to_nearest_m":4365}},{"type":"Feature","geometry":{"type":"Point","coordinates":[55.388793,25.345008]},"properties":{"competitor_id":"n4938548752","name":"Waheed Al Marzouqi","category":"hairdresser","tier":"value","rating":4.42,"nearest_branch_id":"BD02","distance_to_nearest_m":4354}},{"type":"Feature","geometry":{"type":"Point","coordinates":[55.386338,25.340796]},"properties":{"competitor_id":"n4938554155","name":"Al Thouq Al Raqi Hairdressing Salon","category":"hairdresser","tier":"value","rating":4.4,"nearest_branch_id":"BD02","distance_to_nearest_m":4494}},{"type":"Feature","geometry":{"type":"Point","coordinates":[55.386472,25.340401]},"properties":{"competitor_id":"n4938554159","name":"Al Captin Hairdressing Salon","category":"hairdresser","tier":"value","rating":3.85,"nearest_branch_id":"BD02","distance_to_nearest_m":4474}},{"type":"Feature","geometry":{"type":"Point","coordinates":[55.386639,25.339876]},"properties":{"competitor_id":"n4938554168","name":"Sehr AL Gharb Ladies Salon","category":"beauty_salon","tier":"mid","rating":4.97,"nearest_branch_id":"BD02","distance_to_nearest_m":4449}},{"type":"Feature","geometry":{"type":"Point","coordinates":[55.386726,25.339611]},"properties":{"competitor_id":"n4938554175","name":"Husn Al Aroos Ladies Salon","category":"beauty_salon","tier":"mid","rating":4.7,"nearest_branch_id":"BD02","distance_to_nearest_m":4437}},{"type":"Feature","geometry":{"type":"Point","coordinates":[55.387619,25.336995]},"properties":{"competitor_id":"n4938569271","name":"Rukn Al Mashreq Beauty Salon","category":"beauty_salon","tier":"mid","rating":4.41,"nearest_branch_id":"BD02","distance_to_nearest_m":4318}},{"type":"Feature","geometry":{"type":"Point","coordinates":[55.387673,25.33691]},"properties":{"competitor_id":"n4938569273","name":"Al Majaz Hairdresser Salon","category":"hairdresser","tier":"value","rating":4.23,"nearest_branch_id":"BD02","distance_to_nearest_m":4312}},{"type":"Feature","geometry":{"type":"Point","coordinates":[55.38934,25.353985]},"properties":{"competitor_id":"n4938601850","name":"Bangladesh Hairdressing Saloon","category":"hairdresser","tier":"value","rating":3.99,"nearest_branch_id":"BD02","distance_to_nearest_m":4675}},{"type":"Feature","geometry":{"type":"Point","coordinates":[55.389138,25.343881]},"properties":{"competitor_id":"n4938663385","name":"Sheila Ladies Salon","category":"hairdresser","tier":"value","rating":4.19,"nearest_branch_id":"BD02","distance_to_nearest_m":4288}},{"type":"Feature","geometry":{"type":"Point","coordinates":[55.38921,25.343606]},"properties":{"competitor_id":"n4938663390","name":"Esence Ladies Salon","category":"hairdresser","tier":"value","rating":4.09,"nearest_branch_id":"BD02","distance_to_nearest_m":4274}},{"type":"Feature","geometry":{"type":"Point","coordinates":[55.389808,25.342839]},"properties":{"competitor_id":"n4938663420","name":"Al Ayadi Al Aneeqa Ladies Salon","category":"hairdresser","tier":"value","rating":4.24,"nearest_branch_id":"BD02","distance_to_nearest_m":4195}},{"type":"Feature","geometry":{"type":"Point","coordinates":[55.389876,25.342854]},"properties":{"competitor_id":"n4938666021","name":"Bronx Gents Salon","category":"hairdresser","tier":"value","rating":3.81,"nearest_branch_id":"BD02","distance_to_nearest_m":4189}},{"type":"Feature","geometry":{"type":"Point","coordinates":[55.39045,25.342946]},"properties":{"competitor_id":"n4938666027","name":"Al Murad","category":"hairdresser","tier":"value","rating":4.25,"nearest_branch_id":"BD02","distance_to_nearest_m":4135}},{"type":"Feature","geometry":{"type":"Point","coordinates":[55.387215,25.353664]},"properties":{"competitor_id":"n4938731344","name":"Al Faloga Ladies Salon","category":"beauty_salon","tier":"mid","rating":4.66,"nearest_branch_id":"BD02","distance_to_nearest_m":4849}},{"type":"Feature","geometry":{"type":"Point","coordinates":[55.394386,25.342294]},"properties":{"competitor_id":"n4938902328","name":"Al Shaar Alfadhi","category":"hairdresser","tier":"value","rating":4.69,"nearest_branch_id":"BD02","distance_to_nearest_m":3734}},{"type":"Feature","geometry":{"type":"Point","coordinates":[55.394439,25.342374]},"properties":{"competitor_id":"n4938902330","name":"Layali Marakish","category":"beauty_salon","tier":"mid","rating":4.55,"nearest_branch_id":"BD02","distance_to_nearest_m":3730}},{"type":"Feature","geometry":{"type":"Point","coordinates":[55.394475,25.34242]},"properties":{"competitor_id":"n4938902332","name":"Premier Gents Salon","category":"hairdresser","tier":"value","rating":3.92,"nearest_branch_id":"BD02","distance_to_nearest_m":3728}},{"type":"Feature","geometry":{"type":"Point","coordinates":[55.393859,25.343793]},"properties":{"competitor_id":"n4938902363","name":"Bustan Al Jamal Ladies Salon","category":"hairdresser","tier":"value","rating":3.88,"nearest_branch_id":"BD02","distance_to_nearest_m":3827}},{"type":"Feature","geometry":{"type":"Point","coordinates":[55.393259,25.344172]},"properties":{"competitor_id":"n4938902370","name":"Anatolia","category":"hairdresser","tier":"value","rating":4.37,"nearest_branch_id":"BD02","distance_to_nearest_m":3897}},{"type":"Feature","geometry":{"type":"Point","coordinates":[55.39629,25.350458]},"properties":{"competitor_id":"n4938927195","name":"Al Najma Al Mudhia Ladies Salon","category":"beauty_salon","tier":"mid","rating":4.83,"nearest_branch_id":"BD02","distance_to_nearest_m":3874}},{"type":"Feature","geometry":{"type":"Point","coordinates":[55.391695,25.344556]},"properties":{"competitor_id":"n4938931025","name":"Al Maa","category":"hairdresser","tier":"value","rating":4.36,"nearest_branch_id":"BD02","distance_to_nearest_m":4060}},{"type":"Feature","geometry":{"type":"Point","coordinates":[55.391878,25.343816]},"properties":{"competitor_id":"n4938931049","name":"Al Tawoos Ladies Salon","category":"hairdresser","tier":"value","rating":4.13,"nearest_branch_id":"BD02","distance_to_nearest_m":4020}},{"type":"Feature","geometry":{"type":"Point","coordinates":[55.392337,25.343562]},"properties":{"competitor_id":"n4938931061","name":"Al Safiah","category":"hairdresser","tier":"value","rating":3.99,"nearest_branch_id":"BD02","distance_to_nearest_m":3968}},{"type":"Feature","geometry":{"type":"Point","coordinates":[55.392392,25.343538]},"properties":{"competitor_id":"n4938931062","name":"Rowjeen Ladies Salon","category":"hairdresser","tier":"value","rating":5.0,"nearest_branch_id":"BD02","distance_to_nearest_m":3962}},{"type":"Feature","geometry":{"type":"Point","coordinates":[55.392894,25.343248]},"properties":{"competitor_id":"n4938931068","name":"Al Marfa","category":"hairdresser","tier":"value","rating":4.13,"nearest_branch_id":"BD02","distance_to_nearest_m":3905}},{"type":"Feature","geometry":{"type":"Point","coordinates":[55.393218,25.341077]},"properties":{"competitor_id":"n4938959050","name":"Alexandria Square","category":"beauty_salon","tier":"mid","rating":4.73,"nearest_branch_id":"BD02","distance_to_nearest_m":3819}},{"type":"Feature","geometry":{"type":"Point","coordinates":[55.393051,25.340771]},"properties":{"competitor_id":"n4938959058","name":"Valencia Ladies Salon","category":"hairdresser","tier":"value","rating":4.78,"nearest_branch_id":"BD02","distance_to_nearest_m":3829}},{"type":"Feature","geometry":{"type":"Point","coordinates":[55.392748,25.340085]},"properties":{"competitor_id":"n4938959069","name":"Wagh Al Qamar Ladies Salon","category":"hairdresser","tier":"value","rating":3.66,"nearest_branch_id":"BD02","distance_to_nearest_m":3846}},{"type":"Feature","geometry":{"type":"Point","coordinates":[55.392676,25.340139]},"properties":{"competitor_id":"n4938959070","name":"Al Mashrablah Salon for Gents","category":"hairdresser","tier":"value","rating":4.1,"nearest_branch_id":"BD02","distance_to_nearest_m":3854}},{"type":"Feature","geometry":{"type":"Point","coordinates":[55.392651,25.340099]},"properties":{"competitor_id":"n4938959071","name":"Al Ihsan","category":"hairdresser","tier":"value","rating":3.64,"nearest_branch_id":"BD02","distance_to_nearest_m":3856}},{"type":"Feature","geometry":{"type":"Point","coordinates":[55.399312,25.350811]},"properties":{"competitor_id":"n4939029765","name":"Dar Al Majd Gent Salon","category":"hairdresser","tier":"value","rating":4.4,"nearest_branch_id":"BD02","distance_to_nearest_m":3627}},{"type":"Feature","geometry":{"type":"Point","coordinates":[55.392278,25.354592]},"properties":{"competitor_id":"n4939143491","name":"Adnan Hairdressing Saloon","category":"hairdresser","tier":"value","rating":4.49,"nearest_branch_id":"BD02","distance_to_nearest_m":4449}},{"type":"Feature","geometry":{"type":"Point","coordinates":[55.392134,25.339404]},"properties":{"competitor_id":"n4939189821","name":"Al Najm Al Lamiee","category":"hairdresser","tier":"value","rating":4.09,"nearest_branch_id":"BD02","distance_to_nearest_m":3895}},{"type":"Feature","geometry":{"type":"Point","coordinates":[55.392123,25.339371]},"properties":{"competitor_id":"n4939189822","name":"Zahrat Al Falah","category":"hairdresser","tier":"value","rating":4.19,"nearest_branch_id":"BD02","distance_to_nearest_m":3896}},{"type":"Feature","geometry":{"type":"Point","coordinates":[55.39209,25.339333]},"properties":{"competitor_id":"n4939189823","name":"Al Sanam","category":"hairdresser","tier":"value","rating":4.21,"nearest_branch_id":"BD02","distance_to_nearest_m":3898}},{"type":"Feature","geometry":{"type":"Point","coordinates":[55.392053,25.339292]},"properties":{"competitor_id":"n4939189824","name":"Marwan","category":"hairdresser","tier":"value","rating":3.84,"nearest_branch_id":"BD02","distance_to_nearest_m":3901}},{"type":"Feature","geometry":{"type":"Point","coordinates":[55.391913,25.33911]},"properties":{"competitor_id":"n4939189830","name":"Tareeq Alsiji Ladies Salon","category":"hairdresser","tier":"value","rating":4.07,"nearest_branch_id":"BD02","distance_to_nearest_m":3913}},{"type":"Feature","geometry":{"type":"Point","coordinates":[55.3912,25.338655]},"properties":{"competitor_id":"n4939189840","name":"Shams Al Sabah","category":"hairdresser","tier":"value","rating":3.67,"nearest_branch_id":"BD02","distance_to_nearest_m":3977}},{"type":"Feature","geometry":{"type":"Point","coordinates":[55.391717,25.340406]},"properties":{"competitor_id":"n4939189843","name":"Elegant Beauty Ladies Salon","category":"beauty_salon","tier":"mid","rating":4.01,"nearest_branch_id":"BD02","distance_to_nearest_m":3954}},{"type":"Feature","geometry":{"type":"Point","coordinates":[55.391907,25.340303]},"properties":{"competitor_id":"n4939189846","name":"Al Naseem Al Athb","category":"hairdresser","tier":"value","rating":4.19,"nearest_branch_id":"BD02","distance_to_nearest_m":3933}},{"type":"Feature","geometry":{"type":"Point","coordinates":[55.391243,25.341784]},"properties":{"competitor_id":"n4939189888","name":"Al Mashaheer Ladies Salon","category":"hairdresser","tier":"value","rating":4.31,"nearest_branch_id":"BD02","distance_to_nearest_m":4029}},{"type":"Feature","geometry":{"type":"Point","coordinates":[55.392978,25.346393]},"properties":{"competitor_id":"n4940508738","name":"Amman Al Malald","category":"hairdresser","tier":"value","rating":4.85,"nearest_branch_id":"BD02","distance_to_nearest_m":3999}},{"type":"Feature","geometry":{"type":"Point","coordinates":[55.394883,25.356697]},"properties":{"competitor_id":"n4940561222","name":"Al Falaj Hair Dressing Saloon","category":"hairdresser","tier":"value","rating":4.05,"nearest_branch_id":"BD02","distance_to_nearest_m":4354}},{"type":"Feature","geometry":{"type":"Point","coordinates":[55.395056,25.356247]},"properties":{"competitor_id":"n4940561239","name":"Noor Asia Hairdressing Salon","category":"hairdresser","tier":"value","rating":4.5,"nearest_branch_id":"BD02","distance_to_nearest_m":4312}},{"type":"Feature","geometry":{"type":"Point","coordinates":[55.458736,25.261024]},"properties":{"competitor_id":"n4940649239","name":"Bab Al Khawaneej Gents Salon","category":"beauty_salon","tier":"mid","rating":4.21,"nearest_branch_id":"BD08","distance_to_nearest_m":4769}},{"type":"Feature","geometry":{"type":"Point","coordinates":[55.389539,25.346442]},"properties":{"competitor_id":"n4940824134","name":"Unnamed salon (OSM)","category":"beauty_salon","tier":"mid","rating":4.46,"nearest_branch_id":"BD02","distance_to_nearest_m":4328}},{"type":"Feature","geometry":{"type":"Point","coordinates":[55.38942,25.344461]},"properties":{"competitor_id":"n4940824166","name":"Mamlakat Al Anaqa","category":"hairdresser","tier":"value","rating":3.69,"nearest_branch_id":"BD02","distance_to_nearest_m":4277}},{"type":"Feature","geometry":{"type":"Point","coordinates":[55.389997,25.345089]},"properties":{"competitor_id":"n4940824179","name":"Atir Maa Al Ward Ladies Salon","category":"hairdresser","tier":"value","rating":4.49,"nearest_branch_id":"BD02","distance_to_nearest_m":4240}},{"type":"Feature","geometry":{"type":"Point","coordinates":[55.389554,25.34528]},"properties":{"competitor_id":"n4940824185","name":"Unnamed salon (OSM)","category":"hairdresser","tier":"value","rating":3.75,"nearest_branch_id":"BD02","distance_to_nearest_m":4289}},{"type":"Feature","geometry":{"type":"Point","coordinates":[55.39271,25.340942]},"properties":{"competitor_id":"n4940881881","name":"Al Ameera Al Saghera Ladies Salon","category":"hairdresser","tier":"value","rating":5.0,"nearest_branch_id":"BD02","distance_to_nearest_m":3866}},{"type":"Feature","geometry":{"type":"Point","coordinates":[55.393937,25.342264]},"properties":{"competitor_id":"n4940881887","name":"Jawharat Al Madinah Ladies Salon","category":"hairdresser","tier":"value","rating":4.56,"nearest_branch_id":"BD02","distance_to_nearest_m":3777}},{"type":"Feature","geometry":{"type":"Point","coordinates":[55.394623,25.343102]},"properties":{"competitor_id":"n4940881898","name":"Chicago Ladies Salon","category":"hairdresser","tier":"value","rating":3.68,"nearest_branch_id":"BD02","distance_to_nearest_m":3733}},{"type":"Feature","geometry":{"type":"Point","coordinates":[55.393981,25.343477]},"properties":{"competitor_id":"n4940881912","name":"Al Taj Al Abyad Salon","category":"hairdresser","tier":"value","rating":4.71,"nearest_branch_id":"BD02","distance_to_nearest_m":3806}},{"type":"Feature","geometry":{"type":"Point","coordinates":[55.393816,25.343576]},"properties":{"competitor_id":"n4940881919","name":"Al Rabiah Salon","category":"hairdresser","tier":"value","rating":3.87,"nearest_branch_id":"BD02","distance_to_nearest_m":3825}},{"type":"Feature","geometry":{"type":"Point","coordinates":[55.392652,25.344168]},"properties":{"competitor_id":"n4940908010","name":"Al Raji","category":"hairdresser","tier":"value","rating":4.41,"nearest_branch_id":"BD02","distance_to_nearest_m":3955}},{"type":"Feature","geometry":{"type":"Point","coordinates":[55.392347,25.344331]},"properties":{"competitor_id":"n4940908018","name":"Zahrat Al Qasimiah","category":"hairdresser","tier":"value","rating":4.15,"nearest_branch_id":"BD02","distance_to_nearest_m":3990}},{"type":"Feature","geometry":{"type":"Point","coordinates":[55.392041,25.343952]},"properties":{"competitor_id":"n4940912640","name":"Noor Al Safa","category":"hairdresser","tier":"value","rating":4.39,"nearest_branch_id":"BD02","distance_to_nearest_m":4008}},{"type":"Feature","geometry":{"type":"Point","coordinates":[55.392862,25.343494]},"properties":{"competitor_id":"n4940912650","name":"Al Najm Al Malaki Ladies Salon","category":"beauty_salon","tier":"mid","rating":4.81,"nearest_branch_id":"BD02","distance_to_nearest_m":3915}},{"type":"Feature","geometry":{"type":"Point","coordinates":[55.39184,25.338796]},"properties":{"competitor_id":"n4940948941","name":"Nawaem Al Sham","category":"beauty_salon","tier":"mid","rating":4.79,"nearest_branch_id":"BD02","distance_to_nearest_m":3915}},{"type":"Feature","geometry":{"type":"Point","coordinates":[55.39091,25.339868]},"properties":{"competitor_id":"n4940948953","name":"Bait Al Khaleej Ladies Salon","category":"hairdresser","tier":"value","rating":4.62,"nearest_branch_id":"BD02","distance_to_nearest_m":4024}},{"type":"Feature","geometry":{"type":"Point","coordinates":[55.392899,25.346433]},"properties":{"competitor_id":"n4940989636","name":"Al Kanz","category":"hairdresser","tier":"value","rating":4.24,"nearest_branch_id":"BD02","distance_to_nearest_m":4008}},{"type":"Feature","geometry":{"type":"Point","coordinates":[55.412836,25.299996]},"properties":{"competitor_id":"n4941191162","name":"Al Wakre Gent. Salon","category":"hairdresser","tier":"value","rating":4.71,"nearest_branch_id":"BD02","distance_to_nearest_m":4215}},{"type":"Feature","geometry":{"type":"Point","coordinates":[55.402251,25.345808]},"properties":{"competitor_id":"n4942944714","name":"SHona Hair Dressing Saloon","category":"hairdresser","tier":"value","rating":4.31,"nearest_branch_id":"BD02","distance_to_nearest_m":3109}},{"type":"Feature","geometry":{"type":"Point","coordinates":[55.402322,25.34592]},"properties":{"competitor_id":"n4942944720","name":"Al Dheya Hairdressing Salon","category":"hairdresser","tier":"value","rating":4.78,"nearest_branch_id":"BD02","distance_to_nearest_m":3108}},{"type":"Feature","geometry":{"type":"Point","coordinates":[55.40242,25.346027]},"properties":{"competitor_id":"n4942948327","name":"Al Aydi Al Naema Ladies Saloon","category":"hairdresser","tier":"value","rating":4.27,"nearest_branch_id":"BD02","distance_to_nearest_m":3104}},{"type":"Feature","geometry":{"type":"Point","coordinates":[55.402435,25.346056]},"properties":{"competitor_id":"n4942948328","name":"Bab Al Sharq Gents Salon","category":"hairdresser","tier":"value","rating":3.97,"nearest_branch_id":"BD02","distance_to_nearest_m":3104}},{"type":"Feature","geometry":{"type":"Point","coordinates":[55.402885,25.346769]},"properties":{"competitor_id":"n4942954200","name":"Glitter Ladies Saloon","category":"hairdresser","tier":"value","rating":3.42,"nearest_branch_id":"BD02","distance_to_nearest_m":3097}},{"type":"Feature","geometry":{"type":"Point","coordinates":[55.402563,25.345941]},"properties":{"competitor_id":"n4942997948","name":"Al Nujoom Al Tissa Saloon","category":"hairdresser","tier":"value","rating":4.16,"nearest_branch_id":"BD02","distance_to_nearest_m":3087}},{"type":"Feature","geometry":{"type":"Point","coordinates":[55.402577,25.345961]},"properties":{"competitor_id":"n4942997949","name":"Al Rafahiah Hairdressing Saloon","category":"hairdresser","tier":"value","rating":4.53,"nearest_branch_id":"BD02","distance_to_nearest_m":3086}},{"type":"Feature","geometry":{"type":"Point","coordinates":[55.404062,25.346735]},"properties":{"competitor_id":"n4943118604","name":"Habtamu Haile Gents Saloon","category":"hairdresser","tier":"value","rating":4.73,"nearest_branch_id":"BD02","distance_to_nearest_m":2990}},{"type":"Feature","geometry":{"type":"Point","coordinates":[55.404088,25.346729]},"properties":{"competitor_id":"n4943118605","name":"Sama Wasit Hairdressing Salon","category":"hairdresser","tier":"value","rating":4.29,"nearest_branch_id":"BD02","distance_to_nearest_m":2987}},{"type":"Feature","geometry":{"type":"Point","coordinates":[55.399582,25.34688]},"properties":{"competitor_id":"n4943146851","name":"Headway Hairdressing Salon","category":"hairdresser","tier":"value","rating":4.33,"nearest_branch_id":"BD02","distance_to_nearest_m":3403}},{"type":"Feature","geometry":{"type":"Point","coordinates":[55.39968,25.347113]},"properties":{"competitor_id":"n4943146860","name":"Reina Victoria Ladies Salon","category":"hairdresser","tier":"value","rating":5.0,"nearest_branch_id":"BD02","distance_to_nearest_m":3405}},{"type":"Feature","geometry":{"type":"Point","coordinates":[55.399658,25.348786]},"properties":{"competitor_id":"n4943158762","name":"Faan Al Alwan Hairdressing Salon","category":"hairdresser","tier":"value","rating":3.59,"nearest_branch_id":"BD02","distance_to_nearest_m":3488}},{"type":"Feature","geometry":{"type":"Point","coordinates":[55.401206,25.348357]},"properties":{"competitor_id":"n4943176067","name":"Zahrat Maisalon Gents Salon","category":"hairdresser","tier":"value","rating":3.72,"nearest_branch_id":"BD02","distance_to_nearest_m":3328}},{"type":"Feature","geometry":{"type":"Point","coordinates":[55.40242,25.347699]},"properties":{"competitor_id":"n4943179748","name":"Zahrat Al Jamal Ladies Salon","category":"hairdresser","tier":"value","rating":4.27,"nearest_branch_id":"BD02","distance_to_nearest_m":3186}},{"type":"Feature","geometry":{"type":"Point","coordinates":[55.403018,25.34735]},"properties":{"competitor_id":"n4943179762","name":"Womans Wish Ladies Beauty Salon","category":"beauty_salon","tier":"mid","rating":4.44,"nearest_branch_id":"BD02","distance_to_nearest_m":3115}},{"type":"Feature","geometry":{"type":"Point","coordinates":[55.408309,25.354022]},"properties":{"competitor_id":"n4944209350","name":"Dallas Ladies Salon","category":"hairdresser","tier":"value","rating":4.12,"nearest_branch_id":"BD02","distance_to_nearest_m":3120}},{"type":"Feature","geometry":{"type":"Point","coordinates":[55.40821,25.353869]},"properties":{"competitor_id":"n4944209352","name":"Sana Beauty Centre","category":"beauty_salon","tier":"mid","rating":4.18,"nearest_branch_id":"BD02","distance_to_nearest_m":3115}},{"type":"Feature","geometry":{"type":"Point","coordinates":[55.407099,25.352267]},"properties":{"competitor_id":"n4944224062","name":"Qous Quzar","category":"hairdresser","tier":"value","rating":4.01,"nearest_branch_id":"BD02","distance_to_nearest_m":3079}},{"type":"Feature","geometry":{"type":"Point","coordinates":[55.407034,25.352168]},"properties":{"competitor_id":"n4944224063","name":"Al Jamal Al Raqi Ladies Salon","category":"hairdresser","tier":"value","rating":3.81,"nearest_branch_id":"BD02","distance_to_nearest_m":3077}},{"type":"Feature","geometry":{"type":"Point","coordinates":[55.406545,25.354859]},"properties":{"competitor_id":"n4944409432","name":"Al Tareekh Ladies Salon","category":"hairdresser","tier":"value","rating":4.96,"nearest_branch_id":"BD02","distance_to_nearest_m":3313}},{"type":"Feature","geometry":{"type":"Point","coordinates":[55.4071,25.354785]},"properties":{"competitor_id":"n4944409443","name":"Cherocky Hairdressing Saloon","category":"hairdresser","tier":"value","rating":4.58,"nearest_branch_id":"BD02","distance_to_nearest_m":3266}},{"type":"Feature","geometry":{"type":"Point","coordinates":[55.407468,25.35459]},"properties":{"competitor_id":"n4944409456","name":"Al Rahah Hairdressing Salon","category":"hairdresser","tier":"value","rating":4.03,"nearest_branch_id":"BD02","distance_to_nearest_m":3225}},{"type":"Feature","geometry":{"type":"Point","coordinates":[55.406889,25.351983]},"properties":{"competitor_id":"n4944441420","name":"Mohd. Razzaq Hairdressing Saloon","category":"hairdresser","tier":"value","rating":4.18,"nearest_branch_id":"BD02","distance_to_nearest_m":3075}},{"type":"Feature","geometry":{"type":"Point","coordinates":[55.403242,25.35433]},"properties":{"competitor_id":"n4944601442","name":"Ethiopia Ladies Salon","category":"hairdresser","tier":"value","rating":4.23,"nearest_branch_id":"BD02","distance_to_nearest_m":3524}},{"type":"Feature","geometry":{"type":"Point","coordinates":[55.404158,25.353797]},"properties":{"competitor_id":"n4944605697","name":"Dar Al Virdo Ladies Saloon","category":"hairdresser","tier":"value","rating":3.76,"nearest_branch_id":"BD02","distance_to_nearest_m":3415}},{"type":"Feature","geometry":{"type":"Point","coordinates":[55.404326,25.353705]},"properties":{"competitor_id":"n4944605704","name":"Imtiaz Hairdressing Salon","category":"hairdresser","tier":"value","rating":4.14,"nearest_branch_id":"BD02","distance_to_nearest_m":3395}},{"type":"Feature","geometry":{"type":"Point","coordinates":[55.406045,25.352727]},"properties":{"competitor_id":"n4944609575","name":"Al Barsha Hairdressing Salon","category":"hairdresser","tier":"value","rating":4.56,"nearest_branch_id":"BD02","distance_to_nearest_m":3193}},{"type":"Feature","geometry":{"type":"Point","coordinates":[55.401595,25.351296]},"properties":{"competitor_id":"n4944635522","name":"Mohd. Yousif Ghulam Hairdressing Saloon","category":"hairdresser","tier":"value","rating":4.51,"nearest_branch_id":"BD02","distance_to_nearest_m":3459}},{"type":"Feature","geometry":{"type":"Point","coordinates":[55.401195,25.350913]},"properties":{"competitor_id":"n4944653843","name":"Al Barakh Hairdressing Saloon","category":"hairdresser","tier":"value","rating":3.67,"nearest_branch_id":"BD02","distance_to_nearest_m":3471}},{"type":"Feature","geometry":{"type":"Point","coordinates":[55.404859,25.345974]},"properties":{"competitor_id":"n4944731931","name":"Al Habasha Ladies Saloon","category":"hairdresser","tier":"value","rating":4.85,"nearest_branch_id":"BD02","distance_to_nearest_m":2880}},{"type":"Feature","geometry":{"type":"Point","coordinates":[55.403619,25.3451]},"properties":{"competitor_id":"n4944752632","name":"Al Adil Hairdressing Salon","category":"hairdresser","tier":"value","rating":4.14,"nearest_branch_id":"BD02","distance_to_nearest_m":2952}},{"type":"Feature","geometry":{"type":"Point","coordinates":[55.404211,25.344774]},"properties":{"competitor_id":"n4944752649","name":"Danat Africa Ladies Saloon","category":"hairdresser","tier":"value","rating":4.12,"nearest_branch_id":"BD02","distance_to_nearest_m":2883}},{"type":"Feature","geometry":{"type":"Point","coordinates":[55.403405,25.353873]},"properties":{"competitor_id":"n4944802163","name":"Zone Hairdressing Saloon","category":"hairdresser","tier":"value","rating":4.05,"nearest_branch_id":"BD02","distance_to_nearest_m":3479}},{"type":"Feature","geometry":{"type":"Point","coordinates":[55.40289,25.350103]},"properties":{"competitor_id":"n4944816680","name":"Al Warda Al Safra Ladies Saloon","category":"hairdresser","tier":"value","rating":3.81,"nearest_branch_id":"BD02","distance_to_nearest_m":3278}},{"type":"Feature","geometry":{"type":"Point","coordinates":[55.405882,25.352447]},"properties":{"competitor_id":"n4944848418","name":"Al Ghareeb Hair Salon","category":"hairdresser","tier":"value","rating":4.36,"nearest_branch_id":"BD02","distance_to_nearest_m":3186}},{"type":"Feature","geometry":{"type":"Point","coordinates":[55.402929,25.351122]},"properties":{"competitor_id":"n4944882510","name":"Naseem Allail Ladies Saloon","category":"hairdresser","tier":"value","rating":4.76,"nearest_branch_id":"BD02","distance_to_nearest_m":3337}},{"type":"Feature","geometry":{"type":"Point","coordinates":[55.403117,25.351015]},"properties":{"competitor_id":"n4944882514","name":"Al Aydi Naseeah Ladies Saloon","category":"hairdresser","tier":"value","rating":4.83,"nearest_branch_id":"BD02","distance_to_nearest_m":3315}},{"type":"Feature","geometry":{"type":"Point","coordinates":[55.406767,25.346528]},"properties":{"competitor_id":"n4944896942","name":"Casa Blanca Ladies Saloon","category":"hairdresser","tier":"value","rating":4.48,"nearest_branch_id":"BD02","distance_to_nearest_m":2740}},{"type":"Feature","geometry":{"type":"Point","coordinates":[55.40414,25.34616]},"properties":{"competitor_id":"n4944906694","name":"Al Nelin Gents Salon","category":"hairdresser","tier":"value","rating":3.72,"nearest_branch_id":"BD02","distance_to_nearest_m":2954}},{"type":"Feature","geometry":{"type":"Point","coordinates":[55.407162,25.354135]},"properties":{"competitor_id":"n4952755163","name":"Husn Al Aroos Ladies Salon","category":"beauty_salon","tier":"mid","rating":4.83,"nearest_branch_id":"BD02","distance_to_nearest_m":3212}},{"type":"Feature","geometry":{"type":"Point","coordinates":[55.406742,25.354378]},"properties":{"competitor_id":"n4952755164","name":"Najim Al Nejoum Ladies Saloon","category":"beauty_salon","tier":"mid","rating":4.93,"nearest_branch_id":"BD02","distance_to_nearest_m":3261}},{"type":"Feature","geometry":{"type":"Point","coordinates":[55.403245,25.354759]},"properties":{"competitor_id":"n4952850538","name":"Al Shmoukh Beauty Salon","category":"beauty_salon","tier":"mid","rating":4.61,"nearest_branch_id":"BD02","distance_to_nearest_m":3554}},{"type":"Feature","geometry":{"type":"Point","coordinates":[55.389161,25.350537]},"properties":{"competitor_id":"n4952935328","name":"Preethi Ladies Saloon","category":"beauty_salon","tier":"mid","rating":4.41,"nearest_branch_id":"BD02","distance_to_nearest_m":4525}},{"type":"Feature","geometry":{"type":"Point","coordinates":[55.389736,25.351341]},"properties":{"competitor_id":"n4952935341","name":"Aden Hairdressing Saloon","category":"hairdresser","tier":"value","rating":4.5,"nearest_branch_id":"BD02","distance_to_nearest_m":4509}},{"type":"Feature","geometry":{"type":"Point","coordinates":[55.389809,25.351398]},"properties":{"competitor_id":"n4952935347","name":"Margo Ladies Salon","category":"beauty_salon","tier":"mid","rating":4.62,"nearest_branch_id":"BD02","distance_to_nearest_m":4505}},{"type":"Feature","geometry":{"type":"Point","coordinates":[55.389169,25.351527]},"properties":{"competitor_id":"n4952956246","name":"Top Beauty Ladies Saloon","category":"beauty_salon","tier":"mid","rating":4.79,"nearest_branch_id":"BD02","distance_to_nearest_m":4569}},{"type":"Feature","geometry":{"type":"Point","coordinates":[55.387568,25.35123]},"properties":{"competitor_id":"n4952956264","name":"Etir Al Rabee Ladies Salon","category":"beauty_salon","tier":"mid","rating":3.95,"nearest_branch_id":"BD02","distance_to_nearest_m":4703}},{"type":"Feature","geometry":{"type":"Point","coordinates":[55.387304,25.351235]},"properties":{"competitor_id":"n4952956267","name":"Miami Beauty Salon","category":"beauty_salon","tier":"mid","rating":4.71,"nearest_branch_id":"BD02","distance_to_nearest_m":4727}},{"type":"Feature","geometry":{"type":"Point","coordinates":[55.391593,25.350398]},"properties":{"competitor_id":"n4952986809","name":"Gent Saloon","category":"hairdresser","tier":"value","rating":3.88,"nearest_branch_id":"BD02","distance_to_nearest_m":4296}},{"type":"Feature","geometry":{"type":"Point","coordinates":[55.394666,25.349479]},"properties":{"competitor_id":"n4953075419","name":"Qasr Al Ameerat Beauty Salon","category":"beauty_salon","tier":"mid","rating":4.84,"nearest_branch_id":"BD02","distance_to_nearest_m":3972}},{"type":"Feature","geometry":{"type":"Point","coordinates":[55.392103,25.349998]},"properties":{"competitor_id":"n4953077348","name":"Diwan Al Melook Hairdressing Salon","category":"hairdresser","tier":"value","rating":4.39,"nearest_branch_id":"BD02","distance_to_nearest_m":4230}},{"type":"Feature","geometry":{"type":"Point","coordinates":[55.392027,25.349984]},"properties":{"competitor_id":"n4953077349","name":"Al Nadirah Ladies Saloon","category":"beauty_salon","tier":"mid","rating":4.52,"nearest_branch_id":"BD02","distance_to_nearest_m":4237}},{"type":"Feature","geometry":{"type":"Point","coordinates":[55.390471,25.349127]},"properties":{"competitor_id":"n4953101578","name":"Al Maraya Beauty Salon","category":"beauty_salon","tier":"mid","rating":4.43,"nearest_branch_id":"BD02","distance_to_nearest_m":4343}},{"type":"Feature","geometry":{"type":"Point","coordinates":[55.391224,25.350164]},"properties":{"competitor_id":"n4953138681","name":"Sarina Ladies Salon","category":"beauty_salon","tier":"mid","rating":4.14,"nearest_branch_id":"BD02","distance_to_nearest_m":4319}},{"type":"Feature","geometry":{"type":"Point","coordinates":[55.39255,25.350469]},"properties":{"competitor_id":"n4953138688","name":"Qasar Al Mansorah Ladies Salon","category":"beauty_salon","tier":"mid","rating":4.57,"nearest_branch_id":"BD02","distance_to_nearest_m":4212}},{"type":"Feature","geometry":{"type":"Point","coordinates":[55.392823,25.350316]},"properties":{"competitor_id":"n4953138692","name":"Al Rajul Al Muhtaram Hairdressing Salon","category":"hairdresser","tier":"value","rating":4.06,"nearest_branch_id":"BD02","distance_to_nearest_m":4179}},{"type":"Feature","geometry":{"type":"Point","coordinates":[55.39305,25.349087]},"properties":{"competitor_id":"n4953182225","name":"Karaz Ladies Salon","category":"beauty_salon","tier":"mid","rating":4.59,"nearest_branch_id":"BD02","distance_to_nearest_m":4102}},{"type":"Feature","geometry":{"type":"Point","coordinates":[55.392719,25.348512]},"properties":{"competitor_id":"n4953182238","name":"Al Mathhar Al Mumtaz Hairdressing Salon","category":"hairdresser","tier":"value","rating":4.69,"nearest_branch_id":"BD02","distance_to_nearest_m":4108}},{"type":"Feature","geometry":{"type":"Point","coordinates":[55.392686,25.348468]},"properties":{"competitor_id":"n4953182240","name":"Addis Ababa Ladies Saloon","category":"beauty_salon","tier":"mid","rating":4.21,"nearest_branch_id":"BD02","distance_to_nearest_m":4109}},{"type":"Feature","geometry":{"type":"Point","coordinates":[55.392652,25.348412]},"properties":{"competitor_id":"n4953182242","name":"Qemat Al Fakhaman Ladies Saloon","category":"beauty_salon","tier":"mid","rating":4.55,"nearest_branch_id":"BD02","distance_to_nearest_m":4110}},{"type":"Feature","geometry":{"type":"Point","coordinates":[55.391942,25.347537]},"properties":{"competitor_id":"n4953182250","name":"Arous Al Ahlam Beauty Centre","category":"beauty_salon","tier":"mid","rating":4.79,"nearest_branch_id":"BD02","distance_to_nearest_m":4141}},{"type":"Feature","geometry":{"type":"Point","coordinates":[55.391835,25.347371]},"properties":{"competitor_id":"n4953182253","name":"Durat Al Madeena Gents Salon","category":"hairdresser","tier":"value","rating":4.11,"nearest_branch_id":"BD02","distance_to_nearest_m":4144}},{"type":"Feature","geometry":{"type":"Point","coordinates":[55.391705,25.347193]},"properties":{"competitor_id":"n4953182256","name":"Al Inekas Ladies Salon","category":"beauty_salon","tier":"mid","rating":4.76,"nearest_branch_id":"BD02","distance_to_nearest_m":4150}},{"type":"Feature","geometry":{"type":"Point","coordinates":[55.391926,25.346753]},"properties":{"competitor_id":"n4953232418","name":"Al Fadha Hairdressing Saloon","category":"hairdresser","tier":"value","rating":4.03,"nearest_branch_id":"BD02","distance_to_nearest_m":4112}},{"type":"Feature","geometry":{"type":"Point","coordinates":[55.392593,25.346775]},"properties":{"competitor_id":"n4953233728","name":"Al Enyah Al Sehriah Beauty Salon","category":"beauty_salon","tier":"mid","rating":4.25,"nearest_branch_id":"BD02","distance_to_nearest_m":4050}},{"type":"Feature","geometry":{"type":"Point","coordinates":[55.393243,25.347738]},"properties":{"competitor_id":"n4953233741","name":"Lamasat Al Maghrib Ladies Salon","category":"beauty_salon","tier":"mid","rating":4.44,"nearest_branch_id":"BD02","distance_to_nearest_m":4027}},{"type":"Feature","geometry":{"type":"Point","coordinates":[55.397325,25.346704]},"properties":{"competitor_id":"n4953233760","name":"Al Buraq Hairdressing Saloon","category":"hairdresser","tier":"value","rating":4.07,"nearest_branch_id":"BD02","distance_to_nearest_m":3604}},{"type":"Feature","geometry":{"type":"Point","coordinates":[55.396817,25.348256]},"properties":{"competitor_id":"n4953272457","name":"Rukn Lamsat Aljamal Beauty Salon","category":"beauty_salon","tier":"mid","rating":4.45,"nearest_branch_id":"BD02","distance_to_nearest_m":3719}},{"type":"Feature","geometry":{"type":"Point","coordinates":[55.396278,25.347893]},"properties":{"competitor_id":"n4953272506","name":"Al Rawasy Hairdressing Salon","category":"hairdresser","tier":"value","rating":4.33,"nearest_branch_id":"BD02","distance_to_nearest_m":3752}},{"type":"Feature","geometry":{"type":"Point","coordinates":[55.396158,25.348669]},"properties":{"competitor_id":"n4953272520","name":"Al Karaz Al Ahmar Beauty Salon","category":"beauty_salon","tier":"mid","rating":4.46,"nearest_branch_id":"BD02","distance_to_nearest_m":3798}},{"type":"Feature","geometry":{"type":"Point","coordinates":[55.39605,25.348703]},"properties":{"competitor_id":"n4953272722","name":"Zahrat Al Mawafjah Gents Salon","category":"hairdresser","tier":"value","rating":4.34,"nearest_branch_id":"BD02","distance_to_nearest_m":3810}},{"type":"Feature","geometry":{"type":"Point","coordinates":[55.39536,25.349135]},"properties":{"competitor_id":"n4953272728","name":"Eshraqat Bint Al Balad Ladies Saloon","category":"beauty_salon","tier":"mid","rating":4.38,"nearest_branch_id":"BD02","distance_to_nearest_m":3893}},{"type":"Feature","geometry":{"type":"Point","coordinates":[55.394956,25.349311]},"properties":{"competitor_id":"n4953312095","name":"Perfect Gents Salon","category":"hairdresser","tier":"value","rating":4.24,"nearest_branch_id":"BD02","distance_to_nearest_m":3938}},{"type":"Feature","geometry":{"type":"Point","coordinates":[55.394227,25.349518]},"properties":{"competitor_id":"n4953312103","name":"Al Inayah Hairdressing Salon","category":"hairdresser","tier":"value","rating":4.45,"nearest_branch_id":"BD02","distance_to_nearest_m":4014}},{"type":"Feature","geometry":{"type":"Point","coordinates":[55.394048,25.349201]},"properties":{"competitor_id":"n4953312109","name":"Sayedat Al Anaqah Ladies Salon","category":"beauty_salon","tier":"mid","rating":4.13,"nearest_branch_id":"BD02","distance_to_nearest_m":4016}},{"type":"Feature","geometry":{"type":"Point","coordinates":[55.393892,25.349005]},"properties":{"competitor_id":"n4953312117","name":"Al Nujoom Ladies Salon","category":"beauty_salon","tier":"mid","rating":4.74,"nearest_branch_id":"BD02","distance_to_nearest_m":4021}},{"type":"Feature","geometry":{"type":"Point","coordinates":[55.394044,25.349624]},"properties":{"competitor_id":"n4953531794","name":"Al Dheya Hairdressing Salon","category":"hairdresser","tier":"value","rating":3.8,"nearest_branch_id":"BD02","distance_to_nearest_m":4036}},{"type":"Feature","geometry":{"type":"Point","coordinates":[55.391323,25.347603]},"properties":{"competitor_id":"n4953532325","name":"Nowfal Salon","category":"beauty_salon","tier":"mid","rating":4.9,"nearest_branch_id":"BD02","distance_to_nearest_m":4202}},{"type":"Feature","geometry":{"type":"Point","coordinates":[55.393631,25.349551]},"properties":{"competitor_id":"n4953565704","name":"Alpha Hairdressing Saloon","category":"hairdresser","tier":"value","rating":4.69,"nearest_branch_id":"BD02","distance_to_nearest_m":4070}},{"type":"Feature","geometry":{"type":"Point","coordinates":[55.393591,25.349525]},"properties":{"competitor_id":"n4953565705","name":"Al Wajh Al Saeed Ladies Saloon","category":"beauty_salon","tier":"mid","rating":4.6,"nearest_branch_id":"BD02","distance_to_nearest_m":4072}},{"type":"Feature","geometry":{"type":"Point","coordinates":[55.392834,25.348496]},"properties":{"competitor_id":"n4953567227","name":"Jumanah Gents Saloon","category":"hairdresser","tier":"value","rating":4.37,"nearest_branch_id":"BD02","distance_to_nearest_m":4097}},{"type":"Feature","geometry":{"type":"Point","coordinates":[55.39234,25.347788]},"properties":{"competitor_id":"n4953567243","name":"New Style Ladies Salon","category":"beauty_salon","tier":"mid","rating":5.0,"nearest_branch_id":"BD02","distance_to_nearest_m":4114}},{"type":"Feature","geometry":{"type":"Point","coordinates":[55.392257,25.347677]},"properties":{"competitor_id":"n4953567244","name":"Al Saqr Al Thahbi Hairdressing Saloon","category":"hairdresser","tier":"value","rating":4.14,"nearest_branch_id":"BD02","distance_to_nearest_m":4117}},{"type":"Feature","geometry":{"type":"Point","coordinates":[55.392218,25.346836]},"properties":{"competitor_id":"n4953581499","name":"Hamsah Ladies Salon","category":"beauty_salon","tier":"mid","rating":4.14,"nearest_branch_id":"BD02","distance_to_nearest_m":4088}},{"type":"Feature","geometry":{"type":"Point","coordinates":[55.392811,25.347469]},"properties":{"competitor_id":"n4953581515","name":"Al Aliah Ladies Saloon","category":"beauty_salon","tier":"mid","rating":4.47,"nearest_branch_id":"BD02","distance_to_nearest_m":4057}},{"type":"Feature","geometry":{"type":"Point","coordinates":[55.39701,25.347654]},"properties":{"competitor_id":"n4953615365","name":"Al Najma Al Thaqibah Ladies Saloon","category":"beauty_salon","tier":"mid","rating":4.72,"nearest_branch_id":"BD02","distance_to_nearest_m":3674}},{"type":"Feature","geometry":{"type":"Point","coordinates":[55.396048,25.348518]},"properties":{"competitor_id":"n4953617949","name":"Koukh Al Jamal Ladies Saloon","category":"beauty_salon","tier":"mid","rating":4.39,"nearest_branch_id":"BD02","distance_to_nearest_m":3801}},{"type":"Feature","geometry":{"type":"Point","coordinates":[55.407804,25.311711]},"properties":{"competitor_id":"n4955137106","name":"Saloon","category":"hairdresser","tier":"value","rating":4.28,"nearest_branch_id":"BD02","distance_to_nearest_m":3399}},{"type":"Feature","geometry":{"type":"Point","coordinates":[55.414917,25.320351]},"properties":{"competitor_id":"n4955346628","name":"Hazaa Hairdressing Salon","category":"hairdresser","tier":"value","rating":4.35,"nearest_branch_id":"BD02","distance_to_nearest_m":2210}},{"type":"Feature","geometry":{"type":"Point","coordinates":[55.421749,25.329572]},"properties":{"competitor_id":"n4955454175","name":"Zahbat Al Jardoo Ladies Salon","category":"hairdresser","tier":"value","rating":4.04,"nearest_branch_id":"BD02","distance_to_nearest_m":1029}},{"type":"Feature","geometry":{"type":"Point","coordinates":[55.423236,25.332055]},"properties":{"competitor_id":"n4955454199","name":"Saly Ladies Salon","category":"hairdresser","tier":"value","rating":4.77,"nearest_branch_id":"BD02","distance_to_nearest_m":774}},{"type":"Feature","geometry":{"type":"Point","coordinates":[55.425883,25.335571]},"properties":{"competitor_id":"n4955503483","name":"Al Rawa - Beauty Arts & Training Center","category":"hairdresser","tier":"value","rating":4.59,"nearest_branch_id":"BD02","distance_to_nearest_m":482}},{"type":"Feature","geometry":{"type":"Point","coordinates":[55.434341,25.347547]},"properties":{"competitor_id":"n4957169329","name":"Ladies Salon","category":"hairdresser","tier":"value","rating":4.94,"nearest_branch_id":"BD02","distance_to_nearest_m":1513}},{"type":"Feature","geometry":{"type":"Point","coordinates":[55.435093,25.348457]},"properties":{"competitor_id":"n4957230644","name":"Al Awtar","category":"hairdresser","tier":"value","rating":3.64,"nearest_branch_id":"BD02","distance_to_nearest_m":1631}},{"type":"Feature","geometry":{"type":"Point","coordinates":[55.435174,25.348497]},"properties":{"competitor_id":"n4957230645","name":"Beauty Saloon","category":"hairdresser","tier":"value","rating":4.63,"nearest_branch_id":"BD02","distance_to_nearest_m":1637}},{"type":"Feature","geometry":{"type":"Point","coordinates":[55.431829,25.345201]},"properties":{"competitor_id":"n4957290097","name":"Qatr Alnada Ladies Salon","category":"hairdresser","tier":"value","rating":3.81,"nearest_branch_id":"BD02","distance_to_nearest_m":1210}},{"type":"Feature","geometry":{"type":"Point","coordinates":[55.243541,25.142633]},"properties":{"competitor_id":"n4999302521","name":"Gents Hair Saloon","category":"hairdresser","tier":"value","rating":4.54,"nearest_branch_id":"BD06","distance_to_nearest_m":2570}},{"type":"Feature","geometry":{"type":"Point","coordinates":[55.142292,25.072172]},"properties":{"competitor_id":"n5259690206","name":"In The Hair JLT","category":"hairdresser","tier":"value","rating":4.62,"nearest_branch_id":"BD09","distance_to_nearest_m":3076}},{"type":"Feature","geometry":{"type":"Point","coordinates":[55.226523,25.184073]},"properties":{"competitor_id":"n5530240934","name":"Elata Beauty","category":"beauty_salon","tier":"mid","rating":4.19,"nearest_branch_id":"BD06","distance_to_nearest_m":2703}},{"type":"Feature","geometry":{"type":"Point","coordinates":[55.270988,25.222787]},"properties":{"competitor_id":"n5652435720","name":"Unnamed salon (OSM)","category":"hairdresser","tier":"value","rating":4.59,"nearest_branch_id":"BD03","distance_to_nearest_m":1867}},{"type":"Feature","geometry":{"type":"Point","coordinates":[55.131929,25.068111]},"properties":{"competitor_id":"n5839565689","name":"Unnamed salon (OSM)","category":"beauty_salon","tier":"mid","rating":4.54,"nearest_branch_id":"BD09","distance_to_nearest_m":3294}},{"type":"Feature","geometry":{"type":"Point","coordinates":[55.149047,25.091206]},"properties":{"competitor_id":"n5839567186","name":"Celui Beauty","category":"beauty_salon","tier":"mid","rating":4.42,"nearest_branch_id":"BD10","distance_to_nearest_m":3226}},{"type":"Feature","geometry":{"type":"Point","coordinates":[55.201172,25.118192]},"properties":{"competitor_id":"n5851361112","name":"Aldo Accessory","category":"beauty_salon","tier":"mid","rating":4.27,"nearest_branch_id":"BD07","distance_to_nearest_m":2311}},{"type":"Feature","geometry":{"type":"Point","coordinates":[55.200662,25.11863]},"properties":{"competitor_id":"n5851405885","name":"Debenhams","category":"beauty_salon","tier":"mid","rating":4.47,"nearest_branch_id":"BD07","distance_to_nearest_m":2381}},{"type":"Feature","geometry":{"type":"Point","coordinates":[55.203101,25.110457]},"properties":{"competitor_id":"n5873227386","name":"Unnamed salon (OSM)","category":"beauty_salon","tier":"mid","rating":4.56,"nearest_branch_id":"BD07","distance_to_nearest_m":1584}},{"type":"Feature","geometry":{"type":"Point","coordinates":[55.203738,25.110562]},"properties":{"competitor_id":"n5873227387","name":"Unnamed salon (OSM)","category":"hairdresser","tier":"value","rating":4.22,"nearest_branch_id":"BD07","distance_to_nearest_m":1539}},{"type":"Feature","geometry":{"type":"Point","coordinates":[55.205723,25.112163]},"properties":{"competitor_id":"n5873230388","name":"Unnamed salon (OSM)","category":"hairdresser","tier":"value","rating":4.44,"nearest_branch_id":"BD07","distance_to_nearest_m":1506}},{"type":"Feature","geometry":{"type":"Point","coordinates":[55.205198,25.111167]},"properties":{"competitor_id":"n5873230685","name":"Unnamed salon (OSM)","category":"beauty_salon","tier":"mid","rating":4.84,"nearest_branch_id":"BD07","distance_to_nearest_m":1467}},{"type":"Feature","geometry":{"type":"Point","coordinates":[55.386278,25.32186]},"properties":{"competitor_id":"n5919365240","name":"pafan ladies saloon","category":"hairdresser","tier":"value","rating":4.39,"nearest_branch_id":"BD02","distance_to_nearest_m":4657}},{"type":"Feature","geometry":{"type":"Point","coordinates":[55.387199,25.322409]},"properties":{"competitor_id":"n5920024118","name":"opera salon","category":"hairdresser","tier":"value","rating":4.35,"nearest_branch_id":"BD02","distance_to_nearest_m":4550}},{"type":"Feature","geometry":{"type":"Point","coordinates":[55.386376,25.32291]},"properties":{"competitor_id":"n5920024124","name":"al ibtesama al basima beauty centre","category":"hairdresser","tier":"value","rating":5.0,"nearest_branch_id":"BD02","distance_to_nearest_m":4614}},{"type":"Feature","geometry":{"type":"Point","coordinates":[55.386462,25.323016]},"properties":{"competitor_id":"n5920024126","name":"sibael sham ladies salon","category":"hairdresser","tier":"value","rating":4.47,"nearest_branch_id":"BD02","distance_to_nearest_m":4602}},{"type":"Feature","geometry":{"type":"Point","coordinates":[55.384281,25.323652]},"properties":{"competitor_id":"n5920515295","name":"tayyabat al madhar ladies saloon","category":"hairdresser","tier":"value","rating":4.45,"nearest_branch_id":"BD02","distance_to_nearest_m":4795}},{"type":"Feature","geometry":{"type":"Point","coordinates":[55.276499,25.211487]},"properties":{"competitor_id":"n6000790864","name":"Ladies First Beauty Salon","category":"beauty_salon","tier":"mid","rating":4.47,"nearest_branch_id":"BD03","distance_to_nearest_m":1517}},{"type":"Feature","geometry":{"type":"Point","coordinates":[55.255191,25.18422]},"properties":{"competitor_id":"n6012080344","name":"Silk Spa","category":"beauty_salon","tier":"premium","rating":4.37,"nearest_branch_id":"BD03","distance_to_nearest_m":2745}},{"type":"Feature","geometry":{"type":"Point","coordinates":[55.205997,25.116288]},"properties":{"competitor_id":"n6102400785","name":"صالون المروج للرجال","category":"hairdresser","tier":"value","rating":5.0,"nearest_branch_id":"BD07","distance_to_nearest_m":1849}},{"type":"Feature","geometry":{"type":"Point","coordinates":[55.195878,25.115565]},"properties":{"competitor_id":"n6237945985","name":"Al Baraja Therapy Centre","category":"massage","tier":"mid","rating":3.88,"nearest_branch_id":"BD07","distance_to_nearest_m":2506}},{"type":"Feature","geometry":{"type":"Point","coordinates":[55.277344,25.212718]},"properties":{"competitor_id":"n6373726129","name":"Pebbles","category":"beauty_salon","tier":"mid","rating":4.94,"nearest_branch_id":"BD03","distance_to_nearest_m":1636}},{"type":"Feature","geometry":{"type":"Point","coordinates":[55.26073,25.216831]},"properties":{"competitor_id":"n6576994184","name":"Caryusa Ladies Salon","category":"beauty_salon","tier":"mid","rating":3.74,"nearest_branch_id":"BD03","distance_to_nearest_m":971}},{"type":"Feature","geometry":{"type":"Point","coordinates":[55.145473,25.07532]},"properties":{"competitor_id":"n6624684709","name":"Cavallo Nero Gents Salon","category":"hairdresser","tier":"value","rating":4.42,"nearest_branch_id":"BD09","distance_to_nearest_m":3292}},{"type":"Feature","geometry":{"type":"Point","coordinates":[55.139885,25.068904]},"properties":{"competitor_id":"n6681610211","name":"Avante Garde Beauty shop","category":"beauty_salon","tier":"mid","rating":3.97,"nearest_branch_id":"BD09","distance_to_nearest_m":2868}},{"type":"Feature","geometry":{"type":"Point","coordinates":[55.111408,25.106852]},"properties":{"competitor_id":"n7066479193","name":"Rami Jabali Hair Salon","category":"hairdresser","tier":"value","rating":5.0,"nearest_branch_id":"BD10","distance_to_nearest_m":2654}},{"type":"Feature","geometry":{"type":"Point","coordinates":[55.144499,25.079391]},"properties":{"competitor_id":"n7098291154","name":"Rami","category":"beauty_salon","tier":"mid","rating":4.51,"nearest_branch_id":"BD09","distance_to_nearest_m":3754}},{"type":"Feature","geometry":{"type":"Point","coordinates":[55.425639,25.223776]},"properties":{"competitor_id":"n7203028716","name":"The Secret Beauty Center","category":"massage","tier":"mid","rating":4.57,"nearest_branch_id":"BD01","distance_to_nearest_m":330}},{"type":"Feature","geometry":{"type":"Point","coordinates":[55.238264,25.198081]},"properties":{"competitor_id":"n7262785471","name":"Al Ajneha Al Masiya","category":"beauty_salon","tier":"mid","rating":4.45,"nearest_branch_id":"BD03","distance_to_nearest_m":2626}},{"type":"Feature","geometry":{"type":"Point","coordinates":[55.260668,25.216641]},"properties":{"competitor_id":"n7309477766","name":"Radia Beauty","category":"beauty_salon","tier":"mid","rating":4.8,"nearest_branch_id":"BD03","distance_to_nearest_m":950}},{"type":"Feature","geometry":{"type":"Point","coordinates":[55.260528,25.216567]},"properties":{"competitor_id":"n7309477768","name":"La Piccola Casa","category":"beauty_salon","tier":"mid","rating":4.81,"nearest_branch_id":"BD03","distance_to_nearest_m":944}},{"type":"Feature","geometry":{"type":"Point","coordinates":[55.260127,25.216969]},"properties":{"competitor_id":"n7309478753","name":"The Man Cave","category":"massage","tier":"mid","rating":4.13,"nearest_branch_id":"BD03","distance_to_nearest_m":995}},{"type":"Feature","geometry":{"type":"Point","coordinates":[55.149074,25.088057]},"properties":{"competitor_id":"n7309478754","name":"GoodFellas Vintage Barbershop & Gent’s Salon","category":"hairdresser","tier":"value","rating":4.54,"nearest_branch_id":"BD10","distance_to_nearest_m":3545}},{"type":"Feature","geometry":{"type":"Point","coordinates":[55.260668,25.216641]},"properties":{"competitor_id":"n7362504291","name":"Radia Beauty","category":"beauty_salon","tier":"mid","rating":4.24,"nearest_branch_id":"BD03","distance_to_nearest_m":950}},{"type":"Feature","geometry":{"type":"Point","coordinates":[55.260528,25.216567]},"properties":{"competitor_id":"n7362504293","name":"La Piccola Casa","category":"beauty_salon","tier":"mid","rating":4.73,"nearest_branch_id":"BD03","distance_to_nearest_m":944}},{"type":"Feature","geometry":{"type":"Point","coordinates":[55.260127,25.216969]},"properties":{"competitor_id":"n7362504378","name":"The Man Cave","category":"hairdresser","tier":"value","rating":4.24,"nearest_branch_id":"BD03","distance_to_nearest_m":995}},{"type":"Feature","geometry":{"type":"Point","coordinates":[55.149138,25.088042]},"properties":{"competitor_id":"n7362504379","name":"Goodfellas Vintage Barber Shop","category":"hairdresser","tier":"value","rating":4.66,"nearest_branch_id":"BD10","distance_to_nearest_m":3550}},{"type":"Feature","geometry":{"type":"Point","coordinates":[55.241352,25.169352]},"properties":{"competitor_id":"n7719767618","name":"Harley's","category":"hairdresser","tier":"value","rating":4.31,"nearest_branch_id":"BD06","distance_to_nearest_m":1845}},{"type":"Feature","geometry":{"type":"Point","coordinates":[55.191605,25.065984]},"properties":{"competitor_id":"n7756043213","name":"Harley's","category":"hairdresser","tier":"value","rating":4.55,"nearest_branch_id":"BD09","distance_to_nearest_m":4267}},{"type":"Feature","geometry":{"type":"Point","coordinates":[55.263207,25.23079]},"properties":{"competitor_id":"n7843646161","name":"Ultra Beauty","category":"beauty_salon","tier":"mid","rating":4.95,"nearest_branch_id":"BD03","distance_to_nearest_m":2519}},{"type":"Feature","geometry":{"type":"Point","coordinates":[55.383166,25.189071]},"properties":{"competitor_id":"n7987381330","name":"Companion Beauty Salon & SPA","category":"beauty_salon","tier":"premium","rating":4.7,"nearest_branch_id":"BD04","distance_to_nearest_m":4796}},{"type":"Feature","geometry":{"type":"Point","coordinates":[55.394385,25.119237]},"properties":{"competitor_id":"n7987381331","name":"Companion Beauty Salon & SPA","category":"beauty_salon","tier":"premium","rating":4.45,"nearest_branch_id":"BD05","distance_to_nearest_m":4219}},{"type":"Feature","geometry":{"type":"Point","coordinates":[55.276414,25.236158]},"properties":{"competitor_id":"n7987384633","name":"Professional Hair Fixing","category":"hairdresser","tier":"value","rating":4.23,"nearest_branch_id":"BD03","distance_to_nearest_m":3439}},{"type":"Feature","geometry":{"type":"Point","coordinates":[55.288755,25.192593]},"properties":{"competitor_id":"n8167206047","name":"5 Degrees","category":"hairdresser","tier":"value","rating":4.77,"nearest_branch_id":"BD03","distance_to_nearest_m":3211}},{"type":"Feature","geometry":{"type":"Point","coordinates":[55.261851,25.191827]},"properties":{"competitor_id":"n8236966003","name":"Siryano","category":"beauty_salon","tier":"mid","rating":4.72,"nearest_branch_id":"BD03","distance_to_nearest_m":1815}},{"type":"Feature","geometry":{"type":"Point","coordinates":[55.242112,25.170077]},"properties":{"competitor_id":"n8236966012","name":"Beauty Solution Slim SPA","category":"beauty_salon","tier":"premium","rating":4.76,"nearest_branch_id":"BD06","distance_to_nearest_m":1954}},{"type":"Feature","geometry":{"type":"Point","coordinates":[55.170588,25.097425]},"properties":{"competitor_id":"n8563098717","name":"Lolla Beauty Centre","category":"hairdresser","tier":"value","rating":4.88,"nearest_branch_id":"BD10","distance_to_nearest_m":4203}},{"type":"Feature","geometry":{"type":"Point","coordinates":[55.188657,25.111805]},"properties":{"competitor_id":"n8589476751","name":"Merqab Gents Salon","category":"hairdresser","tier":"value","rating":3.96,"nearest_branch_id":"BD07","distance_to_nearest_m":2952}},{"type":"Feature","geometry":{"type":"Point","coordinates":[55.20301,25.115803]},"properties":{"competitor_id":"n8593596010","name":"Style 360","category":"hairdresser","tier":"value","rating":4.09,"nearest_branch_id":"BD07","distance_to_nearest_m":1989}},{"type":"Feature","geometry":{"type":"Point","coordinates":[55.173304,25.096983]},"properties":{"competitor_id":"n8598654815","name":"Plush Tan","category":"beauty_salon","tier":"mid","rating":4.69,"nearest_branch_id":"BD07","distance_to_nearest_m":4347}},{"type":"Feature","geometry":{"type":"Point","coordinates":[55.17368,25.095691]},"properties":{"competitor_id":"n8604559426","name":"East Elegance Beauty Salon","category":"hairdresser","tier":"value","rating":3.84,"nearest_branch_id":"BD07","distance_to_nearest_m":4332}},{"type":"Feature","geometry":{"type":"Point","coordinates":[55.175618,25.095557]},"properties":{"competitor_id":"n8611190472","name":"Dial a Nail","category":"beauty_salon","tier":"mid","rating":4.7,"nearest_branch_id":"BD07","distance_to_nearest_m":4142}},{"type":"Feature","geometry":{"type":"Point","coordinates":[55.178824,25.094797]},"properties":{"competitor_id":"n8628977658","name":"Square Cut gents salon","category":"hairdresser","tier":"value","rating":3.54,"nearest_branch_id":"BD07","distance_to_nearest_m":3843}},{"type":"Feature","geometry":{"type":"Point","coordinates":[55.178466,25.095174]},"properties":{"competitor_id":"n8628977660","name":"SNIP For Her","category":"hairdresser","tier":"value","rating":4.11,"nearest_branch_id":"BD07","distance_to_nearest_m":3869}},{"type":"Feature","geometry":{"type":"Point","coordinates":[55.1759,25.098324]},"properties":{"competitor_id":"n8629119853","name":"The Red Lounge","category":"hairdresser","tier":"premium","rating":4.48,"nearest_branch_id":"BD07","distance_to_nearest_m":4069}},{"type":"Feature","geometry":{"type":"Point","coordinates":[55.177974,25.099603]},"properties":{"competitor_id":"n8629261862","name":"Posh Nails","category":"beauty_salon","tier":"mid","rating":4.8,"nearest_branch_id":"BD07","distance_to_nearest_m":3847}},{"type":"Feature","geometry":{"type":"Point","coordinates":[55.137951,25.065799]},"properties":{"competitor_id":"n8742379545","name":"Elmax Salon & Spa","category":"hairdresser","tier":"premium","rating":4.71,"nearest_branch_id":"BD09","distance_to_nearest_m":2698}},{"type":"Feature","geometry":{"type":"Point","coordinates":[55.127189,25.070058]},"properties":{"competitor_id":"n8828123817","name":"Unnamed salon (OSM)","category":"hairdresser","tier":"value","rating":4.21,"nearest_branch_id":"BD09","distance_to_nearest_m":3788}},{"type":"Feature","geometry":{"type":"Point","coordinates":[55.127051,25.070085]},"properties":{"competitor_id":"n8828123917","name":"Unnamed salon (OSM)","category":"beauty_salon","tier":"mid","rating":4.72,"nearest_branch_id":"BD09","distance_to_nearest_m":3800}},{"type":"Feature","geometry":{"type":"Point","coordinates":[55.28222,25.210635]},"properties":{"competitor_id":"n8856103612","name":"Waldorf Astoria Spa DIFC","category":"massage","tier":"premium","rating":4.65,"nearest_branch_id":"BD03","distance_to_nearest_m":2065}},{"type":"Feature","geometry":{"type":"Point","coordinates":[55.188765,25.043049]},"properties":{"competitor_id":"n8872381761","name":"Art Avenue","category":"hairdresser","tier":"value","rating":5.0,"nearest_branch_id":"BD09","distance_to_nearest_m":3447}},{"type":"Feature","geometry":{"type":"Point","coordinates":[55.28271,25.194866]},"properties":{"competitor_id":"n8894624310","name":"Ranim & John's Beauty Salon","category":"hairdresser","tier":"value","rating":4.51,"nearest_branch_id":"BD03","distance_to_nearest_m":2564}},{"type":"Feature","geometry":{"type":"Point","coordinates":[55.392179,25.348831]},"properties":{"competitor_id":"n8954303451","name":"Al Horiah Ladies Saloon","category":"beauty_salon","tier":"mid","rating":4.7,"nearest_branch_id":"BD02","distance_to_nearest_m":4172}},{"type":"Feature","geometry":{"type":"Point","coordinates":[55.2566,25.223423]},"properties":{"competitor_id":"n9042428394","name":"Massage Center","category":"massage","tier":"mid","rating":4.54,"nearest_branch_id":"BD03","distance_to_nearest_m":1778}},{"type":"Feature","geometry":{"type":"Point","coordinates":[55.262844,25.231645]},"properties":{"competitor_id":"n9047304479","name":"Candle Night Personal Care","category":"massage","tier":"mid","rating":4.75,"nearest_branch_id":"BD03","distance_to_nearest_m":2613}},{"type":"Feature","geometry":{"type":"Point","coordinates":[55.277524,25.233589]},"properties":{"competitor_id":"n9047304485","name":"Golden Jewel Ladies Salon","category":"beauty_salon","tier":"mid","rating":4.69,"nearest_branch_id":"BD03","distance_to_nearest_m":3236}},{"type":"Feature","geometry":{"type":"Point","coordinates":[55.135202,25.07748]},"properties":{"competitor_id":"n9047304490","name":"Mehr Mah Beauty","category":"beauty_salon","tier":"mid","rating":4.79,"nearest_branch_id":"BD09","distance_to_nearest_m":3928}},{"type":"Feature","geometry":{"type":"Point","coordinates":[55.26579,25.190117]},"properties":{"competitor_id":"n9047304491","name":"Mehr Mah Beauty","category":"beauty_salon","tier":"mid","rating":4.65,"nearest_branch_id":"BD03","distance_to_nearest_m":2044}},{"type":"Feature","geometry":{"type":"Point","coordinates":[55.194595,25.113537]},"properties":{"competitor_id":"n9129677004","name":"Beauty Lounge Ladies Salon","category":"beauty_salon","tier":"premium","rating":4.76,"nearest_branch_id":"BD07","distance_to_nearest_m":2492}},{"type":"Feature","geometry":{"type":"Point","coordinates":[55.286539,25.229951]},"properties":{"competitor_id":"n9269018944","name":"Akin Barber & Shop","category":"hairdresser","tier":"value","rating":5.0,"nearest_branch_id":"BD03","distance_to_nearest_m":3468}},{"type":"Feature","geometry":{"type":"Point","coordinates":[55.204449,25.081992]},"properties":{"competitor_id":"n9331647759","name":"The Urban Chap Gents Salon","category":"hairdresser","tier":"value","rating":4.7,"nearest_branch_id":"BD07","distance_to_nearest_m":2550}},{"type":"Feature","geometry":{"type":"Point","coordinates":[55.2139,25.152513]},"properties":{"competitor_id":"n9379438438","name":"Eman ladies beauty salon","category":"beauty_salon","tier":"mid","rating":4.24,"nearest_branch_id":"BD06","distance_to_nearest_m":1493}},{"type":"Feature","geometry":{"type":"Point","coordinates":[55.371811,25.107794]},"properties":{"competitor_id":"n9509847187","name":"Figaro","category":"hairdresser","tier":"value","rating":4.41,"nearest_branch_id":"BD05","distance_to_nearest_m":4275}},{"type":"Feature","geometry":{"type":"Point","coordinates":[55.178603,25.096965]},"properties":{"competitor_id":"n9655818642","name":"Men's haircut","category":"hairdresser","tier":"value","rating":3.88,"nearest_branch_id":"BD07","distance_to_nearest_m":3819}},{"type":"Feature","geometry":{"type":"Point","coordinates":[55.199344,25.05325]},"properties":{"competitor_id":"n9677284951","name":"Broz & Family","category":"hairdresser","tier":"value","rating":5.0,"nearest_branch_id":"BD09","distance_to_nearest_m":4539}},{"type":"Feature","geometry":{"type":"Point","coordinates":[55.146032,25.076115]},"properties":{"competitor_id":"n9681956665","name":"The Clippers","category":"hairdresser","tier":"value","rating":4.6,"nearest_branch_id":"BD09","distance_to_nearest_m":3362}},{"type":"Feature","geometry":{"type":"Point","coordinates":[55.137539,25.062576]},"properties":{"competitor_id":"n9682003637","name":"The Clippers","category":"hairdresser","tier":"value","rating":4.15,"nearest_branch_id":"BD09","distance_to_nearest_m":2460}},{"type":"Feature","geometry":{"type":"Point","coordinates":[55.315317,25.142569]},"properties":{"competitor_id":"n9717543322","name":"Pistache Beauty Saloon","category":"beauty_salon","tier":"mid","rating":4.41,"nearest_branch_id":"BD05","distance_to_nearest_m":4939}},{"type":"Feature","geometry":{"type":"Point","coordinates":[55.140399,25.032002]},"properties":{"competitor_id":"n9717919202","name":"Al Furjan Gents Salon","category":"hairdresser","tier":"value","rating":4.64,"nearest_branch_id":"BD09","distance_to_nearest_m":2206}},{"type":"Feature","geometry":{"type":"Point","coordinates":[55.194686,25.031806]},"properties":{"competitor_id":"n9760838507","name":"Gents Salon","category":"hairdresser","tier":"value","rating":4.43,"nearest_branch_id":"BD09","distance_to_nearest_m":4354}},{"type":"Feature","geometry":{"type":"Point","coordinates":[55.23435,25.17879]},"properties":{"competitor_id":"n9812624788","name":"Yinyang Connection Spa","category":"massage","tier":"premium","rating":4.98,"nearest_branch_id":"BD06","distance_to_nearest_m":2262}},{"type":"Feature","geometry":{"type":"Point","coordinates":[55.262146,25.191936]},"properties":{"competitor_id":"n9820596017","name":"Unnamed salon (OSM)","category":"massage","tier":"mid","rating":4.46,"nearest_branch_id":"BD03","distance_to_nearest_m":1804}},{"type":"Feature","geometry":{"type":"Point","coordinates":[55.146765,25.035089]},"properties":{"competitor_id":"n9856508282","name":"Beauty Corner Ladies Salon","category":"hairdresser","tier":"value","rating":4.3,"nearest_branch_id":"BD09","distance_to_nearest_m":1547}},{"type":"Feature","geometry":{"type":"Point","coordinates":[55.146705,25.03513]},"properties":{"competitor_id":"n9856508283","name":"Tito Brothers","category":"hairdresser","tier":"value","rating":3.86,"nearest_branch_id":"BD09","distance_to_nearest_m":1546}},{"type":"Feature","geometry":{"type":"Point","coordinates":[55.141084,25.033059]},"properties":{"competitor_id":"n9860938054","name":"Cloud 4 Beauty Salon","category":"hairdresser","tier":"value","rating":4.65,"nearest_branch_id":"BD09","distance_to_nearest_m":2072}},{"type":"Feature","geometry":{"type":"Point","coordinates":[55.141906,25.067366]},"properties":{"competitor_id":"n9956947595","name":"Le Michel Salons JLT(Jumeirah Lakes Towers)","category":"beauty_salon","tier":"mid","rating":4.78,"nearest_branch_id":"BD09","distance_to_nearest_m":2617}},{"type":"Feature","geometry":{"type":"Point","coordinates":[55.195533,25.110616]},"properties":{"competitor_id":"n9981591494","name":"LIV27","category":"hairdresser","tier":"value","rating":4.26,"nearest_branch_id":"BD07","distance_to_nearest_m":2261}},{"type":"Feature","geometry":{"type":"Point","coordinates":[55.391332,25.117396]},"properties":{"competitor_id":"n10010543040","name":"Sakura Beauty Spa","category":"beauty_salon","tier":"premium","rating":4.54,"nearest_branch_id":"BD05","distance_to_nearest_m":4156}},{"type":"Feature","geometry":{"type":"Point","coordinates":[55.225947,25.06004]},"properties":{"competitor_id":"n10013378717","name":"Only you salon","category":"beauty_salon","tier":"mid","rating":4.41,"nearest_branch_id":"BD07","distance_to_nearest_m":4811}},{"type":"Feature","geometry":{"type":"Point","coordinates":[55.374938,25.215992]},"properties":{"competitor_id":"n10128891842","name":"Pink Lady Beauty Salon and Spa","category":"hairdresser","tier":"premium","rating":5.0,"nearest_branch_id":"BD01","distance_to_nearest_m":4893}},{"type":"Feature","geometry":{"type":"Point","coordinates":[55.224149,25.17187]},"properties":{"competitor_id":"n10129601118","name":"Tayi","category":"massage","tier":"mid","rating":4.88,"nearest_branch_id":"BD06","distance_to_nearest_m":1364}},{"type":"Feature","geometry":{"type":"Point","coordinates":[55.245137,25.193349]},"properties":{"competitor_id":"n10159697636","name":"MK Barber Shop","category":"hairdresser","tier":"value","rating":4.74,"nearest_branch_id":"BD03","distance_to_nearest_m":2355}},{"type":"Feature","geometry":{"type":"Point","coordinates":[55.214841,25.153926]},"properties":{"competitor_id":"n10166350119","name":"CKK Spa","category":"massage","tier":"premium","rating":4.83,"nearest_branch_id":"BD06","distance_to_nearest_m":1331}},{"type":"Feature","geometry":{"type":"Point","coordinates":[55.137876,25.081085]},"properties":{"competitor_id":"n10206814973","name":"Jacques La Coupe","category":"hairdresser","tier":"value","rating":4.06,"nearest_branch_id":"BD10","distance_to_nearest_m":4039}},{"type":"Feature","geometry":{"type":"Point","coordinates":[55.140365,25.077087]},"properties":{"competitor_id":"n10206814974","name":"Jacques La Coupe","category":"hairdresser","tier":"value","rating":4.08,"nearest_branch_id":"BD09","distance_to_nearest_m":3654}},{"type":"Feature","geometry":{"type":"Point","coordinates":[55.403393,25.148002]},"properties":{"competitor_id":"n10255757629","name":"Al Ray Gento Salon","category":"hairdresser","tier":"value","rating":4.87,"nearest_branch_id":"BD05","distance_to_nearest_m":3946}},{"type":"Feature","geometry":{"type":"Point","coordinates":[55.401433,25.145807]},"properties":{"competitor_id":"n10255757642","name":"Beauty Care Ladies Salon","category":"hairdresser","tier":"value","rating":4.43,"nearest_branch_id":"BD05","distance_to_nearest_m":3740}},{"type":"Feature","geometry":{"type":"Point","coordinates":[55.401548,25.145848]},"properties":{"competitor_id":"n10255757644","name":"Shama Riaz Gents Saloon","category":"hairdresser","tier":"value","rating":4.51,"nearest_branch_id":"BD05","distance_to_nearest_m":3751}},{"type":"Feature","geometry":{"type":"Point","coordinates":[55.280955,25.192369]},"properties":{"competitor_id":"n10266951352","name":"Le Michel Salons Downtown Dubai","category":"beauty_salon","tier":"mid","rating":4.78,"nearest_branch_id":"BD03","distance_to_nearest_m":2601}},{"type":"Feature","geometry":{"type":"Point","coordinates":[55.142678,25.108296]},"properties":{"competitor_id":"n10267652084","name":"Le Michel Salons Palm Jumeirah","category":"beauty_salon","tier":"mid","rating":4.4,"nearest_branch_id":"BD10","distance_to_nearest_m":1261}},{"type":"Feature","geometry":{"type":"Point","coordinates":[55.146143,25.105151]},"properties":{"competitor_id":"n10276022251","name":"eforea spa","category":"beauty_salon","tier":"premium","rating":4.4,"nearest_branch_id":"BD10","distance_to_nearest_m":1752}},{"type":"Feature","geometry":{"type":"Point","coordinates":[55.384459,25.110428]},"properties":{"competitor_id":"n10314674081","name":"Esthetics Connection Beauty Lounge","category":"beauty_salon","tier":"premium","rating":4.93,"nearest_branch_id":"BD05","distance_to_nearest_m":4410}},{"type":"Feature","geometry":{"type":"Point","coordinates":[55.384346,25.111842]},"properties":{"competitor_id":"n10315497032","name":"Sheba Beauty Lounge","category":"hairdresser","tier":"premium","rating":4.92,"nearest_branch_id":"BD05","distance_to_nearest_m":4265}},{"type":"Feature","geometry":{"type":"Point","coordinates":[55.384627,25.111854]},"properties":{"competitor_id":"n10315497034","name":"VIP Gents Salon","category":"hairdresser","tier":"value","rating":3.76,"nearest_branch_id":"BD05","distance_to_nearest_m":4278}},{"type":"Feature","geometry":{"type":"Point","coordinates":[55.383697,25.112244]},"properties":{"competitor_id":"n10315497035","name":"Brown Sugar Hair Salon","category":"hairdresser","tier":"value","rating":3.74,"nearest_branch_id":"BD05","distance_to_nearest_m":4195}},{"type":"Feature","geometry":{"type":"Point","coordinates":[55.389338,25.148979]},"properties":{"competitor_id":"n10572500479","name":"Ameera Beauty Salon","category":"hairdresser","tier":"value","rating":3.55,"nearest_branch_id":"BD05","distance_to_nearest_m":2550}},{"type":"Feature","geometry":{"type":"Point","coordinates":[55.388197,25.149268]},"properties":{"competitor_id":"n10572598728","name":"Scissor's Edge Men's Grooming & Hairdressing","category":"hairdresser","tier":"value","rating":4.48,"nearest_branch_id":"BD05","distance_to_nearest_m":2441}},{"type":"Feature","geometry":{"type":"Point","coordinates":[55.389326,25.151004]},"properties":{"competitor_id":"n10572598775","name":"Heya Beauty Salon","category":"hairdresser","tier":"value","rating":3.97,"nearest_branch_id":"BD05","distance_to_nearest_m":2591}},{"type":"Feature","geometry":{"type":"Point","coordinates":[55.392429,25.151325]},"properties":{"competitor_id":"n10574565407","name":"Color Fusion Ladies Beauty Salon","category":"hairdresser","tier":"value","rating":4.37,"nearest_branch_id":"BD05","distance_to_nearest_m":2903}},{"type":"Feature","geometry":{"type":"Point","coordinates":[55.392382,25.151296]},"properties":{"competitor_id":"n10574565413","name":"Afroza Genes Salon","category":"hairdresser","tier":"value","rating":4.71,"nearest_branch_id":"BD05","distance_to_nearest_m":2898}},{"type":"Feature","geometry":{"type":"Point","coordinates":[55.227774,25.168568]},"properties":{"competitor_id":"n10591386195","name":"Super Trim","category":"hairdresser","tier":"value","rating":4.17,"nearest_branch_id":"BD06","distance_to_nearest_m":988}},{"type":"Feature","geometry":{"type":"Point","coordinates":[55.27449,25.220746]},"properties":{"competitor_id":"n10614197038","name":"Fadwa Beauty Centre","category":"beauty_salon","tier":"mid","rating":4.84,"nearest_branch_id":"BD03","distance_to_nearest_m":1889}},{"type":"Feature","geometry":{"type":"Point","coordinates":[55.237998,25.06312]},"properties":{"competitor_id":"n10829926166","name":"Oscar Style","category":"hairdresser","tier":"value","rating":4.58,"nearest_branch_id":"BD07","distance_to_nearest_m":4892}},{"type":"Feature","geometry":{"type":"Point","coordinates":[55.377276,25.118847]},"properties":{"competitor_id":"n10836773405","name":"Cosmo Secrets","category":"beauty_salon","tier":"mid","rating":4.9,"nearest_branch_id":"BD05","distance_to_nearest_m":3252}},{"type":"Feature","geometry":{"type":"Point","coordinates":[55.215392,25.059561]},"properties":{"competitor_id":"n10970453814","name":"Always On Show","category":"hairdresser","tier":"value","rating":4.51,"nearest_branch_id":"BD07","distance_to_nearest_m":4761}},{"type":"Feature","geometry":{"type":"Point","coordinates":[55.370204,25.160519]},"properties":{"competitor_id":"n11001343203","name":"Bedashing","category":"beauty_salon","tier":"mid","rating":4.84,"nearest_branch_id":"BD05","distance_to_nearest_m":1759}},{"type":"Feature","geometry":{"type":"Point","coordinates":[55.153083,25.089392]},"properties":{"competitor_id":"n11010435955","name":"LIV27","category":"hairdresser","tier":"value","rating":4.22,"nearest_branch_id":"BD10","distance_to_nearest_m":3595}},{"type":"Feature","geometry":{"type":"Point","coordinates":[55.144855,25.084576]},"properties":{"competitor_id":"n11012436570","name":"Sugar","category":"beauty_salon","tier":"mid","rating":4.38,"nearest_branch_id":"BD10","distance_to_nearest_m":3771}},{"type":"Feature","geometry":{"type":"Point","coordinates":[55.132967,25.072383]},"properties":{"competitor_id":"n11012436597","name":"Shakirovna","category":"hairdresser","tier":"value","rating":4.25,"nearest_branch_id":"BD09","distance_to_nearest_m":3584}},{"type":"Feature","geometry":{"type":"Point","coordinates":[55.172863,25.100814]},"properties":{"competitor_id":"n11057698513","name":"Laurence Beauty Salon","category":"beauty_salon","tier":"mid","rating":4.43,"nearest_branch_id":"BD10","distance_to_nearest_m":4222}},{"type":"Feature","geometry":{"type":"Point","coordinates":[55.262924,25.188675]},"properties":{"competitor_id":"n11071402505","name":"Bo Barbershop","category":"hairdresser","tier":"value","rating":5.0,"nearest_branch_id":"BD03","distance_to_nearest_m":2169}},{"type":"Feature","geometry":{"type":"Point","coordinates":[55.146055,25.076051]},"properties":{"competitor_id":"n11099630410","name":"Tornado Gents Salon","category":"hairdresser","tier":"value","rating":4.28,"nearest_branch_id":"BD09","distance_to_nearest_m":3355}},{"type":"Feature","geometry":{"type":"Point","coordinates":[55.146956,25.07691]},"properties":{"competitor_id":"n11136999161","name":"Kinky Afro","category":"beauty_salon","tier":"mid","rating":4.89,"nearest_branch_id":"BD09","distance_to_nearest_m":3425}},{"type":"Feature","geometry":{"type":"Point","coordinates":[55.147892,25.077058]},"properties":{"competitor_id":"n11136999169","name":"Style Nation","category":"beauty_salon","tier":"mid","rating":4.39,"nearest_branch_id":"BD09","distance_to_nearest_m":3420}},{"type":"Feature","geometry":{"type":"Point","coordinates":[55.150336,25.079266]},"properties":{"competitor_id":"n11163348009","name":"Luca Stoppony","category":"beauty_salon","tier":"mid","rating":4.3,"nearest_branch_id":"BD09","distance_to_nearest_m":3622}},{"type":"Feature","geometry":{"type":"Point","coordinates":[55.150261,25.078934]},"properties":{"competitor_id":"n11163348013","name":"Mary","category":"beauty_salon","tier":"mid","rating":4.59,"nearest_branch_id":"BD09","distance_to_nearest_m":3586}},{"type":"Feature","geometry":{"type":"Point","coordinates":[55.14977,25.078821]},"properties":{"competitor_id":"n11163348019","name":"Cutting Edge","category":"hairdresser","tier":"value","rating":3.63,"nearest_branch_id":"BD09","distance_to_nearest_m":3581}},{"type":"Feature","geometry":{"type":"Point","coordinates":[55.246604,25.178639]},"properties":{"competitor_id":"n11210134324","name":"ZORUMI","category":"hairdresser","tier":"value","rating":3.87,"nearest_branch_id":"BD06","distance_to_nearest_m":2923}},{"type":"Feature","geometry":{"type":"Point","coordinates":[55.132675,25.070565]},"properties":{"competitor_id":"n11500426584","name":"Hairsilk Gents","category":"beauty_salon","tier":"mid","rating":4.64,"nearest_branch_id":"BD09","distance_to_nearest_m":3446}},{"type":"Feature","geometry":{"type":"Point","coordinates":[55.132606,25.070509]},"properties":{"competitor_id":"n11500426585","name":"Hairsilk Ladies Salon","category":"beauty_salon","tier":"mid","rating":4.42,"nearest_branch_id":"BD09","distance_to_nearest_m":3445}},{"type":"Feature","geometry":{"type":"Point","coordinates":[55.21212,25.059212]},"properties":{"competitor_id":"n11558579627","name":"Lush nails","category":"beauty_salon","tier":"mid","rating":4.61,"nearest_branch_id":"BD07","distance_to_nearest_m":4815}},{"type":"Feature","geometry":{"type":"Point","coordinates":[55.285845,25.18508]},"properties":{"competitor_id":"n11731152169","name":"Massage Business Bay","category":"massage","tier":"mid","rating":4.03,"nearest_branch_id":"BD03","distance_to_nearest_m":3521}},{"type":"Feature","geometry":{"type":"Point","coordinates":[55.267728,25.19444]},"properties":{"competitor_id":"n11731176169","name":"Massage Dubai","category":"massage","tier":"mid","rating":4.56,"nearest_branch_id":"BD03","distance_to_nearest_m":1635}},{"type":"Feature","geometry":{"type":"Point","coordinates":[55.156615,25.098754]},"properties":{"competitor_id":"n11731181469","name":"Massage Marina","category":"massage","tier":"mid","rating":4.02,"nearest_branch_id":"BD10","distance_to_nearest_m":2993}},{"type":"Feature","geometry":{"type":"Point","coordinates":[55.149115,25.103912]},"properties":{"competitor_id":"n11731186469","name":"Massage Full Service","category":"massage","tier":"mid","rating":4.99,"nearest_branch_id":"BD10","distance_to_nearest_m":2053}},{"type":"Feature","geometry":{"type":"Point","coordinates":[55.17441,25.097035]},"properties":{"competitor_id":"n11731200269","name":"Massage Al barsha -Tecom","category":"massage","tier":"mid","rating":4.05,"nearest_branch_id":"BD07","distance_to_nearest_m":4236}},{"type":"Feature","geometry":{"type":"Point","coordinates":[55.139058,25.030083]},"properties":{"competitor_id":"n11760328200","name":"BeRevitlized Gents Salon","category":"hairdresser","tier":"value","rating":4.03,"nearest_branch_id":"BD09","distance_to_nearest_m":2456}},{"type":"Feature","geometry":{"type":"Point","coordinates":[55.245227,25.070727]},"properties":{"competitor_id":"n11876742011","name":"Cezar Palace","category":"hairdresser","tier":"value","rating":4.17,"nearest_branch_id":"BD07","distance_to_nearest_m":4583}},{"type":"Feature","geometry":{"type":"Point","coordinates":[55.375767,25.122324]},"properties":{"competitor_id":"n12101221001","name":"Beauty Pulse","category":"beauty_salon","tier":"mid","rating":4.65,"nearest_branch_id":"BD05","distance_to_nearest_m":2838}},{"type":"Feature","geometry":{"type":"Point","coordinates":[55.377873,25.10728]},"properties":{"competitor_id":"n12110810202","name":"Budget","category":"hairdresser","tier":"value","rating":4.19,"nearest_branch_id":"BD05","distance_to_nearest_m":4478}},{"type":"Feature","geometry":{"type":"Point","coordinates":[55.376608,25.108639]},"properties":{"competitor_id":"n12110830502","name":"Trend Setters","category":"hairdresser","tier":"value","rating":4.83,"nearest_branch_id":"BD05","distance_to_nearest_m":4296}},{"type":"Feature","geometry":{"type":"Point","coordinates":[55.376559,25.108597]},"properties":{"competitor_id":"n12110837502","name":"91","category":"beauty_salon","tier":"mid","rating":4.69,"nearest_branch_id":"BD05","distance_to_nearest_m":4299}},{"type":"Feature","geometry":{"type":"Point","coordinates":[55.386988,25.113916]},"properties":{"competitor_id":"n12117421002","name":"Al Marfa Star","category":"beauty_salon","tier":"mid","rating":4.1,"nearest_branch_id":"BD05","distance_to_nearest_m":4202}},{"type":"Feature","geometry":{"type":"Point","coordinates":[55.386804,25.113763]},"properties":{"competitor_id":"n12117421101","name":"Odd Gents Salon","category":"hairdresser","tier":"value","rating":4.68,"nearest_branch_id":"BD05","distance_to_nearest_m":4207}},{"type":"Feature","geometry":{"type":"Point","coordinates":[55.37244,25.116378]},"properties":{"competitor_id":"n12120233081","name":"Barberz Guild","category":"hairdresser","tier":"value","rating":4.71,"nearest_branch_id":"BD05","distance_to_nearest_m":3354}},{"type":"Feature","geometry":{"type":"Point","coordinates":[55.372372,25.11644]},"properties":{"competitor_id":"n12120233084","name":"Ombre","category":"beauty_salon","tier":"mid","rating":4.58,"nearest_branch_id":"BD05","distance_to_nearest_m":3346}},{"type":"Feature","geometry":{"type":"Point","coordinates":[55.178722,25.099672]},"properties":{"competitor_id":"n12248461490","name":"JK Masters Barbershop","category":"hairdresser","tier":"value","rating":3.58,"nearest_branch_id":"BD07","distance_to_nearest_m":3772}},{"type":"Feature","geometry":{"type":"Point","coordinates":[55.399786,25.192148]},"properties":{"competitor_id":"n12358180746","name":"Nouveau Beauty Salon","category":"beauty_salon","tier":"mid","rating":4.04,"nearest_branch_id":"BD04","distance_to_nearest_m":3143}},{"type":"Feature","geometry":{"type":"Point","coordinates":[55.402133,25.194541]},"properties":{"competitor_id":"n12358180749","name":"Shams Al Warqa","category":"hairdresser","tier":"value","rating":4.68,"nearest_branch_id":"BD04","distance_to_nearest_m":2952}},{"type":"Feature","geometry":{"type":"Point","coordinates":[55.245201,25.193443]},"properties":{"competitor_id":"n12439005633","name":"Caro Ladies Beauty Center & Spa","category":"hairdresser","tier":"premium","rating":4.85,"nearest_branch_id":"BD03","distance_to_nearest_m":2343}},{"type":"Feature","geometry":{"type":"Point","coordinates":[55.238344,25.184561]},"properties":{"competitor_id":"n12453278021","name":"Cedar Gents Salon","category":"hairdresser","tier":"value","rating":4.65,"nearest_branch_id":"BD06","distance_to_nearest_m":3008}},{"type":"Feature","geometry":{"type":"Point","coordinates":[55.133447,25.077078]},"properties":{"competitor_id":"n12483747938","name":"1847 Grooming for Men","category":"hairdresser","tier":"value","rating":4.27,"nearest_branch_id":"BD09","distance_to_nearest_m":3982}},{"type":"Feature","geometry":{"type":"Point","coordinates":[55.144687,25.083241]},"properties":{"competitor_id":"n12484733225","name":"Man Made","category":"hairdresser","tier":"value","rating":5.0,"nearest_branch_id":"BD10","distance_to_nearest_m":3911}},{"type":"Feature","geometry":{"type":"Point","coordinates":[55.138967,25.074063]},"properties":{"competitor_id":"n12500325902","name":"Purity lounge","category":"hairdresser","tier":"premium","rating":4.95,"nearest_branch_id":"BD09","distance_to_nearest_m":3412}},{"type":"Feature","geometry":{"type":"Point","coordinates":[55.159558,25.043193]},"properties":{"competitor_id":"n12789460857","name":"Cabello Lounge","category":"hairdresser","tier":"premium","rating":4.55,"nearest_branch_id":"BD09","distance_to_nearest_m":633}},{"type":"Feature","geometry":{"type":"Point","coordinates":[55.159417,25.043053]},"properties":{"competitor_id":"n12789460859","name":"Sasha Salon","category":"beauty_salon","tier":"mid","rating":5.0,"nearest_branch_id":"BD09","distance_to_nearest_m":633}},{"type":"Feature","geometry":{"type":"Point","coordinates":[55.159893,25.04298]},"properties":{"competitor_id":"n12789460865","name":"The Great British Salon","category":"beauty_salon","tier":"mid","rating":5.0,"nearest_branch_id":"BD09","distance_to_nearest_m":674}},{"type":"Feature","geometry":{"type":"Point","coordinates":[55.160054,25.042676]},"properties":{"competitor_id":"n12823680631","name":"N.Bar Nail Spa & Salon","category":"beauty_salon","tier":"premium","rating":4.79,"nearest_branch_id":"BD09","distance_to_nearest_m":709}},{"type":"Feature","geometry":{"type":"Point","coordinates":[55.140154,25.113757]},"properties":{"competitor_id":"n12899170003","name":"Thai luxury massage","category":"massage","tier":"premium","rating":5.0,"nearest_branch_id":"BD10","distance_to_nearest_m":645}},{"type":"Feature","geometry":{"type":"Point","coordinates":[55.405884,25.193487]},"properties":{"competitor_id":"n13042905116","name":"Sandhya Beauty Salon","category":"beauty_salon","tier":"mid","rating":4.27,"nearest_branch_id":"BD04","distance_to_nearest_m":2558}},{"type":"Feature","geometry":{"type":"Point","coordinates":[55.404146,25.191743]},"properties":{"competitor_id":"n13048372825","name":"Unnamed salon (OSM)","category":"hairdresser","tier":"value","rating":4.09,"nearest_branch_id":"BD04","distance_to_nearest_m":2702}},{"type":"Feature","geometry":{"type":"Point","coordinates":[55.12978,25.069323]},"properties":{"competitor_id":"n13185241339","name":"Alex Le Garcon Gents Salon","category":"hairdresser","tier":"value","rating":3.9,"nearest_branch_id":"BD09","distance_to_nearest_m":3543}},{"type":"Feature","geometry":{"type":"Point","coordinates":[55.129623,25.069365]},"properties":{"competitor_id":"n13185241341","name":"Classic Moon Spa","category":"massage","tier":"premium","rating":4.96,"nearest_branch_id":"BD09","distance_to_nearest_m":3557}},{"type":"Feature","geometry":{"type":"Point","coordinates":[55.130148,25.068954]},"properties":{"competitor_id":"n13185260732","name":"Pour Elle - Body Hair Nails","category":"hairdresser","tier":"value","rating":3.97,"nearest_branch_id":"BD09","distance_to_nearest_m":3488}},{"type":"Feature","geometry":{"type":"Point","coordinates":[55.170665,25.054136]},"properties":{"competitor_id":"n13232191685","name":"The Lab Gents' Salon & Spa: Town Center","category":"hairdresser","tier":"premium","rating":4.96,"nearest_branch_id":"BD09","distance_to_nearest_m":1785}},{"type":"Feature","geometry":{"type":"Point","coordinates":[55.128519,25.071503]},"properties":{"competitor_id":"n13288312568","name":"Afroglam Beauty Dubai","category":"hairdresser","tier":"premium","rating":4.71,"nearest_branch_id":"BD09","distance_to_nearest_m":3804}},{"type":"Feature","geometry":{"type":"Point","coordinates":[55.128239,25.07157]},"properties":{"competitor_id":"n13293807454","name":"Lullaby Beauty Lounge","category":"beauty_salon","tier":"premium","rating":4.51,"nearest_branch_id":"BD09","distance_to_nearest_m":3829}},{"type":"Feature","geometry":{"type":"Point","coordinates":[55.128815,25.071677]},"properties":{"competitor_id":"n13293807456","name":"Barberia Italiana - Gents Salon","category":"hairdresser","tier":"value","rating":4.31,"nearest_branch_id":"BD09","distance_to_nearest_m":3798}},{"type":"Feature","geometry":{"type":"Point","coordinates":[55.192214,25.113115]},"properties":{"competitor_id":"n13412865301","name":"Baba Barber Shop","category":"hairdresser","tier":"value","rating":4.6,"nearest_branch_id":"BD07","distance_to_nearest_m":2682}},{"type":"Feature","geometry":{"type":"Point","coordinates":[55.191977,25.112995]},"properties":{"competitor_id":"n13412870601","name":"Star Plus","category":"beauty_salon","tier":"mid","rating":4.67,"nearest_branch_id":"BD07","distance_to_nearest_m":2697}},{"type":"Feature","geometry":{"type":"Point","coordinates":[55.190869,25.111774]},"properties":{"competitor_id":"n13412881901","name":"Magic Gardens","category":"beauty_salon","tier":"mid","rating":4.55,"nearest_branch_id":"BD07","distance_to_nearest_m":2743}},{"type":"Feature","geometry":{"type":"Point","coordinates":[55.190909,25.111606]},"properties":{"competitor_id":"n13412882001","name":"Pout","category":"beauty_salon","tier":"mid","rating":5.0,"nearest_branch_id":"BD07","distance_to_nearest_m":2732}},{"type":"Feature","geometry":{"type":"Point","coordinates":[55.171029,25.054111]},"properties":{"competitor_id":"n13428244979","name":"Juice Salon Meadows","category":"beauty_salon","tier":"mid","rating":4.35,"nearest_branch_id":"BD09","distance_to_nearest_m":1817}},{"type":"Feature","geometry":{"type":"Point","coordinates":[55.295394,25.233219]},"properties":{"competitor_id":"n13731954317","name":"Hair Craft Gents Salon","category":"hairdresser","tier":"value","rating":4.23,"nearest_branch_id":"BD03","distance_to_nearest_m":4374}},{"type":"Feature","geometry":{"type":"Point","coordinates":[55.159403,25.084726]},"properties":{"competitor_id":"w359506722","name":"Spa","category":"spa","tier":"premium","rating":4.46,"nearest_branch_id":"BD09","distance_to_nearest_m":4226}},{"type":"Feature","geometry":{"type":"Point","coordinates":[55.209288,25.083514]},"properties":{"competitor_id":"w443238595","name":"Al Magara","category":"hairdresser","tier":"value","rating":4.73,"nearest_branch_id":"BD07","distance_to_nearest_m":2205}},{"type":"Feature","geometry":{"type":"Point","coordinates":[55.394391,25.36509]},"properties":{"competitor_id":"w463412649","name":"Iran Ladies Salon","category":"beauty_salon","tier":"mid","rating":4.67,"nearest_branch_id":"BD02","distance_to_nearest_m":4982}},{"type":"Feature","geometry":{"type":"Point","coordinates":[55.20605,25.158347]},"properties":{"competitor_id":"w497508812","name":"Silkor","category":"beauty_salon","tier":"mid","rating":4.54,"nearest_branch_id":"BD06","distance_to_nearest_m":2052}},{"type":"Feature","geometry":{"type":"Point","coordinates":[55.24459,25.171297]},"properties":{"competitor_id":"w499970654","name":"Al Sayah Gents Saloon","category":"hairdresser","tier":"value","rating":4.23,"nearest_branch_id":"BD06","distance_to_nearest_m":2236}},{"type":"Feature","geometry":{"type":"Point","coordinates":[55.213947,25.151492]},"properties":{"competitor_id":"w500545440","name":"Honeymoon Salon","category":"beauty_salon","tier":"mid","rating":4.77,"nearest_branch_id":"BD06","distance_to_nearest_m":1553}},{"type":"Feature","geometry":{"type":"Point","coordinates":[55.206696,25.142276]},"properties":{"competitor_id":"w500545460","name":"Carnival Health SPA 2","category":"beauty_salon","tier":"premium","rating":4.92,"nearest_branch_id":"BD06","distance_to_nearest_m":2776}},{"type":"Feature","geometry":{"type":"Point","coordinates":[55.223605,25.165323]},"properties":{"competitor_id":"w500798085","name":"Beverly Hills Beauty","category":"beauty_salon","tier":"mid","rating":4.83,"nearest_branch_id":"BD06","distance_to_nearest_m":678}},{"type":"Feature","geometry":{"type":"Point","coordinates":[55.423947,25.360481]},"properties":{"competitor_id":"w502103331","name":"Al Khamil Al Jamila Ladies Saloon","category":"beauty_salon","tier":"mid","rating":4.74,"nearest_branch_id":"BD02","distance_to_nearest_m":2975}},{"type":"Feature","geometry":{"type":"Point","coordinates":[55.206932,25.14256]},"properties":{"competitor_id":"w1105978432","name":"The Nordic Inernational Beauty and Training Centre","category":"beauty_salon","tier":"mid","rating":4.63,"nearest_branch_id":"BD06","distance_to_nearest_m":2737}},{"type":"Feature","geometry":{"type":"Point","coordinates":[55.45568,25.315931]},"properties":{"competitor_id":"w1121707313","name":"City Cut Saloon","category":"hairdresser","tier":"value","rating":4.22,"nearest_branch_id":"BD02","distance_to_nearest_m":3258}},{"type":"Feature","geometry":{"type":"Point","coordinates":[56.33901,25.121802]},"properties":{"competitor_id":"n5255664736","name":"Horia","category":"beauty_salon","tier":"mid","rating":4.43,"nearest_branch_id":"BD11","distance_to_nearest_m":1047}},{"type":"Feature","geometry":{"type":"Point","coordinates":[56.3427,25.122333]},"properties":{"competitor_id":"n5256330306","name":"First One Centre","category":"hairdresser","tier":"value","rating":4.16,"nearest_branch_id":"BD11","distance_to_nearest_m":1420}},{"type":"Feature","geometry":{"type":"Point","coordinates":[56.330841,25.121095]},"properties":{"competitor_id":"n5407465396","name":"The One Gents Saloon","category":"hairdresser","tier":"value","rating":4.62,"nearest_branch_id":"BD11","distance_to_nearest_m":238}},{"type":"Feature","geometry":{"type":"Point","coordinates":[56.342642,25.122933]},"properties":{"competitor_id":"n6230544441","name":"La Vida Sarah","category":"beauty_salon","tier":"mid","rating":4.2,"nearest_branch_id":"BD11","distance_to_nearest_m":1419}},{"type":"Feature","geometry":{"type":"Point","coordinates":[56.337887,25.122773]},"properties":{"competitor_id":"n6952157738","name":"أبو عمر","category":"hairdresser","tier":"value","rating":4.78,"nearest_branch_id":"BD11","distance_to_nearest_m":941}},{"type":"Feature","geometry":{"type":"Point","coordinates":[56.338043,25.124913]},"properties":{"competitor_id":"n6952166104","name":"Al tayeb saloon","category":"hairdresser","tier":"value","rating":3.86,"nearest_branch_id":"BD11","distance_to_nearest_m":1011}},{"type":"Feature","geometry":{"type":"Point","coordinates":[56.325054,25.12324]},"properties":{"competitor_id":"n6969261646","name":"On Fleek","category":"beauty_salon","tier":"mid","rating":3.84,"nearest_branch_id":"BD11","distance_to_nearest_m":391}},{"type":"Feature","geometry":{"type":"Point","coordinates":[56.336112,25.122714]},"properties":{"competitor_id":"n7151540750","name":"Al Nobala saloon","category":"hairdresser","tier":"value","rating":4.19,"nearest_branch_id":"BD11","distance_to_nearest_m":763}},{"type":"Feature","geometry":{"type":"Point","coordinates":[56.352489,25.107821]},"properties":{"competitor_id":"n7783928485","name":"Abu abdulla","category":"hairdresser","tier":"value","rating":3.75,"nearest_branch_id":"BD11","distance_to_nearest_m":2863}},{"type":"Feature","geometry":{"type":"Point","coordinates":[54.339974,24.47104]},"properties":{"competitor_id":"n778027902","name":"Ma Jolie","category":"beauty_salon","tier":"mid","rating":4.84,"nearest_branch_id":"BD19","distance_to_nearest_m":4799}},{"type":"Feature","geometry":{"type":"Point","coordinates":[54.380612,24.463724]},"properties":{"competitor_id":"n2008266988","name":"New Mode Gents Salon","category":"hairdresser","tier":"value","rating":4.61,"nearest_branch_id":"BD19","distance_to_nearest_m":635}},{"type":"Feature","geometry":{"type":"Point","coordinates":[54.566712,24.43201]},"properties":{"competitor_id":"n2088404607","name":"Unnamed salon (OSM)","category":"hairdresser","tier":"value","rating":3.92,"nearest_branch_id":"BD16","distance_to_nearest_m":3064}},{"type":"Feature","geometry":{"type":"Point","coordinates":[54.604849,24.45205]},"properties":{"competitor_id":"n3177348437","name":"Me & Only Man Spa","category":"spa","tier":"premium","rating":4.65,"nearest_branch_id":"BD16","distance_to_nearest_m":1664}},{"type":"Feature","geometry":{"type":"Point","coordinates":[54.603905,24.452178]},"properties":{"competitor_id":"n3177396259","name":"Fantastic Spa","category":"spa","tier":"premium","rating":4.88,"nearest_branch_id":"BD16","distance_to_nearest_m":1626}},{"type":"Feature","geometry":{"type":"Point","coordinates":[54.601013,24.4501]},"properties":{"competitor_id":"n3177642557","name":"Nails Couture","category":"beauty_salon","tier":"mid","rating":4.5,"nearest_branch_id":"BD16","distance_to_nearest_m":1286}},{"type":"Feature","geometry":{"type":"Point","coordinates":[54.61547,24.456904]},"properties":{"competitor_id":"n3189272338","name":"NStyle International","category":"hairdresser","tier":"value","rating":4.42,"nearest_branch_id":"BD16","distance_to_nearest_m":2771}},{"type":"Feature","geometry":{"type":"Point","coordinates":[54.609305,24.442941]},"properties":{"competitor_id":"n3196692072","name":"Golden Desert Spa for Men","category":"beauty_salon","tier":"premium","rating":4.84,"nearest_branch_id":"BD16","distance_to_nearest_m":1415}},{"type":"Feature","geometry":{"type":"Point","coordinates":[54.609433,24.443009]},"properties":{"competitor_id":"n3196692073","name":"Golden Desert Spa Ladies","category":"beauty_salon","tier":"premium","rating":4.94,"nearest_branch_id":"BD16","distance_to_nearest_m":1430}},{"type":"Feature","geometry":{"type":"Point","coordinates":[54.613582,24.45433]},"properties":{"competitor_id":"n3204620116","name":"Glamorous Hair Salon (Ladies)","category":"beauty_salon","tier":"mid","rating":4.62,"nearest_branch_id":"BD16","distance_to_nearest_m":2436}},{"type":"Feature","geometry":{"type":"Point","coordinates":[54.605009,24.449646]},"properties":{"competitor_id":"n3254622761","name":"Styles & Smiles Men's Salon","category":"hairdresser","tier":"value","rating":4.07,"nearest_branch_id":"BD16","distance_to_nearest_m":1458}},{"type":"Feature","geometry":{"type":"Point","coordinates":[54.463128,24.413539]},"properties":{"competitor_id":"n3848385990","name":"Cleopatra Spa","category":"beauty_salon","tier":"premium","rating":4.64,"nearest_branch_id":"BD17","distance_to_nearest_m":552}},{"type":"Feature","geometry":{"type":"Point","coordinates":[54.4632,24.413627]},"properties":{"competitor_id":"n3872366943","name":"Eye Candy Beauty Shop","category":"beauty_salon","tier":"mid","rating":4.32,"nearest_branch_id":"BD17","distance_to_nearest_m":561}},{"type":"Feature","geometry":{"type":"Point","coordinates":[54.436009,24.432207]},"properties":{"competitor_id":"n3975227504","name":"Pink Link Salon","category":"beauty_salon","tier":"mid","rating":4.66,"nearest_branch_id":"BD17","distance_to_nearest_m":3108}},{"type":"Feature","geometry":{"type":"Point","coordinates":[54.435578,24.432269]},"properties":{"competitor_id":"n3975234158","name":"Picasso Gent's Care","category":"beauty_salon","tier":"mid","rating":4.58,"nearest_branch_id":"BD17","distance_to_nearest_m":3143}},{"type":"Feature","geometry":{"type":"Point","coordinates":[54.437389,24.432087]},"properties":{"competitor_id":"n3975237614","name":"Mera Beauty Centre","category":"beauty_salon","tier":"mid","rating":4.31,"nearest_branch_id":"BD17","distance_to_nearest_m":3000}},{"type":"Feature","geometry":{"type":"Point","coordinates":[54.435835,24.432229]},"properties":{"competitor_id":"n3975240008","name":"Pikaso Babe & Kids Salon","category":"beauty_salon","tier":"mid","rating":4.6,"nearest_branch_id":"BD17","distance_to_nearest_m":3122}},{"type":"Feature","geometry":{"type":"Point","coordinates":[54.437651,24.431392]},"properties":{"competitor_id":"n3975240477","name":"MegaSun Lounge For Women","category":"beauty_salon","tier":"premium","rating":4.83,"nearest_branch_id":"BD17","distance_to_nearest_m":2926}},{"type":"Feature","geometry":{"type":"Point","coordinates":[54.437772,24.431256]},"properties":{"competitor_id":"n3975241099","name":"Nails Style Spa","category":"beauty_salon","tier":"premium","rating":4.75,"nearest_branch_id":"BD17","distance_to_nearest_m":2907}},{"type":"Feature","geometry":{"type":"Point","coordinates":[54.436737,24.430676]},"properties":{"competitor_id":"n3975245798","name":"Balason Ladies Salon","category":"beauty_salon","tier":"mid","rating":4.24,"nearest_branch_id":"BD17","distance_to_nearest_m":2936}},{"type":"Feature","geometry":{"type":"Point","coordinates":[54.437312,24.430414]},"properties":{"competitor_id":"n3975246581","name":"Pop Art Nail and Beauty Centre","category":"beauty_salon","tier":"mid","rating":4.89,"nearest_branch_id":"BD17","distance_to_nearest_m":2874}},{"type":"Feature","geometry":{"type":"Point","coordinates":[54.435534,24.431785]},"properties":{"competitor_id":"n3977602400","name":"Aduba Spa For Ladies","category":"beauty_salon","tier":"premium","rating":4.88,"nearest_branch_id":"BD17","distance_to_nearest_m":3109}},{"type":"Feature","geometry":{"type":"Point","coordinates":[54.435511,24.431664]},"properties":{"competitor_id":"n3977603711","name":"Aduba Spa For Men","category":"beauty_salon","tier":"premium","rating":4.56,"nearest_branch_id":"BD17","distance_to_nearest_m":3102}},{"type":"Feature","geometry":{"type":"Point","coordinates":[54.433918,24.430704]},"properties":{"competitor_id":"n3977628171","name":"Rival Ladies Salon","category":"beauty_salon","tier":"mid","rating":4.45,"nearest_branch_id":"BD17","distance_to_nearest_m":3151}},{"type":"Feature","geometry":{"type":"Point","coordinates":[54.431595,24.43283]},"properties":{"competitor_id":"n3977647643","name":"La Reine Ladies Beauty Salon","category":"beauty_salon","tier":"mid","rating":4.52,"nearest_branch_id":"BD17","distance_to_nearest_m":3484}},{"type":"Feature","geometry":{"type":"Point","coordinates":[54.430999,24.433086]},"properties":{"competitor_id":"n3977657744","name":"Olympic Gent's Salon","category":"beauty_salon","tier":"mid","rating":4.89,"nearest_branch_id":"BD17","distance_to_nearest_m":3548}},{"type":"Feature","geometry":{"type":"Point","coordinates":[54.432152,24.432909]},"properties":{"competitor_id":"n3977658473","name":"Black Scissors Gent's Salon","category":"beauty_salon","tier":"mid","rating":5.0,"nearest_branch_id":"BD17","distance_to_nearest_m":3447}},{"type":"Feature","geometry":{"type":"Point","coordinates":[54.43362,24.432727]},"properties":{"competitor_id":"n3977667876","name":"Zaafaran Gents Salon","category":"beauty_salon","tier":"mid","rating":4.61,"nearest_branch_id":"BD17","distance_to_nearest_m":3322}},{"type":"Feature","geometry":{"type":"Point","coordinates":[54.360792,24.490542]},"properties":{"competitor_id":"n3979081584","name":"Rachelle Ladies Salon","category":"beauty_salon","tier":"mid","rating":4.93,"nearest_branch_id":"BD19","distance_to_nearest_m":3919}},{"type":"Feature","geometry":{"type":"Point","coordinates":[54.360392,24.490329]},"properties":{"competitor_id":"n3979082164","name":"Al Tamam Hairdressing","category":"beauty_salon","tier":"mid","rating":4.72,"nearest_branch_id":"BD19","distance_to_nearest_m":3928}},{"type":"Feature","geometry":{"type":"Point","coordinates":[54.361603,24.491195]},"properties":{"competitor_id":"n3979086366","name":"Euphoria Ladies Spa","category":"beauty_salon","tier":"premium","rating":4.46,"nearest_branch_id":"BD19","distance_to_nearest_m":3918}},{"type":"Feature","geometry":{"type":"Point","coordinates":[54.439311,24.419803]},"properties":{"competitor_id":"n3988525937","name":"La Dolce Vita","category":"beauty_salon","tier":"mid","rating":4.13,"nearest_branch_id":"BD17","distance_to_nearest_m":2039}},{"type":"Feature","geometry":{"type":"Point","coordinates":[54.436282,24.432345]},"properties":{"competitor_id":"n3989290360","name":"Umm Dalia Beauty Salon","category":"beauty_salon","tier":"mid","rating":4.63,"nearest_branch_id":"BD17","distance_to_nearest_m":3099}},{"type":"Feature","geometry":{"type":"Point","coordinates":[54.435373,24.432465]},"properties":{"competitor_id":"n3989389556","name":"Tahseen Salon","category":"beauty_salon","tier":"mid","rating":4.37,"nearest_branch_id":"BD17","distance_to_nearest_m":3173}},{"type":"Feature","geometry":{"type":"Point","coordinates":[54.435086,24.432514]},"properties":{"competitor_id":"n3989394336","name":"Al Shumookh Gents Salon","category":"beauty_salon","tier":"mid","rating":4.3,"nearest_branch_id":"BD17","distance_to_nearest_m":3198}},{"type":"Feature","geometry":{"type":"Point","coordinates":[54.434932,24.43236]},"properties":{"competitor_id":"n3989397639","name":"Mona Moon Beauty Salon","category":"beauty_salon","tier":"mid","rating":4.36,"nearest_branch_id":"BD17","distance_to_nearest_m":3197}},{"type":"Feature","geometry":{"type":"Point","coordinates":[54.43412,24.431858]},"properties":{"competitor_id":"n3989407057","name":"Princess Nails Beauty Centre","category":"beauty_salon","tier":"mid","rating":4.64,"nearest_branch_id":"BD17","distance_to_nearest_m":3220}},{"type":"Feature","geometry":{"type":"Point","coordinates":[54.344451,24.47135]},"properties":{"competitor_id":"n3991634617","name":"Nail Couch","category":"beauty_salon","tier":"mid","rating":4.62,"nearest_branch_id":"BD19","distance_to_nearest_m":4357}},{"type":"Feature","geometry":{"type":"Point","coordinates":[54.343779,24.470855]},"properties":{"competitor_id":"n3991645979","name":"Toi Et Moi Beauty Center","category":"beauty_salon","tier":"mid","rating":4.17,"nearest_branch_id":"BD19","distance_to_nearest_m":4415}},{"type":"Feature","geometry":{"type":"Point","coordinates":[54.348061,24.474033]},"properties":{"competitor_id":"n3991653528","name":"Silisty Beauty Center","category":"beauty_salon","tier":"mid","rating":4.38,"nearest_branch_id":"BD19","distance_to_nearest_m":4066}},{"type":"Feature","geometry":{"type":"Point","coordinates":[54.455817,24.435517]},"properties":{"competitor_id":"n3999022563","name":"Siryano","category":"beauty_salon","tier":"mid","rating":4.47,"nearest_branch_id":"BD17","distance_to_nearest_m":2566}},{"type":"Feature","geometry":{"type":"Point","coordinates":[54.456142,24.435403]},"properties":{"competitor_id":"n3999022986","name":"Bellacure Nails","category":"beauty_salon","tier":"mid","rating":4.77,"nearest_branch_id":"BD17","distance_to_nearest_m":2551}},{"type":"Feature","geometry":{"type":"Point","coordinates":[54.339477,24.468574]},"properties":{"competitor_id":"n4003593968","name":"Blanche Beauty Salon","category":"beauty_salon","tier":"mid","rating":4.5,"nearest_branch_id":"BD19","distance_to_nearest_m":4815}},{"type":"Feature","geometry":{"type":"Point","coordinates":[54.339457,24.468884]},"properties":{"competitor_id":"n4003594029","name":"Guzellik Beauty Salon","category":"beauty_salon","tier":"mid","rating":4.39,"nearest_branch_id":"BD19","distance_to_nearest_m":4820}},{"type":"Feature","geometry":{"type":"Point","coordinates":[54.339316,24.468788]},"properties":{"competitor_id":"n4003594524","name":"Nailit Ladies Spa","category":"beauty_salon","tier":"premium","rating":5.0,"nearest_branch_id":"BD19","distance_to_nearest_m":4833}},{"type":"Feature","geometry":{"type":"Point","coordinates":[54.339381,24.468676]},"properties":{"competitor_id":"n4003594525","name":"White Candle Massage For Men","category":"beauty_salon","tier":"mid","rating":5.0,"nearest_branch_id":"BD19","distance_to_nearest_m":4826}},{"type":"Feature","geometry":{"type":"Point","coordinates":[54.34064,24.468508]},"properties":{"competitor_id":"n4003601396","name":"Twinkle Nails Spa","category":"beauty_salon","tier":"premium","rating":4.55,"nearest_branch_id":"BD19","distance_to_nearest_m":4697}},{"type":"Feature","geometry":{"type":"Point","coordinates":[54.340101,24.469415]},"properties":{"competitor_id":"n4003602988","name":"Caramel Beauty Lounge","category":"beauty_salon","tier":"premium","rating":4.63,"nearest_branch_id":"BD19","distance_to_nearest_m":4762}},{"type":"Feature","geometry":{"type":"Point","coordinates":[54.340322,24.470891]},"properties":{"competitor_id":"n4003607239","name":"Sugar Beauty Lounge","category":"beauty_salon","tier":"premium","rating":4.42,"nearest_branch_id":"BD19","distance_to_nearest_m":4761}},{"type":"Feature","geometry":{"type":"Point","coordinates":[54.340482,24.470998]},"properties":{"competitor_id":"n4003619294","name":"Al Lailac Ladies Beauty","category":"beauty_salon","tier":"mid","rating":4.88,"nearest_branch_id":"BD19","distance_to_nearest_m":4747}},{"type":"Feature","geometry":{"type":"Point","coordinates":[54.340865,24.471086]},"properties":{"competitor_id":"n4003623491","name":"Commander Salon & Spa","category":"beauty_salon","tier":"premium","rating":4.77,"nearest_branch_id":"BD19","distance_to_nearest_m":4710}},{"type":"Feature","geometry":{"type":"Point","coordinates":[54.342067,24.470773]},"properties":{"competitor_id":"n4003632128","name":"Vogue Beauty Salon","category":"beauty_salon","tier":"mid","rating":4.02,"nearest_branch_id":"BD19","distance_to_nearest_m":4585}},{"type":"Feature","geometry":{"type":"Point","coordinates":[54.64188,24.42872]},"properties":{"competitor_id":"n4013812063","name":"V Elements Spa","category":"beauty_salon","tier":"premium","rating":4.77,"nearest_branch_id":"BD16","distance_to_nearest_m":4814}},{"type":"Feature","geometry":{"type":"Point","coordinates":[54.373851,24.488836]},"properties":{"competitor_id":"n4015812135","name":"Spa Essence Ladies Salon","category":"beauty_salon","tier":"premium","rating":4.7,"nearest_branch_id":"BD19","distance_to_nearest_m":3012}},{"type":"Feature","geometry":{"type":"Point","coordinates":[54.373502,24.486635]},"properties":{"competitor_id":"n4015820778","name":"Capital Salon","category":"beauty_salon","tier":"mid","rating":4.43,"nearest_branch_id":"BD19","distance_to_nearest_m":2810}},{"type":"Feature","geometry":{"type":"Point","coordinates":[54.33869,24.465289]},"properties":{"competitor_id":"n4027279874","name":"Silkor Laser Hair Removal","category":"beauty_salon","tier":"mid","rating":4.48,"nearest_branch_id":"BD19","distance_to_nearest_m":4874}},{"type":"Feature","geometry":{"type":"Point","coordinates":[54.338974,24.465513]},"properties":{"competitor_id":"n4027279875","name":"Ella Spa","category":"beauty_salon","tier":"premium","rating":4.78,"nearest_branch_id":"BD19","distance_to_nearest_m":4845}},{"type":"Feature","geometry":{"type":"Point","coordinates":[54.366165,24.494414]},"properties":{"competitor_id":"n4029354628","name":"Bisan Salon","category":"beauty_salon","tier":"mid","rating":4.14,"nearest_branch_id":"BD19","distance_to_nearest_m":3933}},{"type":"Feature","geometry":{"type":"Point","coordinates":[54.464813,24.419606]},"properties":{"competitor_id":"n4043672425","name":"Salon Top Twenty Centre","category":"beauty_salon","tier":"mid","rating":4.48,"nearest_branch_id":"BD17","distance_to_nearest_m":1062}},{"type":"Feature","geometry":{"type":"Point","coordinates":[54.431521,24.434527]},"properties":{"competitor_id":"n4066162041","name":"Grey & Red Gent's Salon","category":"beauty_salon","tier":"mid","rating":4.44,"nearest_branch_id":"BD17","distance_to_nearest_m":3614}},{"type":"Feature","geometry":{"type":"Point","coordinates":[54.431448,24.434537]},"properties":{"competitor_id":"n4066162043","name":"Sona Ladies Salon","category":"beauty_salon","tier":"mid","rating":4.41,"nearest_branch_id":"BD17","distance_to_nearest_m":3620}},{"type":"Feature","geometry":{"type":"Point","coordinates":[54.43206,24.434455]},"properties":{"competitor_id":"n4066162522","name":"Geneve Gent's Salon","category":"beauty_salon","tier":"mid","rating":4.65,"nearest_branch_id":"BD17","distance_to_nearest_m":3569}},{"type":"Feature","geometry":{"type":"Point","coordinates":[54.432698,24.434368]},"properties":{"competitor_id":"n4066164131","name":"Al Naqa Salon","category":"beauty_salon","tier":"mid","rating":5.0,"nearest_branch_id":"BD17","distance_to_nearest_m":3515}},{"type":"Feature","geometry":{"type":"Point","coordinates":[54.434134,24.434174]},"properties":{"competitor_id":"n4066166534","name":"White Ruby Gents Saloon","category":"beauty_salon","tier":"mid","rating":4.5,"nearest_branch_id":"BD17","distance_to_nearest_m":3396}},{"type":"Feature","geometry":{"type":"Point","coordinates":[54.378508,24.471308]},"properties":{"competitor_id":"n4066171861","name":"Hajir Ladies Salon","category":"beauty_salon","tier":"mid","rating":4.38,"nearest_branch_id":"BD19","distance_to_nearest_m":1135}},{"type":"Feature","geometry":{"type":"Point","coordinates":[54.438096,24.433639]},"properties":{"competitor_id":"n4077594956","name":"Ruby Salon","category":"beauty_salon","tier":"mid","rating":4.59,"nearest_branch_id":"BD17","distance_to_nearest_m":3081}},{"type":"Feature","geometry":{"type":"Point","coordinates":[54.436519,24.433852]},"properties":{"competitor_id":"n4077597733","name":"Sarim Salon","category":"beauty_salon","tier":"mid","rating":4.48,"nearest_branch_id":"BD17","distance_to_nearest_m":3204}},{"type":"Feature","geometry":{"type":"Point","coordinates":[54.434992,24.434058]},"properties":{"competitor_id":"n4077599541","name":"Al Khaibar Gents Salon","category":"beauty_salon","tier":"mid","rating":4.9,"nearest_branch_id":"BD17","distance_to_nearest_m":3326}},{"type":"Feature","geometry":{"type":"Point","coordinates":[54.610289,24.488986]},"properties":{"competitor_id":"n4077677042","name":"The Loft Hair and Beauty","category":"beauty_salon","tier":"mid","rating":4.51,"nearest_branch_id":"BD23","distance_to_nearest_m":2810}},{"type":"Feature","geometry":{"type":"Point","coordinates":[54.438454,24.446492]},"properties":{"competitor_id":"n4087973889","name":"Marquee","category":"beauty_salon","tier":"mid","rating":4.68,"nearest_branch_id":"BD17","distance_to_nearest_m":4255}},{"type":"Feature","geometry":{"type":"Point","coordinates":[54.43841,24.446372]},"properties":{"competitor_id":"n4087973890","name":"TNS The Nail Spa","category":"beauty_salon","tier":"premium","rating":4.76,"nearest_branch_id":"BD17","distance_to_nearest_m":4245}},{"type":"Feature","geometry":{"type":"Point","coordinates":[54.437098,24.446538]},"properties":{"competitor_id":"n4088073537","name":"Antara Spa","category":"beauty_salon","tier":"premium","rating":4.22,"nearest_branch_id":"BD17","distance_to_nearest_m":4324}},{"type":"Feature","geometry":{"type":"Point","coordinates":[54.373266,24.489753]},"properties":{"competitor_id":"n4116451989","name":"Istanbul Salon","category":"hairdresser","tier":"value","rating":4.04,"nearest_branch_id":"BD19","distance_to_nearest_m":3129}},{"type":"Feature","geometry":{"type":"Point","coordinates":[54.372855,24.490466]},"properties":{"competitor_id":"n4117958290","name":"Golden Eagle Gents Salon","category":"hairdresser","tier":"value","rating":4.31,"nearest_branch_id":"BD19","distance_to_nearest_m":3219}},{"type":"Feature","geometry":{"type":"Point","coordinates":[54.370852,24.49067]},"properties":{"competitor_id":"n4119163190","name":"Noor Modern Ladies Saloon","category":"beauty_salon","tier":"mid","rating":4.92,"nearest_branch_id":"BD19","distance_to_nearest_m":3333}},{"type":"Feature","geometry":{"type":"Point","coordinates":[54.373333,24.491293]},"properties":{"competitor_id":"n4121726192","name":"RUBY SALON","category":"hairdresser","tier":"value","rating":4.45,"nearest_branch_id":"BD19","distance_to_nearest_m":3281}},{"type":"Feature","geometry":{"type":"Point","coordinates":[54.373185,24.491059]},"properties":{"competitor_id":"n4121726490","name":"City Image Saloon","category":"hairdresser","tier":"value","rating":4.39,"nearest_branch_id":"BD19","distance_to_nearest_m":3264}},{"type":"Feature","geometry":{"type":"Point","coordinates":[54.50343,24.358558]},"properties":{"competitor_id":"n4125429890","name":"Unnamed salon (OSM)","category":"hairdresser","tier":"value","rating":5.0,"nearest_branch_id":"BD14","distance_to_nearest_m":1711}},{"type":"Feature","geometry":{"type":"Point","coordinates":[54.500311,24.359916]},"properties":{"competitor_id":"n4125489290","name":"Unnamed salon (OSM)","category":"hairdresser","tier":"value","rating":4.63,"nearest_branch_id":"BD14","distance_to_nearest_m":1730}},{"type":"Feature","geometry":{"type":"Point","coordinates":[54.501128,24.358733]},"properties":{"competitor_id":"n4125489889","name":"Unnamed salon (OSM)","category":"hairdresser","tier":"value","rating":4.77,"nearest_branch_id":"BD14","distance_to_nearest_m":1797}},{"type":"Feature","geometry":{"type":"Point","coordinates":[54.376424,24.484052]},"properties":{"competitor_id":"n4126710589","name":"Unnamed salon (OSM)","category":"hairdresser","tier":"value","rating":4.62,"nearest_branch_id":"BD19","distance_to_nearest_m":2419}},{"type":"Feature","geometry":{"type":"Point","coordinates":[54.370352,24.49345]},"properties":{"competitor_id":"n4130064692","name":"Unnamed salon (OSM)","category":"hairdresser","tier":"value","rating":4.21,"nearest_branch_id":"BD19","distance_to_nearest_m":3629}},{"type":"Feature","geometry":{"type":"Point","coordinates":[54.373387,24.48955]},"properties":{"competitor_id":"n4131187089","name":"BLACK MUSTACHE GENT SALON","category":"hairdresser","tier":"value","rating":4.69,"nearest_branch_id":"BD19","distance_to_nearest_m":3104}},{"type":"Feature","geometry":{"type":"Point","coordinates":[54.373978,24.482486]},"properties":{"competitor_id":"n4137608997","name":"Saloon","category":"hairdresser","tier":"value","rating":4.36,"nearest_branch_id":"BD19","distance_to_nearest_m":2389}},{"type":"Feature","geometry":{"type":"Point","coordinates":[54.371803,24.47148]},"properties":{"competitor_id":"n4137656989","name":"Ruby Saloon","category":"hairdresser","tier":"value","rating":3.57,"nearest_branch_id":"BD19","distance_to_nearest_m":1710}},{"type":"Feature","geometry":{"type":"Point","coordinates":[54.404384,24.444599]},"properties":{"competitor_id":"n4143877893","name":"Blue Valley Saloon","category":"hairdresser","tier":"value","rating":4.5,"nearest_branch_id":"BD19","distance_to_nearest_m":2834}},{"type":"Feature","geometry":{"type":"Point","coordinates":[54.383879,24.483118]},"properties":{"competitor_id":"n4144270894","name":"Al Wagaha Saloon","category":"hairdresser","tier":"value","rating":3.83,"nearest_branch_id":"BD19","distance_to_nearest_m":2095}},{"type":"Feature","geometry":{"type":"Point","coordinates":[54.371643,24.490125]},"properties":{"competitor_id":"n4149211489","name":"Samer SALON & SPA DISTINCTION & ELEGANCE","category":"hairdresser","tier":"premium","rating":4.89,"nearest_branch_id":"BD19","distance_to_nearest_m":3241}},{"type":"Feature","geometry":{"type":"Point","coordinates":[54.3914,24.447398]},"properties":{"competitor_id":"n4156742693","name":"Happy Land Saloon","category":"hairdresser","tier":"value","rating":3.76,"nearest_branch_id":"BD19","distance_to_nearest_m":1952}},{"type":"Feature","geometry":{"type":"Point","coordinates":[54.353381,24.476054]},"properties":{"competitor_id":"n4158704993","name":"Unnamed salon (OSM)","category":"hairdresser","tier":"value","rating":4.03,"nearest_branch_id":"BD19","distance_to_nearest_m":3623}},{"type":"Feature","geometry":{"type":"Point","coordinates":[54.351485,24.474777]},"properties":{"competitor_id":"n4158704997","name":"Orbit Saloon","category":"hairdresser","tier":"value","rating":3.98,"nearest_branch_id":"BD19","distance_to_nearest_m":3757}},{"type":"Feature","geometry":{"type":"Point","coordinates":[54.351205,24.474397]},"properties":{"competitor_id":"n4158705000","name":"Unnamed salon (OSM)","category":"hairdresser","tier":"value","rating":4.36,"nearest_branch_id":"BD19","distance_to_nearest_m":3771}},{"type":"Feature","geometry":{"type":"Point","coordinates":[54.353347,24.475802]},"properties":{"competitor_id":"n4158705192","name":"Unnamed salon (OSM)","category":"hairdresser","tier":"value","rating":3.53,"nearest_branch_id":"BD19","distance_to_nearest_m":3616}},{"type":"Feature","geometry":{"type":"Point","coordinates":[54.351934,24.476094]},"properties":{"competitor_id":"n4158705389","name":"Sana","category":"hairdresser","tier":"value","rating":4.41,"nearest_branch_id":"BD19","distance_to_nearest_m":3762}},{"type":"Feature","geometry":{"type":"Point","coordinates":[54.350986,24.474337]},"properties":{"competitor_id":"n4158705494","name":"Unnamed salon (OSM)","category":"hairdresser","tier":"value","rating":4.16,"nearest_branch_id":"BD19","distance_to_nearest_m":3791}},{"type":"Feature","geometry":{"type":"Point","coordinates":[54.373112,24.491152]},"properties":{"competitor_id":"n4160422491","name":"Melody Hairdressing Saloon","category":"hairdresser","tier":"value","rating":3.67,"nearest_branch_id":"BD19","distance_to_nearest_m":3276}},{"type":"Feature","geometry":{"type":"Point","coordinates":[54.374743,24.491763]},"properties":{"competitor_id":"n4161665894","name":"Hair & Beyond Salon","category":"hairdresser","tier":"value","rating":4.84,"nearest_branch_id":"BD19","distance_to_nearest_m":3273}},{"type":"Feature","geometry":{"type":"Point","coordinates":[54.375053,24.491403]},"properties":{"competitor_id":"n4161675990","name":"Al Sham Flower Algharbiyya Salon","category":"hairdresser","tier":"value","rating":4.35,"nearest_branch_id":"BD19","distance_to_nearest_m":3224}},{"type":"Feature","geometry":{"type":"Point","coordinates":[54.374406,24.492063]},"properties":{"competitor_id":"n4161676191","name":"Elak Spa LLC","category":"hairdresser","tier":"premium","rating":4.54,"nearest_branch_id":"BD19","distance_to_nearest_m":3316}},{"type":"Feature","geometry":{"type":"Point","coordinates":[54.374412,24.490945]},"properties":{"competitor_id":"n4163702189","name":"Al Safir Hairdressing Saloon","category":"hairdresser","tier":"value","rating":3.88,"nearest_branch_id":"BD19","distance_to_nearest_m":3202}},{"type":"Feature","geometry":{"type":"Point","coordinates":[54.370701,24.488495]},"properties":{"competitor_id":"n4166703292","name":"Focus Gent Saloon","category":"hairdresser","tier":"value","rating":3.76,"nearest_branch_id":"BD19","distance_to_nearest_m":3131}},{"type":"Feature","geometry":{"type":"Point","coordinates":[54.370686,24.493093]},"properties":{"competitor_id":"n4172691196","name":"Al Fakher Gents Saloon","category":"hairdresser","tier":"value","rating":4.76,"nearest_branch_id":"BD19","distance_to_nearest_m":3578}},{"type":"Feature","geometry":{"type":"Point","coordinates":[54.370775,24.493013]},"properties":{"competitor_id":"n4172700794","name":"Unnamed salon (OSM)","category":"hairdresser","tier":"value","rating":4.2,"nearest_branch_id":"BD19","distance_to_nearest_m":3566}},{"type":"Feature","geometry":{"type":"Point","coordinates":[54.378211,24.46152]},"properties":{"competitor_id":"n4173821706","name":"Unnamed salon (OSM)","category":"hairdresser","tier":"value","rating":4.34,"nearest_branch_id":"BD19","distance_to_nearest_m":932}},{"type":"Feature","geometry":{"type":"Point","coordinates":[54.374003,24.484768]},"properties":{"competitor_id":"n4174179890","name":"Life Bauty Center","category":"beauty_salon","tier":"mid","rating":4.67,"nearest_branch_id":"BD19","distance_to_nearest_m":2604}},{"type":"Feature","geometry":{"type":"Point","coordinates":[54.372002,24.493289]},"properties":{"competitor_id":"n4175210592","name":"Sultana Salon","category":"hairdresser","tier":"value","rating":4.73,"nearest_branch_id":"BD19","distance_to_nearest_m":3539}},{"type":"Feature","geometry":{"type":"Point","coordinates":[54.373642,24.491964]},"properties":{"competitor_id":"n4176232191","name":"Al Side A Salon","category":"hairdresser","tier":"value","rating":4.28,"nearest_branch_id":"BD19","distance_to_nearest_m":3337}},{"type":"Feature","geometry":{"type":"Point","coordinates":[54.340301,24.469188]},"properties":{"competitor_id":"n4180068790","name":"Arcade Mens Saloon Spa","category":"beauty_salon","tier":"premium","rating":4.92,"nearest_branch_id":"BD19","distance_to_nearest_m":4739}},{"type":"Feature","geometry":{"type":"Point","coordinates":[54.371854,24.493573]},"properties":{"competitor_id":"n4190213690","name":"Al Manhal Salon","category":"hairdresser","tier":"value","rating":3.97,"nearest_branch_id":"BD19","distance_to_nearest_m":3574}},{"type":"Feature","geometry":{"type":"Point","coordinates":[54.372131,24.48937]},"properties":{"competitor_id":"n4191020793","name":"Eid Hairdressing Salon","category":"hairdresser","tier":"value","rating":4.08,"nearest_branch_id":"BD19","distance_to_nearest_m":3144}},{"type":"Feature","geometry":{"type":"Point","coordinates":[54.36945,24.478234]},"properties":{"competitor_id":"n4201814751","name":"Unnamed salon (OSM)","category":"hairdresser","tier":"value","rating":4.7,"nearest_branch_id":"BD19","distance_to_nearest_m":2332}},{"type":"Feature","geometry":{"type":"Point","coordinates":[54.374147,24.491885]},"properties":{"competitor_id":"n4202405894","name":"AL MASAOOD OIL INSUSTRY SUPPLIES & SERVICE CO.","category":"hairdresser","tier":"value","rating":3.95,"nearest_branch_id":"BD19","distance_to_nearest_m":3308}},{"type":"Feature","geometry":{"type":"Point","coordinates":[54.369622,24.492314]},"properties":{"competitor_id":"n4204349492","name":"Kabayan Men Salon","category":"hairdresser","tier":"value","rating":4.9,"nearest_branch_id":"BD19","distance_to_nearest_m":3553}},{"type":"Feature","geometry":{"type":"Point","coordinates":[54.369765,24.492145]},"properties":{"competitor_id":"n4204353791","name":"Ideal Salon","category":"hairdresser","tier":"value","rating":4.26,"nearest_branch_id":"BD19","distance_to_nearest_m":3529}},{"type":"Feature","geometry":{"type":"Point","coordinates":[54.369802,24.47823]},"properties":{"competitor_id":"n4205230695","name":"Unnamed salon (OSM)","category":"hairdresser","tier":"value","rating":4.11,"nearest_branch_id":"BD19","distance_to_nearest_m":2305}},{"type":"Feature","geometry":{"type":"Point","coordinates":[54.370869,24.494028]},"properties":{"competitor_id":"n4206739019","name":"Unnamed salon (OSM)","category":"hairdresser","tier":"value","rating":4.16,"nearest_branch_id":"BD19","distance_to_nearest_m":3663}},{"type":"Feature","geometry":{"type":"Point","coordinates":[54.369985,24.496797]},"properties":{"competitor_id":"n4207043791","name":"Unnamed salon (OSM)","category":"hairdresser","tier":"value","rating":4.93,"nearest_branch_id":"BD19","distance_to_nearest_m":3979}},{"type":"Feature","geometry":{"type":"Point","coordinates":[54.369564,24.496771]},"properties":{"competitor_id":"n4207058489","name":"Unnamed salon (OSM)","category":"hairdresser","tier":"value","rating":4.46,"nearest_branch_id":"BD19","distance_to_nearest_m":3995}},{"type":"Feature","geometry":{"type":"Point","coordinates":[54.355213,24.476901]},"properties":{"competitor_id":"n4210675989","name":"Unnamed salon (OSM)","category":"hairdresser","tier":"value","rating":4.74,"nearest_branch_id":"BD19","distance_to_nearest_m":3486}},{"type":"Feature","geometry":{"type":"Point","coordinates":[54.354617,24.476251]},"properties":{"competitor_id":"n4210675990","name":"Next Gents Salon","category":"hairdresser","tier":"value","rating":3.68,"nearest_branch_id":"BD19","distance_to_nearest_m":3514}},{"type":"Feature","geometry":{"type":"Point","coordinates":[54.373406,24.494392]},"properties":{"competitor_id":"n4213559289","name":"Desert Flower Gents Saloon","category":"hairdresser","tier":"value","rating":4.1,"nearest_branch_id":"BD19","distance_to_nearest_m":3595}},{"type":"Feature","geometry":{"type":"Point","coordinates":[54.372292,24.494093]},"properties":{"competitor_id":"n4214768990","name":"Unnamed salon (OSM)","category":"hairdresser","tier":"value","rating":4.43,"nearest_branch_id":"BD19","distance_to_nearest_m":3608}},{"type":"Feature","geometry":{"type":"Point","coordinates":[54.372847,24.480389]},"properties":{"competitor_id":"n4215738893","name":"Unnamed salon (OSM)","category":"hairdresser","tier":"value","rating":3.87,"nearest_branch_id":"BD19","distance_to_nearest_m":2267}},{"type":"Feature","geometry":{"type":"Point","coordinates":[54.374076,24.49227]},"properties":{"competitor_id":"n4215809791","name":"Golden Line Gents Salon","category":"hairdresser","tier":"value","rating":4.76,"nearest_branch_id":"BD19","distance_to_nearest_m":3351}},{"type":"Feature","geometry":{"type":"Point","coordinates":[54.372008,24.479787]},"properties":{"competitor_id":"n4215809995","name":"Unnamed salon (OSM)","category":"hairdresser","tier":"value","rating":4.43,"nearest_branch_id":"BD19","distance_to_nearest_m":2270}},{"type":"Feature","geometry":{"type":"Point","coordinates":[54.372099,24.479858]},"properties":{"competitor_id":"n4215810193","name":"Unnamed salon (OSM)","category":"hairdresser","tier":"value","rating":4.11,"nearest_branch_id":"BD19","distance_to_nearest_m":2270}},{"type":"Feature","geometry":{"type":"Point","coordinates":[54.371368,24.479009]},"properties":{"competitor_id":"n4215810490","name":"Unnamed salon (OSM)","category":"hairdresser","tier":"value","rating":4.84,"nearest_branch_id":"BD19","distance_to_nearest_m":2251}},{"type":"Feature","geometry":{"type":"Point","coordinates":[54.369849,24.491781]},"properties":{"competitor_id":"n4219774402","name":"Amer Salon","category":"hairdresser","tier":"value","rating":4.21,"nearest_branch_id":"BD19","distance_to_nearest_m":3490}},{"type":"Feature","geometry":{"type":"Point","coordinates":[54.372438,24.490711]},"properties":{"competitor_id":"n4221648189","name":"Be Different Beauty Center","category":"beauty_salon","tier":"mid","rating":4.38,"nearest_branch_id":"BD19","distance_to_nearest_m":3262}},{"type":"Feature","geometry":{"type":"Point","coordinates":[54.404389,24.444927]},"properties":{"competitor_id":"n4225390391","name":"Al Kauther Hairdressing Shop","category":"hairdresser","tier":"value","rating":4.62,"nearest_branch_id":"BD19","distance_to_nearest_m":2806}},{"type":"Feature","geometry":{"type":"Point","coordinates":[54.4041,24.445245]},"properties":{"competitor_id":"n4225390393","name":"Mountian Head Salon","category":"hairdresser","tier":"value","rating":3.93,"nearest_branch_id":"BD19","distance_to_nearest_m":2760}},{"type":"Feature","geometry":{"type":"Point","coordinates":[54.373868,24.499965]},"properties":{"competitor_id":"n4226677992","name":"Unnamed salon (OSM)","category":"hairdresser","tier":"value","rating":4.63,"nearest_branch_id":"BD19","distance_to_nearest_m":4160}},{"type":"Feature","geometry":{"type":"Point","coordinates":[54.373459,24.499304]},"properties":{"competitor_id":"n4226701890","name":"Unnamed salon (OSM)","category":"hairdresser","tier":"value","rating":4.12,"nearest_branch_id":"BD19","distance_to_nearest_m":4104}},{"type":"Feature","geometry":{"type":"Point","coordinates":[54.390027,24.450488]},"properties":{"competitor_id":"n4240850994","name":"Golden Style Gents Saloon","category":"hairdresser","tier":"value","rating":4.31,"nearest_branch_id":"BD19","distance_to_nearest_m":1586}},{"type":"Feature","geometry":{"type":"Point","coordinates":[54.378417,24.491032]},"properties":{"competitor_id":"n4241625291","name":"Unnamed salon (OSM)","category":"hairdresser","tier":"value","rating":4.37,"nearest_branch_id":"BD19","distance_to_nearest_m":3074}},{"type":"Feature","geometry":{"type":"Point","coordinates":[54.380168,24.491195]},"properties":{"competitor_id":"n4241672089","name":"Pinky Nails Ladies Salon","category":"beauty_salon","tier":"mid","rating":4.72,"nearest_branch_id":"BD19","distance_to_nearest_m":3048}},{"type":"Feature","geometry":{"type":"Point","coordinates":[54.382594,24.490912]},"properties":{"competitor_id":"n4242960716","name":"Unnamed salon (OSM)","category":"hairdresser","tier":"value","rating":5.0,"nearest_branch_id":"BD19","distance_to_nearest_m":2972}},{"type":"Feature","geometry":{"type":"Point","coordinates":[54.359979,24.485351]},"properties":{"competitor_id":"n4244462704","name":"Indian saloon","category":"hairdresser","tier":"value","rating":3.77,"nearest_branch_id":"BD19","distance_to_nearest_m":3575}},{"type":"Feature","geometry":{"type":"Point","coordinates":[54.40201,24.447457]},"properties":{"competitor_id":"n4245979697","name":"Victory Saloon","category":"hairdresser","tier":"value","rating":4.62,"nearest_branch_id":"BD19","distance_to_nearest_m":2435}},{"type":"Feature","geometry":{"type":"Point","coordinates":[54.401866,24.447596]},"properties":{"competitor_id":"n4246049189","name":"Emirates Eyes Salon","category":"hairdresser","tier":"value","rating":4.14,"nearest_branch_id":"BD19","distance_to_nearest_m":2414}},{"type":"Feature","geometry":{"type":"Point","coordinates":[54.401817,24.447637]},"properties":{"competitor_id":"n4246049289","name":"Al Abrar Hair Dressing Saloon","category":"hairdresser","tier":"value","rating":5.0,"nearest_branch_id":"BD19","distance_to_nearest_m":2408}},{"type":"Feature","geometry":{"type":"Point","coordinates":[54.371868,24.471683]},"properties":{"competitor_id":"n4258057889","name":"ROYAL RUBY SALON","category":"hairdresser","tier":"value","rating":5.0,"nearest_branch_id":"BD19","distance_to_nearest_m":1714}},{"type":"Feature","geometry":{"type":"Point","coordinates":[54.451713,24.423125]},"properties":{"competitor_id":"n4264886506","name":"Emirates Prestige Salon","category":"hairdresser","tier":"value","rating":3.93,"nearest_branch_id":"BD17","distance_to_nearest_m":1331}},{"type":"Feature","geometry":{"type":"Point","coordinates":[54.50336,24.371102]},"properties":{"competitor_id":"n4268266674","name":"Unnamed salon (OSM)","category":"hairdresser","tier":"value","rating":3.68,"nearest_branch_id":"BD14","distance_to_nearest_m":696}},{"type":"Feature","geometry":{"type":"Point","coordinates":[54.503343,24.371397]},"properties":{"competitor_id":"n4268303933","name":"Unnamed salon (OSM)","category":"hairdresser","tier":"value","rating":4.5,"nearest_branch_id":"BD14","distance_to_nearest_m":690}},{"type":"Feature","geometry":{"type":"Point","coordinates":[54.495936,24.379871]},"properties":{"competitor_id":"n4268303953","name":"Unnamed salon (OSM)","category":"hairdresser","tier":"value","rating":4.55,"nearest_branch_id":"BD14","distance_to_nearest_m":1630}},{"type":"Feature","geometry":{"type":"Point","coordinates":[54.503383,24.370936]},"properties":{"competitor_id":"n4268308376","name":"Unnamed salon (OSM)","category":"hairdresser","tier":"value","rating":4.35,"nearest_branch_id":"BD14","distance_to_nearest_m":699}},{"type":"Feature","geometry":{"type":"Point","coordinates":[54.349407,24.471966]},"properties":{"competitor_id":"n4269567697","name":"Unnamed salon (OSM)","category":"hairdresser","tier":"value","rating":4.33,"nearest_branch_id":"BD19","distance_to_nearest_m":3879}},{"type":"Feature","geometry":{"type":"Point","coordinates":[54.374454,24.491488]},"properties":{"competitor_id":"n4269567699","name":"Glamorous Gents Saloon","category":"hairdresser","tier":"value","rating":3.81,"nearest_branch_id":"BD19","distance_to_nearest_m":3256}},{"type":"Feature","geometry":{"type":"Point","coordinates":[54.374848,24.49144]},"properties":{"competitor_id":"n4269596692","name":"Top Man Saloon","category":"hairdresser","tier":"value","rating":5.0,"nearest_branch_id":"BD19","distance_to_nearest_m":3235}},{"type":"Feature","geometry":{"type":"Point","coordinates":[54.372594,24.495147]},"properties":{"competitor_id":"n4280408690","name":"Margin Gents Saloon","category":"hairdresser","tier":"value","rating":3.94,"nearest_branch_id":"BD19","distance_to_nearest_m":3704}},{"type":"Feature","geometry":{"type":"Point","coordinates":[54.351418,24.473543]},"properties":{"competitor_id":"n4281621990","name":"Unnamed salon (OSM)","category":"hairdresser","tier":"value","rating":4.22,"nearest_branch_id":"BD19","distance_to_nearest_m":3724}},{"type":"Feature","geometry":{"type":"Point","coordinates":[54.351497,24.473469]},"properties":{"competitor_id":"n4281622789","name":"Unnamed salon (OSM)","category":"hairdresser","tier":"value","rating":4.02,"nearest_branch_id":"BD19","distance_to_nearest_m":3714}},{"type":"Feature","geometry":{"type":"Point","coordinates":[54.375625,24.499183]},"properties":{"competitor_id":"n4282053490","name":"Blush Ladies Beautt Saloon","category":"beauty_salon","tier":"mid","rating":3.99,"nearest_branch_id":"BD19","distance_to_nearest_m":4024}},{"type":"Feature","geometry":{"type":"Point","coordinates":[54.37546,24.500267]},"properties":{"competitor_id":"n4282058291","name":"Unnamed salon (OSM)","category":"hairdresser","tier":"value","rating":4.52,"nearest_branch_id":"BD19","distance_to_nearest_m":4144}},{"type":"Feature","geometry":{"type":"Point","coordinates":[54.375206,24.500536]},"properties":{"competitor_id":"n4282058889","name":"Unnamed salon (OSM)","category":"hairdresser","tier":"value","rating":3.97,"nearest_branch_id":"BD19","distance_to_nearest_m":4180}},{"type":"Feature","geometry":{"type":"Point","coordinates":[54.405351,24.445021]},"properties":{"competitor_id":"n4286602889","name":"Unnamed salon (OSM)","category":"hairdresser","tier":"value","rating":4.94,"nearest_branch_id":"BD19","distance_to_nearest_m":2860}},{"type":"Feature","geometry":{"type":"Point","coordinates":[54.390477,24.448378]},"properties":{"competitor_id":"n4289128792","name":"Unnamed salon (OSM)","category":"hairdresser","tier":"value","rating":5.0,"nearest_branch_id":"BD19","distance_to_nearest_m":1826}},{"type":"Feature","geometry":{"type":"Point","coordinates":[54.390561,24.448293]},"properties":{"competitor_id":"n4289159295","name":"Unnamed salon (OSM)","category":"hairdresser","tier":"value","rating":4.53,"nearest_branch_id":"BD19","distance_to_nearest_m":1836}},{"type":"Feature","geometry":{"type":"Point","coordinates":[54.390053,24.448842]},"properties":{"competitor_id":"n4289272290","name":"Unnamed salon (OSM)","category":"hairdresser","tier":"value","rating":4.22,"nearest_branch_id":"BD19","distance_to_nearest_m":1767}},{"type":"Feature","geometry":{"type":"Point","coordinates":[54.390692,24.448163]},"properties":{"competitor_id":"n4289312390","name":"Al Shouk Saloon","category":"hairdresser","tier":"value","rating":4.54,"nearest_branch_id":"BD19","distance_to_nearest_m":1853}},{"type":"Feature","geometry":{"type":"Point","coordinates":[54.366971,24.490906]},"properties":{"competitor_id":"n4291185290","name":"Unnamed salon (OSM)","category":"beauty_salon","tier":"mid","rating":4.72,"nearest_branch_id":"BD19","distance_to_nearest_m":3562}},{"type":"Feature","geometry":{"type":"Point","coordinates":[54.36606,24.492201]},"properties":{"competitor_id":"n4291190889","name":"Ricky's Golden Touch Beauty Center","category":"beauty_salon","tier":"mid","rating":4.4,"nearest_branch_id":"BD19","distance_to_nearest_m":3733}},{"type":"Feature","geometry":{"type":"Point","coordinates":[54.370098,24.492112]},"properties":{"competitor_id":"n4294089189","name":"Al Bareek Saloon","category":"hairdresser","tier":"value","rating":4.3,"nearest_branch_id":"BD19","distance_to_nearest_m":3510}},{"type":"Feature","geometry":{"type":"Point","coordinates":[54.366449,24.475505]},"properties":{"competitor_id":"n4296007290","name":"Unnamed salon (OSM)","category":"hairdresser","tier":"value","rating":4.18,"nearest_branch_id":"BD19","distance_to_nearest_m":2401}},{"type":"Feature","geometry":{"type":"Point","coordinates":[54.366483,24.47547]},"properties":{"competitor_id":"n4296007989","name":"Unnamed salon (OSM)","category":"hairdresser","tier":"value","rating":4.48,"nearest_branch_id":"BD19","distance_to_nearest_m":2396}},{"type":"Feature","geometry":{"type":"Point","coordinates":[54.368601,24.477351]},"properties":{"competitor_id":"n4296010889","name":"Unnamed salon (OSM)","category":"hairdresser","tier":"value","rating":4.39,"nearest_branch_id":"BD19","distance_to_nearest_m":2336}},{"type":"Feature","geometry":{"type":"Point","coordinates":[54.36829,24.477501]},"properties":{"competitor_id":"n4296013590","name":"Unnamed salon (OSM)","category":"hairdresser","tier":"value","rating":4.55,"nearest_branch_id":"BD19","distance_to_nearest_m":2371}},{"type":"Feature","geometry":{"type":"Point","coordinates":[54.366934,24.487846]},"properties":{"competitor_id":"n4297354390","name":"Unnamed salon (OSM)","category":"hairdresser","tier":"value","rating":4.35,"nearest_branch_id":"BD19","distance_to_nearest_m":3289}},{"type":"Feature","geometry":{"type":"Point","coordinates":[54.367053,24.487935]},"properties":{"competitor_id":"n4297354490","name":"Unnamed salon (OSM)","category":"hairdresser","tier":"value","rating":4.12,"nearest_branch_id":"BD19","distance_to_nearest_m":3289}},{"type":"Feature","geometry":{"type":"Point","coordinates":[54.367097,24.487957]},"properties":{"competitor_id":"n4297354589","name":"Unnamed salon (OSM)","category":"hairdresser","tier":"value","rating":4.19,"nearest_branch_id":"BD19","distance_to_nearest_m":3288}},{"type":"Feature","geometry":{"type":"Point","coordinates":[54.521437,24.348739]},"properties":{"competitor_id":"n4304894211","name":"Unnamed salon (OSM)","category":"hairdresser","tier":"value","rating":4.8,"nearest_branch_id":"BD14","distance_to_nearest_m":2909}},{"type":"Feature","geometry":{"type":"Point","coordinates":[54.389874,24.450643]},"properties":{"competitor_id":"n4308325490","name":"Technical Scissors Gents Saloon","category":"hairdresser","tier":"value","rating":4.45,"nearest_branch_id":"BD19","distance_to_nearest_m":1567}},{"type":"Feature","geometry":{"type":"Point","coordinates":[54.38736,24.453365]},"properties":{"competitor_id":"n4308325494","name":"Unnamed salon (OSM)","category":"hairdresser","tier":"value","rating":4.31,"nearest_branch_id":"BD19","distance_to_nearest_m":1235}},{"type":"Feature","geometry":{"type":"Point","coordinates":[54.370774,24.496201]},"properties":{"competitor_id":"n4311441090","name":"Unnamed salon (OSM)","category":"hairdresser","tier":"value","rating":4.26,"nearest_branch_id":"BD19","distance_to_nearest_m":3885}},{"type":"Feature","geometry":{"type":"Point","coordinates":[54.35257,24.475048]},"properties":{"competitor_id":"n4312133799","name":"Unnamed salon (OSM)","category":"hairdresser","tier":"value","rating":4.4,"nearest_branch_id":"BD19","distance_to_nearest_m":3662}},{"type":"Feature","geometry":{"type":"Point","coordinates":[54.371971,24.493435]},"properties":{"competitor_id":"n4312151399","name":"Unnamed salon (OSM)","category":"hairdresser","tier":"value","rating":4.29,"nearest_branch_id":"BD19","distance_to_nearest_m":3555}},{"type":"Feature","geometry":{"type":"Point","coordinates":[54.35332,24.475323]},"properties":{"competitor_id":"n4312162695","name":"Unnamed salon (OSM)","category":"hairdresser","tier":"value","rating":4.18,"nearest_branch_id":"BD19","distance_to_nearest_m":3600}},{"type":"Feature","geometry":{"type":"Point","coordinates":[54.352052,24.47502]},"properties":{"competitor_id":"n4312162797","name":"Unnamed salon (OSM)","category":"hairdresser","tier":"value","rating":4.51,"nearest_branch_id":"BD19","distance_to_nearest_m":3711}},{"type":"Feature","geometry":{"type":"Point","coordinates":[54.352635,24.475108]},"properties":{"competitor_id":"n4312163189","name":"Unnamed salon (OSM)","category":"hairdresser","tier":"value","rating":4.55,"nearest_branch_id":"BD19","distance_to_nearest_m":3658}},{"type":"Feature","geometry":{"type":"Point","coordinates":[54.351093,24.474477]},"properties":{"competitor_id":"n4312163190","name":"Unnamed salon (OSM)","category":"hairdresser","tier":"value","rating":4.87,"nearest_branch_id":"BD19","distance_to_nearest_m":3785}},{"type":"Feature","geometry":{"type":"Point","coordinates":[54.374303,24.490674]},"properties":{"competitor_id":"n4312457693","name":"Salon De Papillon","category":"beauty_salon","tier":"mid","rating":4.78,"nearest_branch_id":"BD19","distance_to_nearest_m":3178}},{"type":"Feature","geometry":{"type":"Point","coordinates":[54.363033,24.480622]},"properties":{"competitor_id":"n4314040389","name":"Unnamed salon (OSM)","category":"hairdresser","tier":"value","rating":4.44,"nearest_branch_id":"BD19","distance_to_nearest_m":3005}},{"type":"Feature","geometry":{"type":"Point","coordinates":[54.369128,24.492428]},"properties":{"competitor_id":"n4314103291","name":"Unnamed salon (OSM)","category":"hairdresser","tier":"value","rating":3.78,"nearest_branch_id":"BD19","distance_to_nearest_m":3589}},{"type":"Feature","geometry":{"type":"Point","coordinates":[54.369071,24.492502]},"properties":{"competitor_id":"n4314107492","name":"Unnamed salon (OSM)","category":"hairdresser","tier":"value","rating":4.79,"nearest_branch_id":"BD19","distance_to_nearest_m":3599}},{"type":"Feature","geometry":{"type":"Point","coordinates":[54.369354,24.498236]},"properties":{"competitor_id":"n4316213891","name":"Unnamed salon (OSM)","category":"hairdresser","tier":"value","rating":4.54,"nearest_branch_id":"BD19","distance_to_nearest_m":4151}},{"type":"Feature","geometry":{"type":"Point","coordinates":[54.372358,24.489174]},"properties":{"competitor_id":"n4316214090","name":"Unnamed salon (OSM)","category":"beauty_salon","tier":"mid","rating":4.29,"nearest_branch_id":"BD19","distance_to_nearest_m":3114}},{"type":"Feature","geometry":{"type":"Point","coordinates":[54.368889,24.495061]},"properties":{"competitor_id":"n4316229791","name":"Silver Chic Ladies Salon","category":"beauty_salon","tier":"mid","rating":4.91,"nearest_branch_id":"BD19","distance_to_nearest_m":3856}},{"type":"Feature","geometry":{"type":"Point","coordinates":[54.36932,24.498217]},"properties":{"competitor_id":"n4316229793","name":"Unnamed salon (OSM)","category":"hairdresser","tier":"value","rating":5.0,"nearest_branch_id":"BD19","distance_to_nearest_m":4150}},{"type":"Feature","geometry":{"type":"Point","coordinates":[54.373091,24.480724]},"properties":{"competitor_id":"n4319760996","name":"Sandal Gents Saloon","category":"hairdresser","tier":"value","rating":5.0,"nearest_branch_id":"BD19","distance_to_nearest_m":2281}},{"type":"Feature","geometry":{"type":"Point","coordinates":[54.373251,24.480856]},"properties":{"competitor_id":"n4319760997","name":"Unnamed salon (OSM)","category":"hairdresser","tier":"value","rating":4.76,"nearest_branch_id":"BD19","distance_to_nearest_m":2283}},{"type":"Feature","geometry":{"type":"Point","coordinates":[54.373062,24.480704]},"properties":{"competitor_id":"n4319766793","name":"Unnamed salon (OSM)","category":"hairdresser","tier":"value","rating":3.91,"nearest_branch_id":"BD19","distance_to_nearest_m":2281}},{"type":"Feature","geometry":{"type":"Point","coordinates":[54.373058,24.472298]},"properties":{"competitor_id":"n4330375496","name":"Unnamed salon (OSM)","category":"beauty_salon","tier":"mid","rating":4.85,"nearest_branch_id":"BD19","distance_to_nearest_m":1644}},{"type":"Feature","geometry":{"type":"Point","coordinates":[54.371624,24.471614]},"properties":{"competitor_id":"n4330997791","name":"Unnamed salon (OSM)","category":"hairdresser","tier":"value","rating":4.37,"nearest_branch_id":"BD19","distance_to_nearest_m":1733}},{"type":"Feature","geometry":{"type":"Point","coordinates":[54.374831,24.496166]},"properties":{"competitor_id":"n4332286890","name":"Am Madmar Gents Salon","category":"hairdresser","tier":"value","rating":4.21,"nearest_branch_id":"BD19","distance_to_nearest_m":3728}},{"type":"Feature","geometry":{"type":"Point","coordinates":[54.366482,24.489986]},"properties":{"competitor_id":"n4333712021","name":"Unnamed salon (OSM)","category":"hairdresser","tier":"value","rating":3.72,"nearest_branch_id":"BD19","distance_to_nearest_m":3507}},{"type":"Feature","geometry":{"type":"Point","coordinates":[54.367787,24.490159]},"properties":{"competitor_id":"n4333712306","name":"Unnamed salon (OSM)","category":"hairdresser","tier":"value","rating":4.07,"nearest_branch_id":"BD19","distance_to_nearest_m":3447}},{"type":"Feature","geometry":{"type":"Point","coordinates":[54.371146,24.496808]},"properties":{"competitor_id":"n4333712708","name":"Jouda SALON","category":"hairdresser","tier":"value","rating":4.35,"nearest_branch_id":"BD19","distance_to_nearest_m":3931}},{"type":"Feature","geometry":{"type":"Point","coordinates":[54.356212,24.477979]},"properties":{"competitor_id":"n4335692791","name":"Unnamed salon (OSM)","category":"hairdresser","tier":"value","rating":4.32,"nearest_branch_id":"BD19","distance_to_nearest_m":3444}},{"type":"Feature","geometry":{"type":"Point","coordinates":[54.628245,24.359743]},"properties":{"competitor_id":"n4352411189","name":"اشبال القدس","category":"beauty_salon","tier":"mid","rating":4.43,"nearest_branch_id":"BD15","distance_to_nearest_m":1888}},{"type":"Feature","geometry":{"type":"Point","coordinates":[54.372596,24.498704]},"properties":{"competitor_id":"n4386805697","name":"Gents saloon","category":"beauty_salon","tier":"mid","rating":4.44,"nearest_branch_id":"BD19","distance_to_nearest_m":4071}},{"type":"Feature","geometry":{"type":"Point","coordinates":[54.350508,24.48094]},"properties":{"competitor_id":"n4392562190","name":"Unnamed salon (OSM)","category":"hairdresser","tier":"value","rating":4.46,"nearest_branch_id":"BD19","distance_to_nearest_m":4108}},{"type":"Feature","geometry":{"type":"Point","coordinates":[54.505141,24.407986]},"properties":{"competitor_id":"n4394667911","name":"Unnamed salon (OSM)","category":"hairdresser","tier":"value","rating":4.44,"nearest_branch_id":"BD12","distance_to_nearest_m":1209}},{"type":"Feature","geometry":{"type":"Point","coordinates":[54.366903,24.478527]},"properties":{"competitor_id":"n4395087093","name":"Unnamed salon (OSM)","category":"hairdresser","tier":"value","rating":4.14,"nearest_branch_id":"BD19","distance_to_nearest_m":2552}},{"type":"Feature","geometry":{"type":"Point","coordinates":[54.36473,24.482227]},"properties":{"competitor_id":"n4396165790","name":"Unnamed salon (OSM)","category":"hairdresser","tier":"value","rating":4.16,"nearest_branch_id":"BD19","distance_to_nearest_m":2984}},{"type":"Feature","geometry":{"type":"Point","coordinates":[54.370198,24.491256]},"properties":{"competitor_id":"n4401234599","name":"Elements","category":"hairdresser","tier":"value","rating":4.59,"nearest_branch_id":"BD19","distance_to_nearest_m":3422}},{"type":"Feature","geometry":{"type":"Point","coordinates":[54.369121,24.492064]},"properties":{"competitor_id":"n4401236992","name":"bestcolours ladies salon & spa","category":"beauty_salon","tier":"premium","rating":4.56,"nearest_branch_id":"BD19","distance_to_nearest_m":3554}},{"type":"Feature","geometry":{"type":"Point","coordinates":[54.369079,24.492264]},"properties":{"competitor_id":"n4401237099","name":"MABUHAY GENTS SALON (opening soon)","category":"hairdresser","tier":"value","rating":3.58,"nearest_branch_id":"BD19","distance_to_nearest_m":3575}},{"type":"Feature","geometry":{"type":"Point","coordinates":[54.368937,24.492602]},"properties":{"competitor_id":"n4401262491","name":"Unnamed salon (OSM)","category":"hairdresser","tier":"value","rating":4.58,"nearest_branch_id":"BD19","distance_to_nearest_m":3615}},{"type":"Feature","geometry":{"type":"Point","coordinates":[54.370015,24.4921]},"properties":{"competitor_id":"n4402392293","name":"Unnamed salon (OSM)","category":"hairdresser","tier":"value","rating":3.97,"nearest_branch_id":"BD19","distance_to_nearest_m":3513}},{"type":"Feature","geometry":{"type":"Point","coordinates":[54.369426,24.492703]},"properties":{"competitor_id":"n4402398690","name":"Unnamed salon (OSM)","category":"beauty_salon","tier":"mid","rating":4.43,"nearest_branch_id":"BD19","distance_to_nearest_m":3600}},{"type":"Feature","geometry":{"type":"Point","coordinates":[54.371165,24.480479]},"properties":{"competitor_id":"n4411817691","name":"Unnamed salon (OSM)","category":"hairdresser","tier":"value","rating":4.42,"nearest_branch_id":"BD19","distance_to_nearest_m":2385}},{"type":"Feature","geometry":{"type":"Point","coordinates":[54.370432,24.480113]},"properties":{"competitor_id":"n4411829090","name":"Unnamed salon (OSM)","category":"hairdresser","tier":"value","rating":3.53,"nearest_branch_id":"BD19","distance_to_nearest_m":2405}},{"type":"Feature","geometry":{"type":"Point","coordinates":[54.38009,24.470668]},"properties":{"competitor_id":"n4433131592","name":"Unnamed salon (OSM)","category":"hairdresser","tier":"value","rating":4.3,"nearest_branch_id":"BD19","distance_to_nearest_m":970}},{"type":"Feature","geometry":{"type":"Point","coordinates":[54.374234,24.491783]},"properties":{"competitor_id":"n4434044793","name":"Al Fareed Gents Salon","category":"hairdresser","tier":"value","rating":4.58,"nearest_branch_id":"BD19","distance_to_nearest_m":3294}},{"type":"Feature","geometry":{"type":"Point","coordinates":[54.382671,24.456307]},"properties":{"competitor_id":"n4446039989","name":"Unnamed salon (OSM)","category":"beauty_salon","tier":"mid","rating":4.05,"nearest_branch_id":"BD19","distance_to_nearest_m":1000}},{"type":"Feature","geometry":{"type":"Point","coordinates":[54.37497,24.466145]},"properties":{"competitor_id":"n4447842993","name":"Unnamed salon (OSM)","category":"hairdresser","tier":"value","rating":4.16,"nearest_branch_id":"BD19","distance_to_nearest_m":1215}},{"type":"Feature","geometry":{"type":"Point","coordinates":[54.512888,24.380975]},"properties":{"competitor_id":"n4450277291","name":"Hankook","category":"beauty_salon","tier":"mid","rating":4.66,"nearest_branch_id":"BD14","distance_to_nearest_m":961}},{"type":"Feature","geometry":{"type":"Point","coordinates":[54.383173,24.470766]},"properties":{"competitor_id":"n4464565794","name":"مشفى صحة","category":"beauty_salon","tier":"mid","rating":4.84,"nearest_branch_id":"BD19","distance_to_nearest_m":793}},{"type":"Feature","geometry":{"type":"Point","coordinates":[54.404297,24.44518]},"properties":{"competitor_id":"n4479505990","name":"Al Marjan Gents Salon","category":"hairdresser","tier":"value","rating":4.5,"nearest_branch_id":"BD19","distance_to_nearest_m":2778}},{"type":"Feature","geometry":{"type":"Point","coordinates":[54.403385,24.445975]},"properties":{"competitor_id":"n4479505992","name":"Sas Salon","category":"hairdresser","tier":"value","rating":4.87,"nearest_branch_id":"BD19","distance_to_nearest_m":2651}},{"type":"Feature","geometry":{"type":"Point","coordinates":[54.404025,24.445465]},"properties":{"competitor_id":"n4479604991","name":"Unnamed salon (OSM)","category":"hairdresser","tier":"value","rating":4.36,"nearest_branch_id":"BD19","distance_to_nearest_m":2736}},{"type":"Feature","geometry":{"type":"Point","coordinates":[54.403743,24.445771]},"properties":{"competitor_id":"n4479604992","name":"Commando Gents Salon","category":"hairdresser","tier":"value","rating":4.17,"nearest_branch_id":"BD19","distance_to_nearest_m":2692}},{"type":"Feature","geometry":{"type":"Point","coordinates":[54.40447,24.444835]},"properties":{"competitor_id":"n4479681689","name":"Royal Eagle Gents Saloon","category":"hairdresser","tier":"value","rating":3.95,"nearest_branch_id":"BD19","distance_to_nearest_m":2819}},{"type":"Feature","geometry":{"type":"Point","coordinates":[54.403827,24.445705]},"properties":{"competitor_id":"n4479681690","name":"Unnamed salon (OSM)","category":"hairdresser","tier":"value","rating":4.59,"nearest_branch_id":"BD19","distance_to_nearest_m":2703}},{"type":"Feature","geometry":{"type":"Point","coordinates":[54.403783,24.445744]},"properties":{"competitor_id":"n4479681691","name":"Al Rawi Hairdressing","category":"hairdresser","tier":"value","rating":4.02,"nearest_branch_id":"BD19","distance_to_nearest_m":2696}},{"type":"Feature","geometry":{"type":"Point","coordinates":[54.414759,24.439149]},"properties":{"competitor_id":"n4484306197","name":"Rayyana Ladies Salon","category":"beauty_salon","tier":"mid","rating":4.8,"nearest_branch_id":"BD19","distance_to_nearest_m":3988}},{"type":"Feature","geometry":{"type":"Point","coordinates":[54.414506,24.439159]},"properties":{"competitor_id":"n4484306198","name":"Afdal Gents Salon","category":"hairdresser","tier":"value","rating":4.1,"nearest_branch_id":"BD19","distance_to_nearest_m":3969}},{"type":"Feature","geometry":{"type":"Point","coordinates":[54.415561,24.438813]},"properties":{"competitor_id":"n4484327290","name":"Friends Gents Hairdressing","category":"hairdresser","tier":"value","rating":4.25,"nearest_branch_id":"BD19","distance_to_nearest_m":4072}},{"type":"Feature","geometry":{"type":"Point","coordinates":[54.415331,24.438924]},"properties":{"competitor_id":"n4484345993","name":"Afdal Salon","category":"hairdresser","tier":"value","rating":4.32,"nearest_branch_id":"BD19","distance_to_nearest_m":4047}},{"type":"Feature","geometry":{"type":"Point","coordinates":[54.415787,24.438736]},"properties":{"competitor_id":"n4484346089","name":"Popular Hair Drrssing Salon","category":"hairdresser","tier":"value","rating":4.04,"nearest_branch_id":"BD19","distance_to_nearest_m":4095}},{"type":"Feature","geometry":{"type":"Point","coordinates":[54.371728,24.490681]},"properties":{"competitor_id":"n4498380789","name":"Unnamed salon (OSM)","category":"beauty_salon","tier":"mid","rating":4.84,"nearest_branch_id":"BD19","distance_to_nearest_m":3292}},{"type":"Feature","geometry":{"type":"Point","coordinates":[54.372172,24.467945]},"properties":{"competitor_id":"n4510693102","name":"Unnamed salon (OSM)","category":"hairdresser","tier":"value","rating":4.92,"nearest_branch_id":"BD19","distance_to_nearest_m":1534}},{"type":"Feature","geometry":{"type":"Point","coordinates":[54.512673,24.348202]},"properties":{"competitor_id":"n4510749790","name":"Unnamed salon (OSM)","category":"hairdresser","tier":"value","rating":4.35,"nearest_branch_id":"BD14","distance_to_nearest_m":2741}},{"type":"Feature","geometry":{"type":"Point","coordinates":[54.365507,24.481322]},"properties":{"competitor_id":"n4519486791","name":"Unnamed salon (OSM)","category":"hairdresser","tier":"value","rating":4.02,"nearest_branch_id":"BD19","distance_to_nearest_m":2859}},{"type":"Feature","geometry":{"type":"Point","coordinates":[54.364626,24.481215]},"properties":{"competitor_id":"n4519488789","name":"Unnamed salon (OSM)","category":"hairdresser","tier":"value","rating":4.27,"nearest_branch_id":"BD19","distance_to_nearest_m":2919}},{"type":"Feature","geometry":{"type":"Point","coordinates":[54.378135,24.474076]},"properties":{"competitor_id":"n4524776498","name":"Unnamed salon (OSM)","category":"hairdresser","tier":"value","rating":4.32,"nearest_branch_id":"BD19","distance_to_nearest_m":1385}},{"type":"Feature","geometry":{"type":"Point","coordinates":[54.378663,24.474424]},"properties":{"competitor_id":"n4524803291","name":"Unnamed salon (OSM)","category":"beauty_salon","tier":"mid","rating":4.9,"nearest_branch_id":"BD19","distance_to_nearest_m":1382}},{"type":"Feature","geometry":{"type":"Point","coordinates":[54.380018,24.476177]},"properties":{"competitor_id":"n4526598594","name":"Unnamed salon (OSM)","category":"beauty_salon","tier":"mid","rating":4.47,"nearest_branch_id":"BD19","distance_to_nearest_m":1474}},{"type":"Feature","geometry":{"type":"Point","coordinates":[54.380069,24.476209]},"properties":{"competitor_id":"n4526598791","name":"Unnamed salon (OSM)","category":"beauty_salon","tier":"mid","rating":4.65,"nearest_branch_id":"BD19","distance_to_nearest_m":1474}},{"type":"Feature","geometry":{"type":"Point","coordinates":[54.380421,24.476637]},"properties":{"competitor_id":"n4526608991","name":"Unnamed salon (OSM)","category":"beauty_salon","tier":"mid","rating":4.78,"nearest_branch_id":"BD19","distance_to_nearest_m":1501}},{"type":"Feature","geometry":{"type":"Point","coordinates":[54.380565,24.476372]},"properties":{"competitor_id":"n4526612990","name":"Unnamed salon (OSM)","category":"hairdresser","tier":"value","rating":3.99,"nearest_branch_id":"BD19","distance_to_nearest_m":1468}},{"type":"Feature","geometry":{"type":"Point","coordinates":[54.380578,24.476575]},"properties":{"competitor_id":"n4526613990","name":"Unnamed salon (OSM)","category":"hairdresser","tier":"value","rating":4.24,"nearest_branch_id":"BD19","distance_to_nearest_m":1488}},{"type":"Feature","geometry":{"type":"Point","coordinates":[54.379941,24.475824]},"properties":{"competitor_id":"n4528905297","name":"Unnamed salon (OSM)","category":"hairdresser","tier":"value","rating":4.77,"nearest_branch_id":"BD19","distance_to_nearest_m":1443}},{"type":"Feature","geometry":{"type":"Point","coordinates":[54.360223,24.490224]},"properties":{"competitor_id":"n4530303093","name":"Unnamed salon (OSM)","category":"hairdresser","tier":"value","rating":4.02,"nearest_branch_id":"BD19","distance_to_nearest_m":3932}},{"type":"Feature","geometry":{"type":"Point","coordinates":[54.378147,24.494632]},"properties":{"competitor_id":"n4534811791","name":"Unnamed salon (OSM)","category":"hairdresser","tier":"value","rating":4.9,"nearest_branch_id":"BD19","distance_to_nearest_m":3468}},{"type":"Feature","geometry":{"type":"Point","coordinates":[54.37827,24.494551]},"properties":{"competitor_id":"n4534854190","name":"صالون لؤلؤة الإمارات للسيدات","category":"beauty_salon","tier":"mid","rating":4.65,"nearest_branch_id":"BD19","distance_to_nearest_m":3456}},{"type":"Feature","geometry":{"type":"Point","coordinates":[54.378321,24.49461]},"properties":{"competitor_id":"n4534854191","name":"صالون فيساياس للرجال","category":"hairdresser","tier":"value","rating":4.58,"nearest_branch_id":"BD19","distance_to_nearest_m":3461}},{"type":"Feature","geometry":{"type":"Point","coordinates":[54.380254,24.475647]},"properties":{"competitor_id":"n4541541490","name":"Unnamed salon (OSM)","category":"hairdresser","tier":"value","rating":4.72,"nearest_branch_id":"BD19","distance_to_nearest_m":1410}},{"type":"Feature","geometry":{"type":"Point","coordinates":[54.379652,24.474881]},"properties":{"competitor_id":"n4541541492","name":"Unnamed salon (OSM)","category":"hairdresser","tier":"value","rating":3.91,"nearest_branch_id":"BD19","distance_to_nearest_m":1367}},{"type":"Feature","geometry":{"type":"Point","coordinates":[54.371341,24.480599]},"properties":{"competitor_id":"n4551100089","name":"Unnamed salon (OSM)","category":"hairdresser","tier":"value","rating":4.46,"nearest_branch_id":"BD19","distance_to_nearest_m":2383}},{"type":"Feature","geometry":{"type":"Point","coordinates":[54.370975,24.480509]},"properties":{"competitor_id":"n4551100289","name":"Unnamed salon (OSM)","category":"hairdresser","tier":"value","rating":3.7,"nearest_branch_id":"BD19","distance_to_nearest_m":2400}},{"type":"Feature","geometry":{"type":"Point","coordinates":[54.354496,24.489524]},"properties":{"competitor_id":"n4563685080","name":"Jarat Alwadi Gents Salon","category":"hairdresser","tier":"value","rating":4.99,"nearest_branch_id":"BD19","distance_to_nearest_m":4298}},{"type":"Feature","geometry":{"type":"Point","coordinates":[54.530011,24.373327]},"properties":{"competitor_id":"n4598593204","name":"Unnamed salon (OSM)","category":"hairdresser","tier":"value","rating":4.62,"nearest_branch_id":"BD14","distance_to_nearest_m":2028}},{"type":"Feature","geometry":{"type":"Point","coordinates":[54.5095,24.368276]},"properties":{"competitor_id":"n4598613890","name":"Unnamed salon (OSM)","category":"hairdresser","tier":"value","rating":4.23,"nearest_branch_id":"BD14","distance_to_nearest_m":498}},{"type":"Feature","geometry":{"type":"Point","coordinates":[54.373148,24.494919]},"properties":{"competitor_id":"n4629488192","name":"Unnamed salon (OSM)","category":"hairdresser","tier":"value","rating":4.44,"nearest_branch_id":"BD19","distance_to_nearest_m":3659}},{"type":"Feature","geometry":{"type":"Point","coordinates":[54.431259,24.434721]},"properties":{"competitor_id":"n4659964893","name":"Whale gents salon","category":"hairdresser","tier":"value","rating":4.59,"nearest_branch_id":"BD17","distance_to_nearest_m":3648}},{"type":"Feature","geometry":{"type":"Point","coordinates":[54.431336,24.434711]},"properties":{"competitor_id":"n4660049590","name":"Armania Saloon","category":"hairdresser","tier":"value","rating":3.81,"nearest_branch_id":"BD17","distance_to_nearest_m":3642}},{"type":"Feature","geometry":{"type":"Point","coordinates":[54.406706,24.429331]},"properties":{"competitor_id":"n4660084589","name":"Ruby Gents Salon","category":"hairdresser","tier":"value","rating":5.0,"nearest_branch_id":"BD19","distance_to_nearest_m":4393}},{"type":"Feature","geometry":{"type":"Point","coordinates":[54.369063,24.478971]},"properties":{"competitor_id":"n4663296104","name":"Unnamed salon (OSM)","category":"beauty_salon","tier":"mid","rating":4.65,"nearest_branch_id":"BD19","distance_to_nearest_m":2416}},{"type":"Feature","geometry":{"type":"Point","coordinates":[54.371843,24.498629]},"properties":{"competitor_id":"n4715708987","name":"Swiss Rosw Beauty & Spa","category":"beauty_salon","tier":"premium","rating":4.87,"nearest_branch_id":"BD19","distance_to_nearest_m":4091}},{"type":"Feature","geometry":{"type":"Point","coordinates":[54.380907,24.469919]},"properties":{"competitor_id":"n4722474386","name":"Lagoon","category":"beauty_salon","tier":"mid","rating":4.27,"nearest_branch_id":"BD19","distance_to_nearest_m":853}},{"type":"Feature","geometry":{"type":"Point","coordinates":[54.690712,24.524016]},"properties":{"competitor_id":"n4733320874","name":"Dark Candles Gent Saloon","category":"hairdresser","tier":"value","rating":4.95,"nearest_branch_id":"BD22","distance_to_nearest_m":2772}},{"type":"Feature","geometry":{"type":"Point","coordinates":[54.675289,24.524688]},"properties":{"competitor_id":"n4733426941","name":"Silver Palm Gents Saloon","category":"hairdresser","tier":"value","rating":4.72,"nearest_branch_id":"BD22","distance_to_nearest_m":2818}},{"type":"Feature","geometry":{"type":"Point","coordinates":[54.37165,24.459224]},"properties":{"competitor_id":"n4734676766","name":"Mosaic Nails & Spa Centre","category":"beauty_salon","tier":"premium","rating":4.79,"nearest_branch_id":"BD19","distance_to_nearest_m":1643}},{"type":"Feature","geometry":{"type":"Point","coordinates":[54.357574,24.478111]},"properties":{"competitor_id":"n4735212886","name":"Frenzi","category":"hairdresser","tier":"value","rating":4.53,"nearest_branch_id":"BD19","distance_to_nearest_m":3328}},{"type":"Feature","geometry":{"type":"Point","coordinates":[54.358643,24.479434]},"properties":{"competitor_id":"n4735226822","name":"Syrian Youth Saloon","category":"hairdresser","tier":"value","rating":4.24,"nearest_branch_id":"BD19","distance_to_nearest_m":3303}},{"type":"Feature","geometry":{"type":"Point","coordinates":[54.354452,24.476939]},"properties":{"competitor_id":"n4735261856","name":"Top Smart","category":"hairdresser","tier":"value","rating":4.18,"nearest_branch_id":"BD19","distance_to_nearest_m":3559}},{"type":"Feature","geometry":{"type":"Point","coordinates":[54.354261,24.477166]},"properties":{"competitor_id":"n4735261857","name":"Shareen Ladies Salon","category":"hairdresser","tier":"value","rating":3.9,"nearest_branch_id":"BD19","distance_to_nearest_m":3587}},{"type":"Feature","geometry":{"type":"Point","coordinates":[54.354181,24.477105]},"properties":{"competitor_id":"n4735262369","name":"Al Moroccan Fashion","category":"hairdresser","tier":"value","rating":4.5,"nearest_branch_id":"BD19","distance_to_nearest_m":3591}},{"type":"Feature","geometry":{"type":"Point","coordinates":[54.354127,24.476306]},"properties":{"competitor_id":"n4736410952","name":"Status Gents Salon","category":"hairdresser","tier":"value","rating":4.74,"nearest_branch_id":"BD19","distance_to_nearest_m":3563}},{"type":"Feature","geometry":{"type":"Point","coordinates":[54.351854,24.474234]},"properties":{"competitor_id":"n4736434277","name":"Sowarbena","category":"beauty_salon","tier":"mid","rating":4.21,"nearest_branch_id":"BD19","distance_to_nearest_m":3703}},{"type":"Feature","geometry":{"type":"Point","coordinates":[54.351914,24.47772]},"properties":{"competitor_id":"n4736548969","name":"Tidness Nails","category":"beauty_salon","tier":"mid","rating":4.51,"nearest_branch_id":"BD19","distance_to_nearest_m":3829}},{"type":"Feature","geometry":{"type":"Point","coordinates":[54.346919,24.469354]},"properties":{"competitor_id":"n4738248026","name":"Quarter Cut","category":"hairdresser","tier":"value","rating":4.83,"nearest_branch_id":"BD19","distance_to_nearest_m":4076}},{"type":"Feature","geometry":{"type":"Point","coordinates":[54.680716,24.556054]},"properties":{"competitor_id":"n4738464850","name":"Face Look - Gents Saloon","category":"hairdresser","tier":"value","rating":4.19,"nearest_branch_id":"BD22","distance_to_nearest_m":957}},{"type":"Feature","geometry":{"type":"Point","coordinates":[54.347966,24.471335]},"properties":{"competitor_id":"n4738540299","name":"Al Noukhada Gents Salon","category":"hairdresser","tier":"value","rating":3.54,"nearest_branch_id":"BD19","distance_to_nearest_m":4007}},{"type":"Feature","geometry":{"type":"Point","coordinates":[54.686665,24.545245]},"properties":{"competitor_id":"n4739952288","name":"Al Masa Salon","category":"hairdresser","tier":"value","rating":4.92,"nearest_branch_id":"BD22","distance_to_nearest_m":386}},{"type":"Feature","geometry":{"type":"Point","coordinates":[54.692299,24.55065]},"properties":{"competitor_id":"n4740234902","name":"Super Oasis - Gents Spa ans Saloon","category":"spa","tier":"premium","rating":4.51,"nearest_branch_id":"BD22","distance_to_nearest_m":769}},{"type":"Feature","geometry":{"type":"Point","coordinates":[54.641546,24.43046]},"properties":{"competitor_id":"n4741828729","name":"V Elements Spa","category":"massage","tier":"premium","rating":5.0,"nearest_branch_id":"BD16","distance_to_nearest_m":4736}},{"type":"Feature","geometry":{"type":"Point","coordinates":[54.355046,24.480392]},"properties":{"competitor_id":"n4745408259","name":"Lotus Spa","category":"beauty_salon","tier":"premium","rating":4.59,"nearest_branch_id":"BD19","distance_to_nearest_m":3673}},{"type":"Feature","geometry":{"type":"Point","coordinates":[54.384115,24.491287]},"properties":{"competitor_id":"n4745903300","name":"Sweet Cut Salon","category":"hairdresser","tier":"value","rating":4.74,"nearest_branch_id":"BD19","distance_to_nearest_m":2995}},{"type":"Feature","geometry":{"type":"Point","coordinates":[54.382521,24.490049]},"properties":{"competitor_id":"n4745939701","name":"Reliable Ladies Salon","category":"hairdresser","tier":"value","rating":4.12,"nearest_branch_id":"BD19","distance_to_nearest_m":2878}},{"type":"Feature","geometry":{"type":"Point","coordinates":[54.376808,24.497913]},"properties":{"competitor_id":"n4747795896","name":"فور سيزن صالون للرجال","category":"hairdresser","tier":"value","rating":4.74,"nearest_branch_id":"BD19","distance_to_nearest_m":3855}},{"type":"Feature","geometry":{"type":"Point","coordinates":[54.3678,24.497458]},"properties":{"competitor_id":"n4749099526","name":"Opera Saloon","category":"hairdresser","tier":"value","rating":4.2,"nearest_branch_id":"BD19","distance_to_nearest_m":4144}},{"type":"Feature","geometry":{"type":"Point","coordinates":[54.374685,24.48281]},"properties":{"competitor_id":"n4751350468","name":"Three Sisters","category":"beauty_salon","tier":"mid","rating":4.18,"nearest_branch_id":"BD19","distance_to_nearest_m":2382}},{"type":"Feature","geometry":{"type":"Point","coordinates":[54.374654,24.482784]},"properties":{"competitor_id":"n4751350469","name":"Studio","category":"beauty_salon","tier":"mid","rating":4.26,"nearest_branch_id":"BD19","distance_to_nearest_m":2381}},{"type":"Feature","geometry":{"type":"Point","coordinates":[54.384762,24.463233]},"properties":{"competitor_id":"n4751425522","name":"Farah Style","category":"beauty_salon","tier":"mid","rating":4.52,"nearest_branch_id":"BD19","distance_to_nearest_m":250}},{"type":"Feature","geometry":{"type":"Point","coordinates":[54.535682,24.327662]},"properties":{"competitor_id":"n4751634868","name":"Al Baraa Gents Saloon","category":"hairdresser","tier":"value","rating":5.0,"nearest_branch_id":"BD13","distance_to_nearest_m":2144}},{"type":"Feature","geometry":{"type":"Point","coordinates":[54.511716,24.347237]},"properties":{"competitor_id":"n4752264220","name":"Saloon","category":"hairdresser","tier":"value","rating":4.28,"nearest_branch_id":"BD14","distance_to_nearest_m":2840}},{"type":"Feature","geometry":{"type":"Point","coordinates":[54.510298,24.377467]},"properties":{"competitor_id":"n4753167022","name":"Saloon","category":"hairdresser","tier":"value","rating":4.77,"nearest_branch_id":"BD14","distance_to_nearest_m":526}},{"type":"Feature","geometry":{"type":"Point","coordinates":[54.510272,24.37816]},"properties":{"competitor_id":"n4753167033","name":"Jamata Gents Saloon","category":"hairdresser","tier":"value","rating":4.86,"nearest_branch_id":"BD14","distance_to_nearest_m":603}},{"type":"Feature","geometry":{"type":"Point","coordinates":[54.36514,24.488619]},"properties":{"competitor_id":"n4753304731","name":"Unnamed salon (OSM)","category":"hairdresser","tier":"value","rating":4.05,"nearest_branch_id":"BD19","distance_to_nearest_m":3469}},{"type":"Feature","geometry":{"type":"Point","coordinates":[54.598567,24.439932]},"properties":{"competitor_id":"n4753453080","name":"Kilkor","category":"beauty_salon","tier":"mid","rating":4.53,"nearest_branch_id":"BD16","distance_to_nearest_m":280}},{"type":"Feature","geometry":{"type":"Point","coordinates":[54.598888,24.440023]},"properties":{"competitor_id":"n4753453081","name":"Bedashing","category":"beauty_salon","tier":"mid","rating":4.59,"nearest_branch_id":"BD16","distance_to_nearest_m":314}},{"type":"Feature","geometry":{"type":"Point","coordinates":[54.6732,24.457748]},"properties":{"competitor_id":"n4753724640","name":"Body Art","category":"beauty_salon","tier":"mid","rating":4.38,"nearest_branch_id":"BD18","distance_to_nearest_m":4532}},{"type":"Feature","geometry":{"type":"Point","coordinates":[54.67416,24.45731]},"properties":{"competitor_id":"n4753727100","name":"Scissor","category":"hairdresser","tier":"value","rating":4.36,"nearest_branch_id":"BD18","distance_to_nearest_m":4424}},{"type":"Feature","geometry":{"type":"Point","coordinates":[54.674194,24.457216]},"properties":{"competitor_id":"n4753727101","name":"Nail Box","category":"beauty_salon","tier":"mid","rating":4.59,"nearest_branch_id":"BD18","distance_to_nearest_m":4416}},{"type":"Feature","geometry":{"type":"Point","coordinates":[54.348469,24.470226]},"properties":{"competitor_id":"n4755738079","name":"Saloon Flore","category":"hairdresser","tier":"value","rating":4.14,"nearest_branch_id":"BD19","distance_to_nearest_m":3935}},{"type":"Feature","geometry":{"type":"Point","coordinates":[54.347889,24.470838]},"properties":{"competitor_id":"n4755738094","name":"Maximo Gentis Salon","category":"hairdresser","tier":"value","rating":4.49,"nearest_branch_id":"BD19","distance_to_nearest_m":4005}},{"type":"Feature","geometry":{"type":"Point","coordinates":[54.531971,24.322976]},"properties":{"competitor_id":"n4758394900","name":"Al Thrafya Gents Salon","category":"hairdresser","tier":"value","rating":3.88,"nearest_branch_id":"BD13","distance_to_nearest_m":2774}},{"type":"Feature","geometry":{"type":"Point","coordinates":[54.538438,24.320307]},"properties":{"competitor_id":"n4758450987","name":"Star Blue Beach Salon","category":"hairdresser","tier":"value","rating":4.23,"nearest_branch_id":"BD13","distance_to_nearest_m":2599}},{"type":"Feature","geometry":{"type":"Point","coordinates":[54.535652,24.32302]},"properties":{"competitor_id":"n4758450994","name":"Ruby Salon Star Gents","category":"hairdresser","tier":"value","rating":4.67,"nearest_branch_id":"BD13","distance_to_nearest_m":2516}},{"type":"Feature","geometry":{"type":"Point","coordinates":[54.535652,24.322966]},"properties":{"competitor_id":"n4758450995","name":"Ahla Al Banat Beaty Saloon","category":"beauty_salon","tier":"mid","rating":4.49,"nearest_branch_id":"BD13","distance_to_nearest_m":2521}},{"type":"Feature","geometry":{"type":"Point","coordinates":[54.536717,24.322073]},"properties":{"competitor_id":"n4758502425","name":"Nid Al Shaba Salon","category":"beauty_salon","tier":"mid","rating":4.56,"nearest_branch_id":"BD13","distance_to_nearest_m":2532}},{"type":"Feature","geometry":{"type":"Point","coordinates":[54.534883,24.321889]},"properties":{"competitor_id":"n4758502431","name":"Bhayana Ladies Saloon","category":"beauty_salon","tier":"mid","rating":4.14,"nearest_branch_id":"BD13","distance_to_nearest_m":2663}},{"type":"Feature","geometry":{"type":"Point","coordinates":[54.535781,24.31995]},"properties":{"competitor_id":"n4758563713","name":"Radeem Saloon","category":"beauty_salon","tier":"mid","rating":4.37,"nearest_branch_id":"BD13","distance_to_nearest_m":2779}},{"type":"Feature","geometry":{"type":"Point","coordinates":[54.537444,24.318849]},"properties":{"competitor_id":"n4758568632","name":"Black Lion Hair Dressing Salon","category":"hairdresser","tier":"value","rating":4.27,"nearest_branch_id":"BD13","distance_to_nearest_m":2790}},{"type":"Feature","geometry":{"type":"Point","coordinates":[54.537393,24.319448]},"properties":{"competitor_id":"n4758568645","name":"Elite Stars Gents Salon","category":"hairdresser","tier":"value","rating":4.18,"nearest_branch_id":"BD13","distance_to_nearest_m":2736}},{"type":"Feature","geometry":{"type":"Point","coordinates":[54.538446,24.317926]},"properties":{"competitor_id":"n4758604160","name":"Diamond Cut Gents Salon","category":"hairdresser","tier":"value","rating":3.79,"nearest_branch_id":"BD13","distance_to_nearest_m":2829}},{"type":"Feature","geometry":{"type":"Point","coordinates":[54.538186,24.317928]},"properties":{"competitor_id":"n4758604163","name":"Code Gents Salon","category":"hairdresser","tier":"value","rating":4.24,"nearest_branch_id":"BD13","distance_to_nearest_m":2841}},{"type":"Feature","geometry":{"type":"Point","coordinates":[54.537912,24.317936]},"properties":{"competitor_id":"n4758604166","name":"Hi Level Gents Salon","category":"hairdresser","tier":"value","rating":4.22,"nearest_branch_id":"BD13","distance_to_nearest_m":2854}},{"type":"Feature","geometry":{"type":"Point","coordinates":[54.533641,24.324228]},"properties":{"competitor_id":"n4758630020","name":"Al Nawaf Salon","category":"hairdresser","tier":"value","rating":4.64,"nearest_branch_id":"BD13","distance_to_nearest_m":2556}},{"type":"Feature","geometry":{"type":"Point","coordinates":[54.538289,24.323646]},"properties":{"competitor_id":"n4758720450","name":"Emirates Star Saloon","category":"hairdresser","tier":"value","rating":5.0,"nearest_branch_id":"BD13","distance_to_nearest_m":2297}},{"type":"Feature","geometry":{"type":"Point","coordinates":[54.535537,24.326196]},"properties":{"competitor_id":"n4758761939","name":"Ayoon Al Dhabi Gents Saloon","category":"hairdresser","tier":"value","rating":4.88,"nearest_branch_id":"BD13","distance_to_nearest_m":2266}},{"type":"Feature","geometry":{"type":"Point","coordinates":[54.535959,24.326169]},"properties":{"competitor_id":"n4758761941","name":"Titanic Gents Salon","category":"hairdresser","tier":"value","rating":3.98,"nearest_branch_id":"BD13","distance_to_nearest_m":2237}},{"type":"Feature","geometry":{"type":"Point","coordinates":[54.538548,24.324021]},"properties":{"competitor_id":"n4758761953","name":"Marhaba Salon","category":"beauty_salon","tier":"mid","rating":4.25,"nearest_branch_id":"BD13","distance_to_nearest_m":2248}},{"type":"Feature","geometry":{"type":"Point","coordinates":[54.53727,24.324299]},"properties":{"competitor_id":"n4758761963","name":"Alkanz Gents Salon","category":"hairdresser","tier":"value","rating":4.34,"nearest_branch_id":"BD13","distance_to_nearest_m":2302}},{"type":"Feature","geometry":{"type":"Point","coordinates":[54.535944,24.324241]},"properties":{"competitor_id":"n4758761968","name":"Happy Home Saloon","category":"hairdresser","tier":"value","rating":3.93,"nearest_branch_id":"BD13","distance_to_nearest_m":2394}},{"type":"Feature","geometry":{"type":"Point","coordinates":[54.347033,24.472144]},"properties":{"competitor_id":"n4758806317","name":"Syrian Salon","category":"hairdresser","tier":"value","rating":4.36,"nearest_branch_id":"BD19","distance_to_nearest_m":4118}},{"type":"Feature","geometry":{"type":"Point","coordinates":[54.350476,24.475047]},"properties":{"competitor_id":"n4758807847","name":"Majestic","category":"beauty_salon","tier":"mid","rating":4.75,"nearest_branch_id":"BD19","distance_to_nearest_m":3863}},{"type":"Feature","geometry":{"type":"Point","coordinates":[54.354163,24.478028]},"properties":{"competitor_id":"n4758943945","name":"Gents Salon","category":"hairdresser","tier":"value","rating":4.46,"nearest_branch_id":"BD19","distance_to_nearest_m":3634}},{"type":"Feature","geometry":{"type":"Point","coordinates":[54.730346,24.42388]},"properties":{"competitor_id":"n4760257509","name":"Burjeel Gents Salon","category":"beauty_salon","tier":"mid","rating":4.12,"nearest_branch_id":"BD18","distance_to_nearest_m":2384}},{"type":"Feature","geometry":{"type":"Point","coordinates":[54.61266,24.35555]},"properties":{"competitor_id":"n4762924602","name":"Al Fouz Beauty & Spa","category":"beauty_salon","tier":"premium","rating":4.7,"nearest_branch_id":"BD15","distance_to_nearest_m":3529}},{"type":"Feature","geometry":{"type":"Point","coordinates":[54.54014,24.37197]},"properties":{"competitor_id":"n4763589667","name":"Clair de Lune - Salon & Spa for Ladies","category":"beauty_salon","tier":"premium","rating":4.52,"nearest_branch_id":"BD14","distance_to_nearest_m":3054}},{"type":"Feature","geometry":{"type":"Point","coordinates":[54.540345,24.365937]},"properties":{"competitor_id":"n4763675367","name":"Spa Lounge","category":"beauty_salon","tier":"premium","rating":4.88,"nearest_branch_id":"BD13","distance_to_nearest_m":3063}},{"type":"Feature","geometry":{"type":"Point","coordinates":[54.540728,24.359236]},"properties":{"competitor_id":"n4763675380","name":"Tips and Toes","category":"hairdresser","tier":"value","rating":4.08,"nearest_branch_id":"BD13","distance_to_nearest_m":2370}},{"type":"Feature","geometry":{"type":"Point","coordinates":[54.373232,24.489794]},"properties":{"competitor_id":"n4776095623","name":"Al Usra Salon","category":"hairdresser","tier":"value","rating":3.61,"nearest_branch_id":"BD19","distance_to_nearest_m":3135}},{"type":"Feature","geometry":{"type":"Point","coordinates":[54.368452,24.473216]},"properties":{"competitor_id":"n4803448123","name":"Unnamed salon (OSM)","category":"hairdresser","tier":"value","rating":3.88,"nearest_branch_id":"BD19","distance_to_nearest_m":2100}},{"type":"Feature","geometry":{"type":"Point","coordinates":[54.380212,24.459238]},"properties":{"competitor_id":"n4814759839","name":"Unnamed salon (OSM)","category":"beauty_salon","tier":"mid","rating":4.86,"nearest_branch_id":"BD19","distance_to_nearest_m":887}},{"type":"Feature","geometry":{"type":"Point","coordinates":[54.407591,24.426048]},"properties":{"competitor_id":"n4814796422","name":"Unnamed salon (OSM)","category":"hairdresser","tier":"value","rating":3.88,"nearest_branch_id":"BD19","distance_to_nearest_m":4760}},{"type":"Feature","geometry":{"type":"Point","coordinates":[54.378604,24.459537]},"properties":{"competitor_id":"n4819312121","name":"Unnamed salon (OSM)","category":"beauty_salon","tier":"mid","rating":4.22,"nearest_branch_id":"BD19","distance_to_nearest_m":997}},{"type":"Feature","geometry":{"type":"Point","coordinates":[54.386887,24.45211]},"properties":{"competitor_id":"n4841618421","name":"الاقبال بیوٹی سنٹر","category":"beauty_salon","tier":"mid","rating":4.53,"nearest_branch_id":"BD19","distance_to_nearest_m":1373}},{"type":"Feature","geometry":{"type":"Point","coordinates":[54.37582,24.504268]},"properties":{"competitor_id":"n4850133421","name":"Unnamed salon (OSM)","category":"hairdresser","tier":"value","rating":4.04,"nearest_branch_id":"BD19","distance_to_nearest_m":4564}},{"type":"Feature","geometry":{"type":"Point","coordinates":[54.380914,24.496629]},"properties":{"competitor_id":"n4855959921","name":"Unnamed salon (OSM)","category":"hairdresser","tier":"value","rating":4.29,"nearest_branch_id":"BD19","distance_to_nearest_m":3626}},{"type":"Feature","geometry":{"type":"Point","coordinates":[54.378788,24.494972]},"properties":{"competitor_id":"n4858865331","name":"صالون الجدارة للرجال","category":"hairdresser","tier":"value","rating":4.01,"nearest_branch_id":"BD19","distance_to_nearest_m":3489}},{"type":"Feature","geometry":{"type":"Point","coordinates":[54.379191,24.495069]},"properties":{"competitor_id":"n4858865333","name":"صالون نايس دي للحلاقة","category":"hairdresser","tier":"value","rating":5.0,"nearest_branch_id":"BD19","distance_to_nearest_m":3490}},{"type":"Feature","geometry":{"type":"Point","coordinates":[54.564547,24.422434]},"properties":{"competitor_id":"n4859370824","name":"سوق خليفه","category":"beauty_salon","tier":"mid","rating":4.48,"nearest_branch_id":"BD16","distance_to_nearest_m":3694}},{"type":"Feature","geometry":{"type":"Point","coordinates":[54.374307,24.46692]},"properties":{"competitor_id":"n4865705927","name":"Haneen Alemarat Beauty Ladies Centre","category":"beauty_salon","tier":"mid","rating":4.79,"nearest_branch_id":"BD19","distance_to_nearest_m":1297}},{"type":"Feature","geometry":{"type":"Point","coordinates":[54.374792,24.466758]},"properties":{"competitor_id":"n4865707424","name":"Unnamed salon (OSM)","category":"hairdresser","tier":"value","rating":4.58,"nearest_branch_id":"BD19","distance_to_nearest_m":1245}},{"type":"Feature","geometry":{"type":"Point","coordinates":[54.37254,24.468898]},"properties":{"competitor_id":"n4866138321","name":"Unnamed salon (OSM)","category":"beauty_salon","tier":"mid","rating":4.94,"nearest_branch_id":"BD19","distance_to_nearest_m":1528}},{"type":"Feature","geometry":{"type":"Point","coordinates":[54.378971,24.495943]},"properties":{"competitor_id":"n4869525024","name":"Flower Star Salon","category":"hairdresser","tier":"value","rating":3.76,"nearest_branch_id":"BD19","distance_to_nearest_m":3589}},{"type":"Feature","geometry":{"type":"Point","coordinates":[54.384672,24.482246]},"properties":{"competitor_id":"n4887743022","name":"Shabab Alsham Saloon","category":"hairdresser","tier":"value","rating":4.53,"nearest_branch_id":"BD19","distance_to_nearest_m":1989}},{"type":"Feature","geometry":{"type":"Point","coordinates":[54.532709,24.322443]},"properties":{"competitor_id":"n4892175928","name":"Unnamed salon (OSM)","category":"hairdresser","tier":"value","rating":4.46,"nearest_branch_id":"BD13","distance_to_nearest_m":2764}},{"type":"Feature","geometry":{"type":"Point","coordinates":[54.532666,24.323503]},"properties":{"competitor_id":"n4892208137","name":"Unnamed salon (OSM)","category":"hairdresser","tier":"value","rating":4.54,"nearest_branch_id":"BD13","distance_to_nearest_m":2683}},{"type":"Feature","geometry":{"type":"Point","coordinates":[54.532862,24.32219]},"properties":{"competitor_id":"n4892344323","name":"Unnamed salon (OSM)","category":"beauty_salon","tier":"mid","rating":4.39,"nearest_branch_id":"BD13","distance_to_nearest_m":2773}},{"type":"Feature","geometry":{"type":"Point","coordinates":[54.405293,24.444885]},"properties":{"competitor_id":"n4896352322","name":"Unnamed salon (OSM)","category":"hairdresser","tier":"value","rating":4.64,"nearest_branch_id":"BD19","distance_to_nearest_m":2868}},{"type":"Feature","geometry":{"type":"Point","coordinates":[54.360743,24.485725]},"properties":{"competitor_id":"n4904444821","name":"Unnamed salon (OSM)","category":"hairdresser","tier":"value","rating":4.04,"nearest_branch_id":"BD19","distance_to_nearest_m":3544}},{"type":"Feature","geometry":{"type":"Point","coordinates":[54.517764,24.350946]},"properties":{"competitor_id":"n4925227422","name":"Unnamed salon (OSM)","category":"hairdresser","tier":"value","rating":4.26,"nearest_branch_id":"BD14","distance_to_nearest_m":2547}},{"type":"Feature","geometry":{"type":"Point","coordinates":[54.517705,24.350951]},"properties":{"competitor_id":"n4933364721","name":"Unnamed salon (OSM)","category":"hairdresser","tier":"value","rating":4.83,"nearest_branch_id":"BD14","distance_to_nearest_m":2545}},{"type":"Feature","geometry":{"type":"Point","coordinates":[54.36704,24.490197]},"properties":{"competitor_id":"n4949102022","name":"Orbit Saloon","category":"hairdresser","tier":"value","rating":4.4,"nearest_branch_id":"BD19","distance_to_nearest_m":3493}},{"type":"Feature","geometry":{"type":"Point","coordinates":[54.371091,24.490286]},"properties":{"competitor_id":"n4949102422","name":"Unnamed salon (OSM)","category":"beauty_salon","tier":"mid","rating":5.0,"nearest_branch_id":"BD19","distance_to_nearest_m":3284}},{"type":"Feature","geometry":{"type":"Point","coordinates":[54.510437,24.374539]},"properties":{"competitor_id":"n4960135828","name":"Unnamed salon (OSM)","category":"hairdresser","tier":"value","rating":3.82,"nearest_branch_id":"BD14","distance_to_nearest_m":205}},{"type":"Feature","geometry":{"type":"Point","coordinates":[54.351781,24.460963]},"properties":{"competitor_id":"n5010133814","name":"روتز صالون نسائي","category":"beauty_salon","tier":"mid","rating":4.08,"nearest_branch_id":"BD19","distance_to_nearest_m":3569}},{"type":"Feature","geometry":{"type":"Point","coordinates":[54.36752,24.490404]},"properties":{"competitor_id":"n5046202222","name":"Unnamed salon (OSM)","category":"hairdresser","tier":"value","rating":4.48,"nearest_branch_id":"BD19","distance_to_nearest_m":3484}},{"type":"Feature","geometry":{"type":"Point","coordinates":[54.367717,24.490243]},"properties":{"competitor_id":"n5046202224","name":"Unnamed salon (OSM)","category":"hairdresser","tier":"value","rating":4.48,"nearest_branch_id":"BD19","distance_to_nearest_m":3458}},{"type":"Feature","geometry":{"type":"Point","coordinates":[54.367173,24.49046]},"properties":{"competitor_id":"n5046202324","name":"Unnamed salon (OSM)","category":"hairdresser","tier":"value","rating":4.48,"nearest_branch_id":"BD19","distance_to_nearest_m":3509}},{"type":"Feature","geometry":{"type":"Point","coordinates":[54.610403,24.488981]},"properties":{"competitor_id":"n5072822240","name":"Nstyle","category":"beauty_salon","tier":"mid","rating":4.42,"nearest_branch_id":"BD23","distance_to_nearest_m":2822}},{"type":"Feature","geometry":{"type":"Point","coordinates":[54.60537,24.467042]},"properties":{"competitor_id":"n5076514418","name":"W Abu Dhabi - Yas Island - Hair Salon","category":"hairdresser","tier":"value","rating":4.62,"nearest_branch_id":"BD16","distance_to_nearest_m":3207}},{"type":"Feature","geometry":{"type":"Point","coordinates":[54.373447,24.495453]},"properties":{"competitor_id":"n5076816922","name":"Classy Chippers Gents Saloon","category":"hairdresser","tier":"value","rating":4.75,"nearest_branch_id":"BD19","distance_to_nearest_m":3702}},{"type":"Feature","geometry":{"type":"Point","coordinates":[54.385516,24.461012]},"properties":{"competitor_id":"n5099747721","name":"Unnamed salon (OSM)","category":"beauty_salon","tier":"mid","rating":4.91,"nearest_branch_id":"BD19","distance_to_nearest_m":406}},{"type":"Feature","geometry":{"type":"Point","coordinates":[54.372571,24.486596]},"properties":{"competitor_id":"n5100911627","name":"UMM HAMADA Henna & Beauty Saloon","category":"beauty_salon","tier":"mid","rating":4.22,"nearest_branch_id":"BD19","distance_to_nearest_m":2853}},{"type":"Feature","geometry":{"type":"Point","coordinates":[54.373555,24.486666]},"properties":{"competitor_id":"n5100992123","name":"Capital Saloon","category":"hairdresser","tier":"value","rating":4.14,"nearest_branch_id":"BD19","distance_to_nearest_m":2811}},{"type":"Feature","geometry":{"type":"Point","coordinates":[54.384209,24.467388]},"properties":{"competitor_id":"n5121902121","name":"San Giorgio","category":"hairdresser","tier":"value","rating":4.3,"nearest_branch_id":"BD19","distance_to_nearest_m":420}},{"type":"Feature","geometry":{"type":"Point","coordinates":[54.489635,24.370686]},"properties":{"competitor_id":"n5140580426","name":"Unnamed salon (OSM)","category":"hairdresser","tier":"value","rating":3.59,"nearest_branch_id":"BD14","distance_to_nearest_m":2075}},{"type":"Feature","geometry":{"type":"Point","coordinates":[54.377549,24.474105]},"properties":{"competitor_id":"n5147969221","name":"Top Venus Beauty Salon","category":"beauty_salon","tier":"mid","rating":5.0,"nearest_branch_id":"BD19","distance_to_nearest_m":1426}},{"type":"Feature","geometry":{"type":"Point","coordinates":[54.509334,24.36933]},"properties":{"competitor_id":"n5196215933","name":"Unnamed salon (OSM)","category":"hairdresser","tier":"value","rating":4.33,"nearest_branch_id":"BD14","distance_to_nearest_m":384}},{"type":"Feature","geometry":{"type":"Point","coordinates":[54.374565,24.496392]},"properties":{"competitor_id":"n5197878432","name":"صالون السلام للحلاقة","category":"hairdresser","tier":"value","rating":4.08,"nearest_branch_id":"BD19","distance_to_nearest_m":3761}},{"type":"Feature","geometry":{"type":"Point","coordinates":[54.366821,24.465444]},"properties":{"competitor_id":"n5198112733","name":"Adam & Eva","category":"beauty_salon","tier":"mid","rating":4.56,"nearest_branch_id":"BD19","distance_to_nearest_m":2029}},{"type":"Feature","geometry":{"type":"Point","coordinates":[54.371068,24.480384]},"properties":{"competitor_id":"n5198151121","name":"Leyte Gents Salon","category":"hairdresser","tier":"value","rating":4.18,"nearest_branch_id":"BD19","distance_to_nearest_m":2383}},{"type":"Feature","geometry":{"type":"Point","coordinates":[54.373759,24.492073]},"properties":{"competitor_id":"n5201302522","name":"Unnamed salon (OSM)","category":"beauty_salon","tier":"mid","rating":4.3,"nearest_branch_id":"BD19","distance_to_nearest_m":3343}},{"type":"Feature","geometry":{"type":"Point","coordinates":[54.374505,24.491875]},"properties":{"competitor_id":"n5201302523","name":"Happy Bella BEAUTY CENTER","category":"beauty_salon","tier":"mid","rating":4.13,"nearest_branch_id":"BD19","distance_to_nearest_m":3293}},{"type":"Feature","geometry":{"type":"Point","coordinates":[54.385092,24.481723]},"properties":{"competitor_id":"n5201302525","name":"PIRE LIFE GENTS SALON & SPA","category":"beauty_salon","tier":"premium","rating":4.55,"nearest_branch_id":"BD19","distance_to_nearest_m":1927}},{"type":"Feature","geometry":{"type":"Point","coordinates":[54.382065,24.48845]},"properties":{"competitor_id":"n5204402553","name":"Unnamed salon (OSM)","category":"beauty_salon","tier":"mid","rating":4.35,"nearest_branch_id":"BD19","distance_to_nearest_m":2710}},{"type":"Feature","geometry":{"type":"Point","coordinates":[54.377246,24.498293]},"properties":{"competitor_id":"n5206288024","name":"Unnamed salon (OSM)","category":"hairdresser","tier":"value","rating":4.04,"nearest_branch_id":"BD19","distance_to_nearest_m":3885}},{"type":"Feature","geometry":{"type":"Point","coordinates":[54.377329,24.49745]},"properties":{"competitor_id":"n5206288221","name":"Unnamed salon (OSM)","category":"hairdresser","tier":"value","rating":3.28,"nearest_branch_id":"BD19","distance_to_nearest_m":3792}},{"type":"Feature","geometry":{"type":"Point","coordinates":[54.376881,24.498333]},"properties":{"competitor_id":"n5206288223","name":"صالون الشمس للرجال","category":"hairdresser","tier":"value","rating":4.33,"nearest_branch_id":"BD19","distance_to_nearest_m":3898}},{"type":"Feature","geometry":{"type":"Point","coordinates":[54.371845,24.469443]},"properties":{"competitor_id":"n5215442321","name":"Savannah Beauty","category":"beauty_salon","tier":"mid","rating":4.74,"nearest_branch_id":"BD19","distance_to_nearest_m":1615}},{"type":"Feature","geometry":{"type":"Point","coordinates":[54.374219,24.473248]},"properties":{"competitor_id":"n5219220429","name":"Natural LADIES BEAUTY CENTRE","category":"beauty_salon","tier":"mid","rating":4.52,"nearest_branch_id":"BD19","distance_to_nearest_m":1608}},{"type":"Feature","geometry":{"type":"Point","coordinates":[54.373573,24.499904]},"properties":{"competitor_id":"n5219220622","name":"Unnamed salon (OSM)","category":"hairdresser","tier":"value","rating":3.86,"nearest_branch_id":"BD19","distance_to_nearest_m":4163}},{"type":"Feature","geometry":{"type":"Point","coordinates":[54.373494,24.499843]},"properties":{"competitor_id":"n5219220721","name":"Unnamed salon (OSM)","category":"hairdresser","tier":"value","rating":4.4,"nearest_branch_id":"BD19","distance_to_nearest_m":4159}},{"type":"Feature","geometry":{"type":"Point","coordinates":[54.373766,24.500457]},"properties":{"competitor_id":"n5219220726","name":"Unnamed salon (OSM)","category":"hairdresser","tier":"value","rating":4.33,"nearest_branch_id":"BD19","distance_to_nearest_m":4215}},{"type":"Feature","geometry":{"type":"Point","coordinates":[54.373895,24.500125]},"properties":{"competitor_id":"n5219220728","name":"Unnamed salon (OSM)","category":"hairdresser","tier":"value","rating":4.2,"nearest_branch_id":"BD19","distance_to_nearest_m":4176}},{"type":"Feature","geometry":{"type":"Point","coordinates":[54.374055,24.501446]},"properties":{"competitor_id":"n5220090927","name":"Unnamed salon (OSM)","category":"hairdresser","tier":"value","rating":3.87,"nearest_branch_id":"BD19","distance_to_nearest_m":4311}},{"type":"Feature","geometry":{"type":"Point","coordinates":[54.373771,24.501733]},"properties":{"competitor_id":"n5225985328","name":"Unnamed salon (OSM)","category":"hairdresser","tier":"value","rating":4.46,"nearest_branch_id":"BD19","distance_to_nearest_m":4350}},{"type":"Feature","geometry":{"type":"Point","coordinates":[54.375745,24.501005]},"properties":{"competitor_id":"n5225985329","name":"Unnamed salon (OSM)","category":"beauty_salon","tier":"mid","rating":4.42,"nearest_branch_id":"BD19","distance_to_nearest_m":4215}},{"type":"Feature","geometry":{"type":"Point","coordinates":[54.375886,24.500912]},"properties":{"competitor_id":"n5225985330","name":"Dream One Gents Salon","category":"hairdresser","tier":"value","rating":4.64,"nearest_branch_id":"BD19","distance_to_nearest_m":4201}},{"type":"Feature","geometry":{"type":"Point","coordinates":[54.375651,24.500001]},"properties":{"competitor_id":"n5226015127","name":"Unnamed salon (OSM)","category":"hairdresser","tier":"value","rating":4.51,"nearest_branch_id":"BD19","distance_to_nearest_m":4110}},{"type":"Feature","geometry":{"type":"Point","coordinates":[54.374771,24.490554]},"properties":{"competitor_id":"n5239367721","name":"مركز التحويل التجميلي","category":"beauty_salon","tier":"mid","rating":4.3,"nearest_branch_id":"BD19","distance_to_nearest_m":3147}},{"type":"Feature","geometry":{"type":"Point","coordinates":[54.373627,24.472835]},"properties":{"competitor_id":"n5239771825","name":"Red Ruby Salon","category":"hairdresser","tier":"value","rating":4.66,"nearest_branch_id":"BD19","distance_to_nearest_m":1629}},{"type":"Feature","geometry":{"type":"Point","coordinates":[54.691517,24.53134]},"properties":{"competitor_id":"n5257688623","name":"Unnamed salon (OSM)","category":"beauty_salon","tier":"mid","rating":4.29,"nearest_branch_id":"BD22","distance_to_nearest_m":2006}},{"type":"Feature","geometry":{"type":"Point","coordinates":[54.691749,24.532128]},"properties":{"competitor_id":"n5257723122","name":"Unnamed salon (OSM)","category":"hairdresser","tier":"value","rating":4.69,"nearest_branch_id":"BD22","distance_to_nearest_m":1932}},{"type":"Feature","geometry":{"type":"Point","coordinates":[54.359372,24.491534]},"properties":{"competitor_id":"n5267563123","name":"Unnamed salon (OSM)","category":"hairdresser","tier":"value","rating":3.79,"nearest_branch_id":"BD19","distance_to_nearest_m":4097}},{"type":"Feature","geometry":{"type":"Point","coordinates":[54.381032,24.469082]},"properties":{"competitor_id":"n5281888421","name":"Nice Spa Massage Center","category":"massage","tier":"premium","rating":4.66,"nearest_branch_id":"BD19","distance_to_nearest_m":780}},{"type":"Feature","geometry":{"type":"Point","coordinates":[54.357672,24.491208]},"properties":{"competitor_id":"n5299371221","name":"Unnamed salon (OSM)","category":"hairdresser","tier":"value","rating":3.9,"nearest_branch_id":"BD19","distance_to_nearest_m":4190}},{"type":"Feature","geometry":{"type":"Point","coordinates":[54.380846,24.469852]},"properties":{"competitor_id":"n5311691722","name":"Unnamed salon (OSM)","category":"hairdresser","tier":"value","rating":4.18,"nearest_branch_id":"BD19","distance_to_nearest_m":852}},{"type":"Feature","geometry":{"type":"Point","coordinates":[54.365793,24.480473]},"properties":{"competitor_id":"n5320474121","name":"Unnamed salon (OSM)","category":"hairdresser","tier":"value","rating":3.99,"nearest_branch_id":"BD19","distance_to_nearest_m":2776}},{"type":"Feature","geometry":{"type":"Point","coordinates":[54.378609,24.460991]},"properties":{"competitor_id":"n5363421422","name":"ABU KHALID HAIR DRESSING SALON","category":"hairdresser","tier":"value","rating":3.85,"nearest_branch_id":"BD19","distance_to_nearest_m":918}},{"type":"Feature","geometry":{"type":"Point","coordinates":[54.374992,24.457328]},"properties":{"competitor_id":"n5441739523","name":"Unnamed salon (OSM)","category":"beauty_salon","tier":"mid","rating":4.69,"nearest_branch_id":"BD19","distance_to_nearest_m":1437}},{"type":"Feature","geometry":{"type":"Point","coordinates":[54.377092,24.473312]},"properties":{"competitor_id":"n5468700022","name":"Spot Light","category":"hairdresser","tier":"value","rating":4.35,"nearest_branch_id":"BD19","distance_to_nearest_m":1393}},{"type":"Feature","geometry":{"type":"Point","coordinates":[54.377401,24.473889]},"properties":{"competitor_id":"n5468707021","name":"Unnamed salon (OSM)","category":"beauty_salon","tier":"mid","rating":4.38,"nearest_branch_id":"BD19","distance_to_nearest_m":1418}},{"type":"Feature","geometry":{"type":"Point","coordinates":[54.385183,24.466942]},"properties":{"competitor_id":"n5468711128","name":"Unnamed salon (OSM)","category":"hairdresser","tier":"value","rating":3.72,"nearest_branch_id":"BD19","distance_to_nearest_m":322}},{"type":"Feature","geometry":{"type":"Point","coordinates":[54.374024,24.494247]},"properties":{"competitor_id":"n5505172421","name":"Unnamed salon (OSM)","category":"beauty_salon","tier":"mid","rating":4.51,"nearest_branch_id":"BD19","distance_to_nearest_m":3556}},{"type":"Feature","geometry":{"type":"Point","coordinates":[54.379975,24.494965]},"properties":{"competitor_id":"n5509091823","name":"Unnamed salon (OSM)","category":"beauty_salon","tier":"mid","rating":4.37,"nearest_branch_id":"BD19","distance_to_nearest_m":3462}},{"type":"Feature","geometry":{"type":"Point","coordinates":[54.37983,24.494233]},"properties":{"competitor_id":"n5509116921","name":"AL SAIH AL THAHABI GENTS SALOON","category":"hairdresser","tier":"value","rating":5.0,"nearest_branch_id":"BD19","distance_to_nearest_m":3385}},{"type":"Feature","geometry":{"type":"Point","coordinates":[54.378441,24.494714]},"properties":{"competitor_id":"n5509116924","name":"صالون كوايتر للسيدات","category":"beauty_salon","tier":"mid","rating":4.84,"nearest_branch_id":"BD19","distance_to_nearest_m":3469}},{"type":"Feature","geometry":{"type":"Point","coordinates":[54.379235,24.494399]},"properties":{"competitor_id":"n5509117022","name":"صالون امبريال للرجال","category":"hairdresser","tier":"value","rating":4.29,"nearest_branch_id":"BD19","distance_to_nearest_m":3416}},{"type":"Feature","geometry":{"type":"Point","coordinates":[54.37971,24.494724]},"properties":{"competitor_id":"n5509117123","name":"Unnamed salon (OSM)","category":"hairdresser","tier":"value","rating":4.09,"nearest_branch_id":"BD19","distance_to_nearest_m":3441}},{"type":"Feature","geometry":{"type":"Point","coordinates":[54.367994,24.494954]},"properties":{"competitor_id":"n5520773923","name":"Unnamed salon (OSM)","category":"hairdresser","tier":"value","rating":4.22,"nearest_branch_id":"BD19","distance_to_nearest_m":3890}},{"type":"Feature","geometry":{"type":"Point","coordinates":[54.368788,24.494084]},"properties":{"competitor_id":"n5520774123","name":"Silver Star Gents Saloon","category":"hairdresser","tier":"value","rating":4.02,"nearest_branch_id":"BD19","distance_to_nearest_m":3766}},{"type":"Feature","geometry":{"type":"Point","coordinates":[54.36773,24.494743]},"properties":{"competitor_id":"n5520774126","name":"Arts Gents Hairdressing Salon","category":"hairdresser","tier":"value","rating":3.83,"nearest_branch_id":"BD19","distance_to_nearest_m":3882}},{"type":"Feature","geometry":{"type":"Point","coordinates":[54.375025,24.502829]},"properties":{"competitor_id":"n5524188824","name":"Unnamed salon (OSM)","category":"hairdresser","tier":"value","rating":4.63,"nearest_branch_id":"BD19","distance_to_nearest_m":4430}},{"type":"Feature","geometry":{"type":"Point","coordinates":[54.360808,24.492378]},"properties":{"competitor_id":"n5533095923","name":"Unnamed salon (OSM)","category":"hairdresser","tier":"value","rating":4.76,"nearest_branch_id":"BD19","distance_to_nearest_m":4071}},{"type":"Feature","geometry":{"type":"Point","coordinates":[54.381046,24.464821]},"properties":{"competitor_id":"n5542022426","name":"Unnamed salon (OSM)","category":"hairdresser","tier":"value","rating":4.11,"nearest_branch_id":"BD19","distance_to_nearest_m":587}},{"type":"Feature","geometry":{"type":"Point","coordinates":[54.346194,24.469916]},"properties":{"competitor_id":"n5552581732","name":"Unnamed salon (OSM)","category":"hairdresser","tier":"value","rating":4.29,"nearest_branch_id":"BD19","distance_to_nearest_m":4158}},{"type":"Feature","geometry":{"type":"Point","coordinates":[54.346139,24.470191]},"properties":{"competitor_id":"n5552581735","name":"Unnamed salon (OSM)","category":"hairdresser","tier":"value","rating":4.32,"nearest_branch_id":"BD19","distance_to_nearest_m":4168}},{"type":"Feature","geometry":{"type":"Point","coordinates":[54.533792,24.326563]},"properties":{"competitor_id":"n5571097524","name":"Unnamed salon (OSM)","category":"hairdresser","tier":"value","rating":3.52,"nearest_branch_id":"BD13","distance_to_nearest_m":2369}},{"type":"Feature","geometry":{"type":"Point","coordinates":[54.374017,24.48268]},"properties":{"competitor_id":"n5571204523","name":"Unnamed salon (OSM)","category":"hairdresser","tier":"value","rating":4.42,"nearest_branch_id":"BD19","distance_to_nearest_m":2405}},{"type":"Feature","geometry":{"type":"Point","coordinates":[54.402251,24.446777]},"properties":{"competitor_id":"n5571204527","name":"Unnamed salon (OSM)","category":"hairdresser","tier":"value","rating":4.94,"nearest_branch_id":"BD19","distance_to_nearest_m":2510}},{"type":"Feature","geometry":{"type":"Point","coordinates":[54.400131,24.448695]},"properties":{"competitor_id":"n5571205224","name":"Unnamed salon (OSM)","category":"hairdresser","tier":"value","rating":4.33,"nearest_branch_id":"BD19","distance_to_nearest_m":2209}},{"type":"Feature","geometry":{"type":"Point","coordinates":[54.379896,24.459583]},"properties":{"competitor_id":"n5571217699","name":"Dream Flowers Gent Salon","category":"hairdresser","tier":"value","rating":3.95,"nearest_branch_id":"BD19","distance_to_nearest_m":887}},{"type":"Feature","geometry":{"type":"Point","coordinates":[54.372835,24.494766]},"properties":{"competitor_id":"n5586322027","name":"Unnamed salon (OSM)","category":"hairdresser","tier":"value","rating":4.63,"nearest_branch_id":"BD19","distance_to_nearest_m":3655}},{"type":"Feature","geometry":{"type":"Point","coordinates":[54.671377,24.523524]},"properties":{"competitor_id":"n5604257221","name":"Unnamed salon (OSM)","category":"hairdresser","tier":"value","rating":4.29,"nearest_branch_id":"BD22","distance_to_nearest_m":3096}},{"type":"Feature","geometry":{"type":"Point","coordinates":[54.378792,24.460944]},"properties":{"competitor_id":"n5613746121","name":"CRYSTAL GATE GENTS SALON","category":"hairdresser","tier":"value","rating":4.41,"nearest_branch_id":"BD19","distance_to_nearest_m":903}},{"type":"Feature","geometry":{"type":"Point","coordinates":[54.381024,24.463923]},"properties":{"competitor_id":"n5642898524","name":"Unnamed salon (OSM)","category":"hairdresser","tier":"value","rating":3.43,"nearest_branch_id":"BD19","distance_to_nearest_m":591}},{"type":"Feature","geometry":{"type":"Point","coordinates":[54.370005,24.498245]},"properties":{"competitor_id":"n5642898534","name":"Unnamed salon (OSM)","category":"hairdresser","tier":"value","rating":3.83,"nearest_branch_id":"BD19","distance_to_nearest_m":4124}},{"type":"Feature","geometry":{"type":"Point","coordinates":[54.368849,24.497885]},"properties":{"competitor_id":"n5642898539","name":"Farook Salon","category":"hairdresser","tier":"value","rating":4.38,"nearest_branch_id":"BD19","distance_to_nearest_m":4138}},{"type":"Feature","geometry":{"type":"Point","coordinates":[54.362731,24.4814]},"properties":{"competitor_id":"n5642898544","name":"Unnamed salon (OSM)","category":"hairdresser","tier":"value","rating":4.8,"nearest_branch_id":"BD19","distance_to_nearest_m":3082}},{"type":"Feature","geometry":{"type":"Point","coordinates":[54.36347,24.481926]},"properties":{"competitor_id":"n5642898549","name":"Unnamed salon (OSM)","category":"hairdresser","tier":"value","rating":4.16,"nearest_branch_id":"BD19","distance_to_nearest_m":3060}},{"type":"Feature","geometry":{"type":"Point","coordinates":[54.362957,24.481907]},"properties":{"competitor_id":"n5642899033","name":"Unnamed salon (OSM)","category":"hairdresser","tier":"value","rating":4.63,"nearest_branch_id":"BD19","distance_to_nearest_m":3099}},{"type":"Feature","geometry":{"type":"Point","coordinates":[54.363155,24.481713]},"properties":{"competitor_id":"n5642899423","name":"Unnamed salon (OSM)","category":"hairdresser","tier":"value","rating":4.36,"nearest_branch_id":"BD19","distance_to_nearest_m":3069}},{"type":"Feature","geometry":{"type":"Point","coordinates":[54.36365,24.482119]},"properties":{"competitor_id":"n5642899424","name":"Unnamed salon (OSM)","category":"hairdresser","tier":"value","rating":4.17,"nearest_branch_id":"BD19","distance_to_nearest_m":3059}},{"type":"Feature","geometry":{"type":"Point","coordinates":[54.348694,24.470904]},"properties":{"competitor_id":"n5674640324","name":"Unnamed salon (OSM)","category":"hairdresser","tier":"value","rating":4.58,"nearest_branch_id":"BD19","distance_to_nearest_m":3926}},{"type":"Feature","geometry":{"type":"Point","coordinates":[54.384956,24.460485]},"properties":{"competitor_id":"n5722480724","name":"Unnamed salon (OSM)","category":"hairdresser","tier":"value","rating":4.17,"nearest_branch_id":"BD19","distance_to_nearest_m":481}},{"type":"Feature","geometry":{"type":"Point","coordinates":[54.384658,24.460808]},"properties":{"competitor_id":"n5722481021","name":"Unnamed salon (OSM)","category":"beauty_salon","tier":"mid","rating":4.88,"nearest_branch_id":"BD19","distance_to_nearest_m":462}},{"type":"Feature","geometry":{"type":"Point","coordinates":[54.402296,24.447155]},"properties":{"competitor_id":"n5758307429","name":"Black Horse Salon","category":"hairdresser","tier":"value","rating":4.53,"nearest_branch_id":"BD19","distance_to_nearest_m":2480}},{"type":"Feature","geometry":{"type":"Point","coordinates":[54.503131,24.362575]},"properties":{"competitor_id":"n5774601075","name":"Unnamed salon (OSM)","category":"hairdresser","tier":"value","rating":4.59,"nearest_branch_id":"BD14","distance_to_nearest_m":1326}},{"type":"Feature","geometry":{"type":"Point","coordinates":[54.347389,24.473686]},"properties":{"competitor_id":"n5816145154","name":"le coiffeur","category":"beauty_salon","tier":"mid","rating":5.0,"nearest_branch_id":"BD19","distance_to_nearest_m":4122}},{"type":"Feature","geometry":{"type":"Point","coordinates":[54.368215,24.478559]},"properties":{"competitor_id":"n5899717488","name":"Unnamed salon (OSM)","category":"hairdresser","tier":"value","rating":4.19,"nearest_branch_id":"BD19","distance_to_nearest_m":2451}},{"type":"Feature","geometry":{"type":"Point","coordinates":[54.36824,24.478574]},"properties":{"competitor_id":"n5899717489","name":"Unnamed salon (OSM)","category":"hairdresser","tier":"value","rating":4.3,"nearest_branch_id":"BD19","distance_to_nearest_m":2450}},{"type":"Feature","geometry":{"type":"Point","coordinates":[54.388977,24.451576]},"properties":{"competitor_id":"n5992821986","name":"Unnamed salon (OSM)","category":"hairdresser","tier":"value","rating":4.44,"nearest_branch_id":"BD19","distance_to_nearest_m":1449}},{"type":"Feature","geometry":{"type":"Point","coordinates":[54.349359,24.471574]},"properties":{"competitor_id":"n6003978788","name":"Unnamed salon (OSM)","category":"hairdresser","tier":"value","rating":4.37,"nearest_branch_id":"BD19","distance_to_nearest_m":3874}},{"type":"Feature","geometry":{"type":"Point","coordinates":[54.347076,24.47166]},"properties":{"competitor_id":"n6033283886","name":"Unnamed salon (OSM)","category":"hairdresser","tier":"value","rating":4.82,"nearest_branch_id":"BD19","distance_to_nearest_m":4103}},{"type":"Feature","geometry":{"type":"Point","coordinates":[54.372201,24.471909]},"properties":{"competitor_id":"n6108816792","name":"Unnamed salon (OSM)","category":"hairdresser","tier":"value","rating":5.0,"nearest_branch_id":"BD19","distance_to_nearest_m":1697}},{"type":"Feature","geometry":{"type":"Point","coordinates":[54.37212,24.471846]},"properties":{"competitor_id":"n6108831089","name":"Unnamed salon (OSM)","category":"hairdresser","tier":"value","rating":4.44,"nearest_branch_id":"BD19","distance_to_nearest_m":1700}},{"type":"Feature","geometry":{"type":"Point","coordinates":[54.372013,24.471782]},"properties":{"competitor_id":"n6108831091","name":"RUBY LADIES BEAUTY CENTRE","category":"beauty_salon","tier":"mid","rating":4.7,"nearest_branch_id":"BD19","distance_to_nearest_m":1707}},{"type":"Feature","geometry":{"type":"Point","coordinates":[54.381681,24.493136]},"properties":{"competitor_id":"n6108831185","name":"Unnamed salon (OSM)","category":"hairdresser","tier":"value","rating":4.12,"nearest_branch_id":"BD19","distance_to_nearest_m":3230}},{"type":"Feature","geometry":{"type":"Point","coordinates":[54.380992,24.493459]},"properties":{"competitor_id":"n6108831186","name":"Unnamed salon (OSM)","category":"beauty_salon","tier":"mid","rating":3.83,"nearest_branch_id":"BD19","distance_to_nearest_m":3278}},{"type":"Feature","geometry":{"type":"Point","coordinates":[54.379963,24.489107]},"properties":{"competitor_id":"n6126697692","name":"Unnamed salon (OSM)","category":"hairdresser","tier":"value","rating":4.07,"nearest_branch_id":"BD19","distance_to_nearest_m":2827}},{"type":"Feature","geometry":{"type":"Point","coordinates":[54.380058,24.48934]},"properties":{"competitor_id":"n6126697693","name":"Unnamed salon (OSM)","category":"hairdresser","tier":"value","rating":3.99,"nearest_branch_id":"BD19","distance_to_nearest_m":2850}},{"type":"Feature","geometry":{"type":"Point","coordinates":[54.382939,24.489165]},"properties":{"competitor_id":"n6126697699","name":"Unnamed salon (OSM)","category":"hairdresser","tier":"value","rating":4.54,"nearest_branch_id":"BD19","distance_to_nearest_m":2775}},{"type":"Feature","geometry":{"type":"Point","coordinates":[54.383524,24.489836]},"properties":{"competitor_id":"n6126697701","name":"Konget beauty Salon","category":"beauty_salon","tier":"mid","rating":4.42,"nearest_branch_id":"BD19","distance_to_nearest_m":2841}},{"type":"Feature","geometry":{"type":"Point","coordinates":[54.383562,24.489112]},"properties":{"competitor_id":"n6126697896","name":"Unnamed salon (OSM)","category":"hairdresser","tier":"value","rating":4.93,"nearest_branch_id":"BD19","distance_to_nearest_m":2760}},{"type":"Feature","geometry":{"type":"Point","coordinates":[54.381244,24.488568]},"properties":{"competitor_id":"n6126702196","name":"Unnamed salon (OSM)","category":"hairdresser","tier":"value","rating":3.95,"nearest_branch_id":"BD19","distance_to_nearest_m":2739}},{"type":"Feature","geometry":{"type":"Point","coordinates":[54.383595,24.489758]},"properties":{"competitor_id":"n6126702202","name":"Unnamed salon (OSM)","category":"hairdresser","tier":"value","rating":4.75,"nearest_branch_id":"BD19","distance_to_nearest_m":2831}},{"type":"Feature","geometry":{"type":"Point","coordinates":[54.383399,24.489292]},"properties":{"competitor_id":"n6126702387","name":"Unnamed salon (OSM)","category":"hairdresser","tier":"value","rating":3.75,"nearest_branch_id":"BD19","distance_to_nearest_m":2782}},{"type":"Feature","geometry":{"type":"Point","coordinates":[54.380848,24.489487]},"properties":{"competitor_id":"n6126724585","name":"Unnamed salon (OSM)","category":"hairdresser","tier":"value","rating":5.0,"nearest_branch_id":"BD19","distance_to_nearest_m":2847}},{"type":"Feature","geometry":{"type":"Point","coordinates":[54.383171,24.490224]},"properties":{"competitor_id":"n6127533797","name":"Unnamed salon (OSM)","category":"hairdresser","tier":"value","rating":4.39,"nearest_branch_id":"BD19","distance_to_nearest_m":2888}},{"type":"Feature","geometry":{"type":"Point","coordinates":[54.383202,24.490193]},"properties":{"competitor_id":"n6127533798","name":"Golden Mask GENTS Salon","category":"hairdresser","tier":"value","rating":3.99,"nearest_branch_id":"BD19","distance_to_nearest_m":2884}},{"type":"Feature","geometry":{"type":"Point","coordinates":[54.38272,24.489149]},"properties":{"competitor_id":"n6127533805","name":"Unnamed salon (OSM)","category":"hairdresser","tier":"value","rating":4.26,"nearest_branch_id":"BD19","distance_to_nearest_m":2776}},{"type":"Feature","geometry":{"type":"Point","coordinates":[54.382876,24.489254]},"properties":{"competitor_id":"n6127533806","name":"Unnamed salon (OSM)","category":"hairdresser","tier":"value","rating":4.46,"nearest_branch_id":"BD19","distance_to_nearest_m":2785}},{"type":"Feature","geometry":{"type":"Point","coordinates":[54.383208,24.489518]},"properties":{"competitor_id":"n6127533811","name":"Unnamed salon (OSM)","category":"hairdresser","tier":"value","rating":4.83,"nearest_branch_id":"BD19","distance_to_nearest_m":2810}},{"type":"Feature","geometry":{"type":"Point","coordinates":[54.383622,24.489198]},"properties":{"competitor_id":"n6127533818","name":"Unnamed salon (OSM)","category":"hairdresser","tier":"value","rating":4.66,"nearest_branch_id":"BD19","distance_to_nearest_m":2769}},{"type":"Feature","geometry":{"type":"Point","coordinates":[54.382207,24.489141]},"properties":{"competitor_id":"n6127533827","name":"كيلوباترا ستايل","category":"hairdresser","tier":"value","rating":5.0,"nearest_branch_id":"BD19","distance_to_nearest_m":2783}},{"type":"Feature","geometry":{"type":"Point","coordinates":[54.366713,24.479666]},"properties":{"competitor_id":"n6127533840","name":"Unnamed salon (OSM)","category":"hairdresser","tier":"value","rating":3.85,"nearest_branch_id":"BD19","distance_to_nearest_m":2647}},{"type":"Feature","geometry":{"type":"Point","coordinates":[54.384283,24.490143]},"properties":{"competitor_id":"n6127534085","name":"Unnamed salon (OSM)","category":"hairdresser","tier":"value","rating":4.41,"nearest_branch_id":"BD19","distance_to_nearest_m":2867}},{"type":"Feature","geometry":{"type":"Point","coordinates":[54.382611,24.48952]},"properties":{"competitor_id":"n6127534293","name":"محمد نواز","category":"hairdresser","tier":"value","rating":3.77,"nearest_branch_id":"BD19","distance_to_nearest_m":2819}},{"type":"Feature","geometry":{"type":"Point","coordinates":[54.383814,24.489496]},"properties":{"competitor_id":"n6127534296","name":"Spring Rose Gents Salon","category":"hairdresser","tier":"value","rating":4.45,"nearest_branch_id":"BD19","distance_to_nearest_m":2800}},{"type":"Feature","geometry":{"type":"Point","coordinates":[54.365792,24.478642]},"properties":{"competitor_id":"n6127534303","name":"Unnamed salon (OSM)","category":"hairdresser","tier":"value","rating":4.73,"nearest_branch_id":"BD19","distance_to_nearest_m":2650}},{"type":"Feature","geometry":{"type":"Point","coordinates":[54.375162,24.499823]},"properties":{"competitor_id":"n6133914491","name":"Unnamed salon (OSM)","category":"beauty_salon","tier":"mid","rating":4.72,"nearest_branch_id":"BD19","distance_to_nearest_m":4105}},{"type":"Feature","geometry":{"type":"Point","coordinates":[54.373807,24.474601]},"properties":{"competitor_id":"n6142833814","name":"Unnamed salon (OSM)","category":"beauty_salon","tier":"mid","rating":4.63,"nearest_branch_id":"BD19","distance_to_nearest_m":1735}},{"type":"Feature","geometry":{"type":"Point","coordinates":[54.378354,24.495526]},"properties":{"competitor_id":"n6142844995","name":"صالون ارتيستري للرجال","category":"hairdresser","tier":"value","rating":4.18,"nearest_branch_id":"BD19","distance_to_nearest_m":3559}},{"type":"Feature","geometry":{"type":"Point","coordinates":[54.348848,24.470441]},"properties":{"competitor_id":"n6151485688","name":"Unnamed salon (OSM)","category":"hairdresser","tier":"value","rating":4.14,"nearest_branch_id":"BD19","distance_to_nearest_m":3902}},{"type":"Feature","geometry":{"type":"Point","coordinates":[54.349003,24.470575]},"properties":{"competitor_id":"n6151485689","name":"Unnamed salon (OSM)","category":"hairdresser","tier":"value","rating":4.27,"nearest_branch_id":"BD19","distance_to_nearest_m":3889}},{"type":"Feature","geometry":{"type":"Point","coordinates":[54.349733,24.471595]},"properties":{"competitor_id":"n6151610086","name":"Unnamed salon (OSM)","category":"beauty_salon","tier":"mid","rating":4.68,"nearest_branch_id":"BD19","distance_to_nearest_m":3838}},{"type":"Feature","geometry":{"type":"Point","coordinates":[54.349581,24.471043]},"properties":{"competitor_id":"n6151610087","name":"Unnamed salon (OSM)","category":"hairdresser","tier":"value","rating":4.42,"nearest_branch_id":"BD19","distance_to_nearest_m":3841}},{"type":"Feature","geometry":{"type":"Point","coordinates":[54.348849,24.47103]},"properties":{"competitor_id":"n6151610090","name":"Unnamed salon (OSM)","category":"hairdresser","tier":"value","rating":4.6,"nearest_branch_id":"BD19","distance_to_nearest_m":3913}},{"type":"Feature","geometry":{"type":"Point","coordinates":[54.349474,24.470945]},"properties":{"competitor_id":"n6151619185","name":"Unnamed salon (OSM)","category":"hairdresser","tier":"value","rating":4.3,"nearest_branch_id":"BD19","distance_to_nearest_m":3849}},{"type":"Feature","geometry":{"type":"Point","coordinates":[54.374222,24.475432]},"properties":{"competitor_id":"n6198691889","name":"(Not work)","category":"hairdresser","tier":"value","rating":4.34,"nearest_branch_id":"BD19","distance_to_nearest_m":1765}},{"type":"Feature","geometry":{"type":"Point","coordinates":[54.373559,24.476118]},"properties":{"competitor_id":"n6198757587","name":"Unnamed salon (OSM)","category":"beauty_salon","tier":"mid","rating":4.28,"nearest_branch_id":"BD19","distance_to_nearest_m":1867}},{"type":"Feature","geometry":{"type":"Point","coordinates":[54.373901,24.475747]},"properties":{"competitor_id":"n6198758786","name":"Unnamed salon (OSM)","category":"beauty_salon","tier":"mid","rating":4.64,"nearest_branch_id":"BD19","distance_to_nearest_m":1813}},{"type":"Feature","geometry":{"type":"Point","coordinates":[54.348874,24.471217]},"properties":{"competitor_id":"n6300812286","name":"Unnamed salon (OSM)","category":"hairdresser","tier":"value","rating":4.33,"nearest_branch_id":"BD19","distance_to_nearest_m":3915}},{"type":"Feature","geometry":{"type":"Point","coordinates":[54.348817,24.470583]},"properties":{"competitor_id":"n6300812291","name":"Unnamed salon (OSM)","category":"hairdresser","tier":"value","rating":4.31,"nearest_branch_id":"BD19","distance_to_nearest_m":3907}},{"type":"Feature","geometry":{"type":"Point","coordinates":[54.349544,24.471181]},"properties":{"competitor_id":"n6300812295","name":"Unnamed salon (OSM)","category":"hairdresser","tier":"value","rating":4.11,"nearest_branch_id":"BD19","distance_to_nearest_m":3847}},{"type":"Feature","geometry":{"type":"Point","coordinates":[54.34945,24.471102]},"properties":{"competitor_id":"n6300812386","name":"Unnamed salon (OSM)","category":"hairdresser","tier":"value","rating":3.94,"nearest_branch_id":"BD19","distance_to_nearest_m":3855}},{"type":"Feature","geometry":{"type":"Point","coordinates":[54.348908,24.471248]},"properties":{"competitor_id":"n6300812485","name":"Unnamed salon (OSM)","category":"hairdresser","tier":"value","rating":4.41,"nearest_branch_id":"BD19","distance_to_nearest_m":3912}},{"type":"Feature","geometry":{"type":"Point","coordinates":[54.347973,24.472047]},"properties":{"competitor_id":"n6315440385","name":"Unnamed salon (OSM)","category":"hairdresser","tier":"value","rating":4.02,"nearest_branch_id":"BD19","distance_to_nearest_m":4023}},{"type":"Feature","geometry":{"type":"Point","coordinates":[54.351902,24.481372]},"properties":{"competitor_id":"n6334731485","name":"Unnamed salon (OSM)","category":"hairdresser","tier":"value","rating":4.61,"nearest_branch_id":"BD19","distance_to_nearest_m":4004}},{"type":"Feature","geometry":{"type":"Point","coordinates":[54.368669,24.479936]},"properties":{"competitor_id":"n6413222987","name":"Unnamed salon (OSM)","category":"hairdresser","tier":"value","rating":4.8,"nearest_branch_id":"BD19","distance_to_nearest_m":2518}},{"type":"Feature","geometry":{"type":"Point","coordinates":[54.372627,24.49483]},"properties":{"competitor_id":"n6482333488","name":"Unnamed salon (OSM)","category":"hairdresser","tier":"value","rating":4.08,"nearest_branch_id":"BD19","distance_to_nearest_m":3670}},{"type":"Feature","geometry":{"type":"Point","coordinates":[54.36733,24.489214]},"properties":{"competitor_id":"n6533553603","name":"Unnamed salon (OSM)","category":"hairdresser","tier":"value","rating":5.0,"nearest_branch_id":"BD19","distance_to_nearest_m":3387}},{"type":"Feature","geometry":{"type":"Point","coordinates":[54.347266,24.471532]},"properties":{"competitor_id":"n6533553609","name":"Unnamed salon (OSM)","category":"hairdresser","tier":"value","rating":4.12,"nearest_branch_id":"BD19","distance_to_nearest_m":4081}},{"type":"Feature","geometry":{"type":"Point","coordinates":[54.367848,24.490209]},"properties":{"competitor_id":"n6533558090","name":"Mister Gwapito Men Saloon","category":"hairdresser","tier":"value","rating":3.92,"nearest_branch_id":"BD19","distance_to_nearest_m":3448}},{"type":"Feature","geometry":{"type":"Point","coordinates":[54.375238,24.470442]},"properties":{"competitor_id":"n6655323594","name":"Unnamed salon (OSM)","category":"hairdresser","tier":"value","rating":4.73,"nearest_branch_id":"BD19","distance_to_nearest_m":1349}},{"type":"Feature","geometry":{"type":"Point","coordinates":[54.366538,24.479716]},"properties":{"competitor_id":"n6764241793","name":"Unnamed salon (OSM)","category":"hairdresser","tier":"value","rating":3.81,"nearest_branch_id":"BD19","distance_to_nearest_m":2664}},{"type":"Feature","geometry":{"type":"Point","coordinates":[54.3843,24.461953]},"properties":{"competitor_id":"n6764241887","name":"Unnamed salon (OSM)","category":"hairdresser","tier":"value","rating":4.05,"nearest_branch_id":"BD19","distance_to_nearest_m":379}},{"type":"Feature","geometry":{"type":"Point","coordinates":[54.405681,24.499267]},"properties":{"competitor_id":"n6783588314","name":"Unnamed salon (OSM)","category":"beauty_salon","tier":"mid","rating":4.65,"nearest_branch_id":"BD19","distance_to_nearest_m":4314}},{"type":"Feature","geometry":{"type":"Point","coordinates":[54.371746,24.47148]},"properties":{"competitor_id":"n6966903185","name":"Pinoy Pogi SALON","category":"hairdresser","tier":"value","rating":4.88,"nearest_branch_id":"BD19","distance_to_nearest_m":1715}},{"type":"Feature","geometry":{"type":"Point","coordinates":[54.349658,24.471277]},"properties":{"competitor_id":"n6996173500","name":"RAZOR SHARP BARBER","category":"hairdresser","tier":"value","rating":4.3,"nearest_branch_id":"BD19","distance_to_nearest_m":3838}},{"type":"Feature","geometry":{"type":"Point","coordinates":[54.361265,24.490901]},"properties":{"competitor_id":"n7005924887","name":"Unnamed salon (OSM)","category":"beauty_salon","tier":"mid","rating":4.62,"nearest_branch_id":"BD19","distance_to_nearest_m":3916}},{"type":"Feature","geometry":{"type":"Point","coordinates":[54.347593,24.469998]},"properties":{"competitor_id":"n7012968985","name":"Unnamed salon (OSM)","category":"hairdresser","tier":"value","rating":4.59,"nearest_branch_id":"BD19","distance_to_nearest_m":4019}},{"type":"Feature","geometry":{"type":"Point","coordinates":[54.347674,24.470043]},"properties":{"competitor_id":"n7012969285","name":"Unnamed salon (OSM)","category":"hairdresser","tier":"value","rating":4.76,"nearest_branch_id":"BD19","distance_to_nearest_m":4012}},{"type":"Feature","geometry":{"type":"Point","coordinates":[54.508496,24.363442]},"properties":{"competitor_id":"n7077530391","name":"Unnamed salon (OSM)","category":"hairdresser","tier":"value","rating":4.22,"nearest_branch_id":"BD14","distance_to_nearest_m":1044}},{"type":"Feature","geometry":{"type":"Point","coordinates":[54.487822,24.359717]},"properties":{"competitor_id":"n7077530402","name":"Unnamed salon (OSM)","category":"hairdresser","tier":"value","rating":3.91,"nearest_branch_id":"BD14","distance_to_nearest_m":2672}},{"type":"Feature","geometry":{"type":"Point","coordinates":[54.408747,24.497293]},"properties":{"competitor_id":"n7082382185","name":"Manhatten Gents Barbers","category":"hairdresser","tier":"value","rating":4.05,"nearest_branch_id":"BD19","distance_to_nearest_m":4271}},{"type":"Feature","geometry":{"type":"Point","coordinates":[54.484456,24.363712]},"properties":{"competitor_id":"n7092318390","name":"Unnamed salon (OSM)","category":"hairdresser","tier":"value","rating":4.37,"nearest_branch_id":"BD14","distance_to_nearest_m":2774}},{"type":"Feature","geometry":{"type":"Point","coordinates":[54.366434,24.476001]},"properties":{"competitor_id":"n7095996385","name":"Unnamed salon (OSM)","category":"hairdresser","tier":"value","rating":5.0,"nearest_branch_id":"BD19","distance_to_nearest_m":2431}},{"type":"Feature","geometry":{"type":"Point","coordinates":[54.366897,24.473528]},"properties":{"competitor_id":"n7096007388","name":"Unnamed salon (OSM)","category":"hairdresser","tier":"value","rating":4.11,"nearest_branch_id":"BD19","distance_to_nearest_m":2256}},{"type":"Feature","geometry":{"type":"Point","coordinates":[54.371753,24.479762]},"properties":{"competitor_id":"n7096007487","name":"Unnamed salon (OSM)","category":"hairdresser","tier":"value","rating":4.57,"nearest_branch_id":"BD19","distance_to_nearest_m":2285}},{"type":"Feature","geometry":{"type":"Point","coordinates":[54.48346,24.363281]},"properties":{"competitor_id":"n7100638090","name":"Unnamed salon (OSM)","category":"hairdresser","tier":"value","rating":4.0,"nearest_branch_id":"BD14","distance_to_nearest_m":2886}},{"type":"Feature","geometry":{"type":"Point","coordinates":[54.495054,24.349884]},"properties":{"competitor_id":"n7100638286","name":"Unnamed salon (OSM)","category":"hairdresser","tier":"value","rating":4.72,"nearest_branch_id":"BD14","distance_to_nearest_m":2957}},{"type":"Feature","geometry":{"type":"Point","coordinates":[54.497698,24.34909]},"properties":{"competitor_id":"n7100638287","name":"Unnamed salon (OSM)","category":"hairdresser","tier":"value","rating":4.26,"nearest_branch_id":"BD14","distance_to_nearest_m":2909}},{"type":"Feature","geometry":{"type":"Point","coordinates":[54.497676,24.349086]},"properties":{"competitor_id":"n7100638387","name":"Unnamed salon (OSM)","category":"hairdresser","tier":"value","rating":4.23,"nearest_branch_id":"BD14","distance_to_nearest_m":2910}},{"type":"Feature","geometry":{"type":"Point","coordinates":[54.483468,24.363376]},"properties":{"competitor_id":"n7100638392","name":"Unnamed salon (OSM)","category":"hairdresser","tier":"value","rating":4.14,"nearest_branch_id":"BD14","distance_to_nearest_m":2881}},{"type":"Feature","geometry":{"type":"Point","coordinates":[54.347953,24.473949]},"properties":{"competitor_id":"n7112335485","name":"Unnamed salon (OSM)","category":"hairdresser","tier":"value","rating":4.03,"nearest_branch_id":"BD19","distance_to_nearest_m":4074}},{"type":"Feature","geometry":{"type":"Point","coordinates":[54.38368,24.461362]},"properties":{"competitor_id":"n7112335788","name":"Unnamed salon (OSM)","category":"hairdresser","tier":"value","rating":3.84,"nearest_branch_id":"BD19","distance_to_nearest_m":470}},{"type":"Feature","geometry":{"type":"Point","coordinates":[54.354185,24.477845]},"properties":{"competitor_id":"n7112335789","name":"Unnamed salon (OSM)","category":"hairdresser","tier":"value","rating":4.1,"nearest_branch_id":"BD19","distance_to_nearest_m":3624}},{"type":"Feature","geometry":{"type":"Point","coordinates":[54.3489,24.470491]},"properties":{"competitor_id":"n7117455485","name":"Hair Story","category":"hairdresser","tier":"value","rating":4.84,"nearest_branch_id":"BD19","distance_to_nearest_m":3897}},{"type":"Feature","geometry":{"type":"Point","coordinates":[54.368551,24.497668]},"properties":{"competitor_id":"n7142193889","name":"Unnamed salon (OSM)","category":"hairdresser","tier":"value","rating":3.71,"nearest_branch_id":"BD19","distance_to_nearest_m":4130}},{"type":"Feature","geometry":{"type":"Point","coordinates":[54.491379,24.407974]},"properties":{"competitor_id":"n7156039800","name":"Hair Factory","category":"beauty_salon","tier":"mid","rating":4.61,"nearest_branch_id":"BD12","distance_to_nearest_m":770}},{"type":"Feature","geometry":{"type":"Point","coordinates":[54.485847,24.364934]},"properties":{"competitor_id":"n7168300989","name":"Unnamed salon (OSM)","category":"hairdresser","tier":"value","rating":4.32,"nearest_branch_id":"BD14","distance_to_nearest_m":2595}},{"type":"Feature","geometry":{"type":"Point","coordinates":[54.483497,24.365727]},"properties":{"competitor_id":"n7168301091","name":"Unnamed salon (OSM)","category":"hairdresser","tier":"value","rating":3.93,"nearest_branch_id":"BD14","distance_to_nearest_m":2795}},{"type":"Feature","geometry":{"type":"Point","coordinates":[54.362569,24.481797]},"properties":{"competitor_id":"n7180336292","name":"Unnamed salon (OSM)","category":"hairdresser","tier":"value","rating":4.49,"nearest_branch_id":"BD19","distance_to_nearest_m":3122}},{"type":"Feature","geometry":{"type":"Point","coordinates":[54.364198,24.480946]},"properties":{"competitor_id":"n7189306586","name":"Unnamed salon (OSM)","category":"hairdresser","tier":"value","rating":4.13,"nearest_branch_id":"BD19","distance_to_nearest_m":2934}},{"type":"Feature","geometry":{"type":"Point","coordinates":[54.364143,24.480929]},"properties":{"competitor_id":"n7189306685","name":"Unnamed salon (OSM)","category":"hairdresser","tier":"value","rating":4.12,"nearest_branch_id":"BD19","distance_to_nearest_m":2937}},{"type":"Feature","geometry":{"type":"Point","coordinates":[54.365657,24.478141]},"properties":{"competitor_id":"n7236228488","name":"Unnamed salon (OSM)","category":"hairdresser","tier":"value","rating":4.52,"nearest_branch_id":"BD19","distance_to_nearest_m":2628}},{"type":"Feature","geometry":{"type":"Point","coordinates":[54.377498,24.474124]},"properties":{"competitor_id":"n7236229089","name":"Unnamed salon (OSM)","category":"hairdresser","tier":"value","rating":4.16,"nearest_branch_id":"BD19","distance_to_nearest_m":1431}},{"type":"Feature","geometry":{"type":"Point","coordinates":[54.365984,24.479634]},"properties":{"competitor_id":"n7605233687","name":"Unnamed salon (OSM)","category":"hairdresser","tier":"value","rating":4.83,"nearest_branch_id":"BD19","distance_to_nearest_m":2702}},{"type":"Feature","geometry":{"type":"Point","coordinates":[54.519182,24.347945]},"properties":{"competitor_id":"n7698354790","name":"Unnamed salon (OSM)","category":"hairdresser","tier":"value","rating":4.03,"nearest_branch_id":"BD14","distance_to_nearest_m":2909}},{"type":"Feature","geometry":{"type":"Point","coordinates":[54.498745,24.351377]},"properties":{"competitor_id":"n7698355588","name":"Unnamed salon (OSM)","category":"hairdresser","tier":"value","rating":4.27,"nearest_branch_id":"BD14","distance_to_nearest_m":2634}},{"type":"Feature","geometry":{"type":"Point","coordinates":[54.499512,24.352198]},"properties":{"competitor_id":"n7698355886","name":"Unnamed salon (OSM)","category":"hairdresser","tier":"value","rating":4.22,"nearest_branch_id":"BD14","distance_to_nearest_m":2518}},{"type":"Feature","geometry":{"type":"Point","coordinates":[54.371979,24.477728]},"properties":{"competitor_id":"n7843646153","name":"European Nails & Face Care","category":"beauty_salon","tier":"mid","rating":4.67,"nearest_branch_id":"BD19","distance_to_nearest_m":2106}},{"type":"Feature","geometry":{"type":"Point","coordinates":[54.369549,24.493732]},"properties":{"competitor_id":"n7887187736","name":"Aneza Beauty Indian salon","category":"beauty_salon","tier":"mid","rating":4.94,"nearest_branch_id":"BD19","distance_to_nearest_m":3695}},{"type":"Feature","geometry":{"type":"Point","coordinates":[54.353913,24.486251]},"properties":{"competitor_id":"n7987381336","name":"Professional Hair Fixing","category":"hairdresser","tier":"value","rating":5.0,"nearest_branch_id":"BD19","distance_to_nearest_m":4119}},{"type":"Feature","geometry":{"type":"Point","coordinates":[54.43629,24.420189]},"properties":{"competitor_id":"n8167206044","name":"Chelsea Man Spa","category":"hairdresser","tier":"premium","rating":4.59,"nearest_branch_id":"BD17","distance_to_nearest_m":2338}},{"type":"Feature","geometry":{"type":"Point","coordinates":[54.384027,24.489793]},"properties":{"competitor_id":"n8279090217","name":"Unnamed salon (OSM)","category":"hairdresser","tier":"value","rating":4.01,"nearest_branch_id":"BD19","distance_to_nearest_m":2830}},{"type":"Feature","geometry":{"type":"Point","coordinates":[54.384058,24.489811]},"properties":{"competitor_id":"n8279090317","name":"Unnamed salon (OSM)","category":"hairdresser","tier":"value","rating":4.57,"nearest_branch_id":"BD19","distance_to_nearest_m":2832}},{"type":"Feature","geometry":{"type":"Point","coordinates":[54.380634,24.47007]},"properties":{"competitor_id":"n8327553484","name":"Lamor","category":"beauty_salon","tier":"mid","rating":4.95,"nearest_branch_id":"BD19","distance_to_nearest_m":885}},{"type":"Feature","geometry":{"type":"Point","coordinates":[54.536555,24.32948]},"properties":{"competitor_id":"n8745048025","name":"My look ladies saloon","category":"beauty_salon","tier":"mid","rating":4.79,"nearest_branch_id":"BD13","distance_to_nearest_m":1947}},{"type":"Feature","geometry":{"type":"Point","coordinates":[54.382281,24.490631]},"properties":{"competitor_id":"n8816990017","name":"ALSHAM ....","category":"hairdresser","tier":"value","rating":4.47,"nearest_branch_id":"BD19","distance_to_nearest_m":2946}},{"type":"Feature","geometry":{"type":"Point","coordinates":[54.382595,24.490206]},"properties":{"competitor_id":"n8820888431","name":"Green Rose","category":"hairdresser","tier":"value","rating":4.03,"nearest_branch_id":"BD19","distance_to_nearest_m":2894}},{"type":"Feature","geometry":{"type":"Point","coordinates":[54.373827,24.467565]},"properties":{"competitor_id":"n8823487718","name":"Unnamed salon (OSM)","category":"hairdresser","tier":"value","rating":4.38,"nearest_branch_id":"BD19","distance_to_nearest_m":1361}},{"type":"Feature","geometry":{"type":"Point","coordinates":[54.378268,24.495574]},"properties":{"competitor_id":"n9428078417","name":"صالون النخبة","category":"hairdresser","tier":"value","rating":3.8,"nearest_branch_id":"BD19","distance_to_nearest_m":3566}},{"type":"Feature","geometry":{"type":"Point","coordinates":[54.382685,24.494773]},"properties":{"competitor_id":"n9447644319","name":"Unnamed salon (OSM)","category":"hairdresser","tier":"value","rating":4.69,"nearest_branch_id":"BD19","distance_to_nearest_m":3396}},{"type":"Feature","geometry":{"type":"Point","coordinates":[54.347392,24.46946]},"properties":{"competitor_id":"n9447665717","name":"Unnamed salon (OSM)","category":"hairdresser","tier":"value","rating":3.95,"nearest_branch_id":"BD19","distance_to_nearest_m":4030}},{"type":"Feature","geometry":{"type":"Point","coordinates":[54.347342,24.469413]},"properties":{"competitor_id":"n9447665817","name":"Unnamed salon (OSM)","category":"hairdresser","tier":"value","rating":4.4,"nearest_branch_id":"BD19","distance_to_nearest_m":4035}},{"type":"Feature","geometry":{"type":"Point","coordinates":[54.347285,24.469373]},"properties":{"competitor_id":"n9447666117","name":"Unnamed salon (OSM)","category":"hairdresser","tier":"value","rating":4.45,"nearest_branch_id":"BD19","distance_to_nearest_m":4040}},{"type":"Feature","geometry":{"type":"Point","coordinates":[54.382794,24.494646]},"properties":{"competitor_id":"n9450426217","name":"Unnamed salon (OSM)","category":"hairdresser","tier":"value","rating":4.36,"nearest_branch_id":"BD19","distance_to_nearest_m":3381}},{"type":"Feature","geometry":{"type":"Point","coordinates":[54.377372,24.500346]},"properties":{"competitor_id":"n9465637617","name":"Unnamed salon (OSM)","category":"hairdresser","tier":"value","rating":4.8,"nearest_branch_id":"BD19","distance_to_nearest_m":4103}},{"type":"Feature","geometry":{"type":"Point","coordinates":[54.359542,24.489344]},"properties":{"competitor_id":"n9488779717","name":"CROWN & COMB","category":"hairdresser","tier":"value","rating":4.91,"nearest_branch_id":"BD19","distance_to_nearest_m":3909}},{"type":"Feature","geometry":{"type":"Point","coordinates":[54.412615,24.439959]},"properties":{"competitor_id":"n9524087017","name":"Unnamed salon (OSM)","category":"hairdresser","tier":"value","rating":4.74,"nearest_branch_id":"BD19","distance_to_nearest_m":3772}},{"type":"Feature","geometry":{"type":"Point","coordinates":[54.412216,24.440096]},"properties":{"competitor_id":"n9524087018","name":"Gents salon","category":"beauty_salon","tier":"mid","rating":4.31,"nearest_branch_id":"BD19","distance_to_nearest_m":3733}},{"type":"Feature","geometry":{"type":"Point","coordinates":[54.412265,24.44007]},"properties":{"competitor_id":"n9524087818","name":"iconic ladies salon","category":"beauty_salon","tier":"mid","rating":4.5,"nearest_branch_id":"BD19","distance_to_nearest_m":3738}},{"type":"Feature","geometry":{"type":"Point","coordinates":[54.349785,24.471559]},"properties":{"competitor_id":"n9559062017","name":"صالون الباشا","category":"hairdresser","tier":"value","rating":4.63,"nearest_branch_id":"BD19","distance_to_nearest_m":3832}},{"type":"Feature","geometry":{"type":"Point","coordinates":[54.370075,24.492348]},"properties":{"competitor_id":"n9665694617","name":"Unnamed salon (OSM)","category":"hairdresser","tier":"value","rating":4.6,"nearest_branch_id":"BD19","distance_to_nearest_m":3534}},{"type":"Feature","geometry":{"type":"Point","coordinates":[54.359243,24.487336]},"properties":{"competitor_id":"n9683447765","name":"Hermosa Ladies Beauty Salon","category":"beauty_salon","tier":"mid","rating":4.72,"nearest_branch_id":"BD19","distance_to_nearest_m":3777}},{"type":"Feature","geometry":{"type":"Point","coordinates":[54.374317,24.4981]},"properties":{"competitor_id":"n9708095917","name":"NARY LADIES BEAUTY CENTER","category":"beauty_salon","tier":"mid","rating":4.75,"nearest_branch_id":"BD19","distance_to_nearest_m":3949}},{"type":"Feature","geometry":{"type":"Point","coordinates":[54.382659,24.490841]},"properties":{"competitor_id":"n9708096020","name":"Unnamed salon (OSM)","category":"hairdresser","tier":"value","rating":4.63,"nearest_branch_id":"BD19","distance_to_nearest_m":2963}},{"type":"Feature","geometry":{"type":"Point","coordinates":[54.382531,24.489612]},"properties":{"competitor_id":"n9708096218","name":"سي فيو","category":"hairdresser","tier":"value","rating":4.71,"nearest_branch_id":"BD19","distance_to_nearest_m":2830}},{"type":"Feature","geometry":{"type":"Point","coordinates":[54.382565,24.489637]},"properties":{"competitor_id":"n9708096418","name":"Dalla Nail Ladies Beauty Center","category":"beauty_salon","tier":"mid","rating":4.31,"nearest_branch_id":"BD19","distance_to_nearest_m":2832}},{"type":"Feature","geometry":{"type":"Point","coordinates":[54.382762,24.490708]},"properties":{"competitor_id":"n9708096518","name":"Unnamed salon (OSM)","category":"hairdresser","tier":"value","rating":4.42,"nearest_branch_id":"BD19","distance_to_nearest_m":2947}},{"type":"Feature","geometry":{"type":"Point","coordinates":[54.382829,24.490627]},"properties":{"competitor_id":"n9708096519","name":"Unnamed salon (OSM)","category":"hairdresser","tier":"value","rating":4.72,"nearest_branch_id":"BD19","distance_to_nearest_m":2937}},{"type":"Feature","geometry":{"type":"Point","coordinates":[54.364706,24.488856]},"properties":{"competitor_id":"n9777205817","name":"Unnamed salon (OSM)","category":"hairdresser","tier":"value","rating":4.53,"nearest_branch_id":"BD19","distance_to_nearest_m":3517}},{"type":"Feature","geometry":{"type":"Point","coordinates":[54.533082,24.343761]},"properties":{"competitor_id":"n9831799579","name":"Solly Man Salon and spa for man","category":"massage","tier":"premium","rating":4.5,"nearest_branch_id":"BD13","distance_to_nearest_m":1914}},{"type":"Feature","geometry":{"type":"Point","coordinates":[54.361112,24.49027]},"properties":{"competitor_id":"n9858814417","name":"Unnamed salon (OSM)","category":"hairdresser","tier":"value","rating":4.56,"nearest_branch_id":"BD19","distance_to_nearest_m":3874}},{"type":"Feature","geometry":{"type":"Point","coordinates":[54.361802,24.489998]},"properties":{"competitor_id":"n9858814818","name":"Unnamed salon (OSM)","category":"hairdresser","tier":"value","rating":4.28,"nearest_branch_id":"BD19","distance_to_nearest_m":3805}},{"type":"Feature","geometry":{"type":"Point","coordinates":[54.531191,24.32212]},"properties":{"competitor_id":"n9920207603","name":"Total Gents Saloon","category":"hairdresser","tier":"value","rating":4.29,"nearest_branch_id":"BD13","distance_to_nearest_m":2897}},{"type":"Feature","geometry":{"type":"Point","coordinates":[54.349609,24.46151]},"properties":{"competitor_id":"n9974964248","name":"Remedy Room","category":"beauty_salon","tier":"mid","rating":4.51,"nearest_branch_id":"BD19","distance_to_nearest_m":3782}},{"type":"Feature","geometry":{"type":"Point","coordinates":[54.53146,24.322991]},"properties":{"competitor_id":"n10237921609","name":"Crew Cut","category":"hairdresser","tier":"value","rating":4.12,"nearest_branch_id":"BD13","distance_to_nearest_m":2810}},{"type":"Feature","geometry":{"type":"Point","coordinates":[54.531983,24.324863]},"properties":{"competitor_id":"n10286026184","name":"Al Hidaya","category":"hairdresser","tier":"value","rating":3.94,"nearest_branch_id":"BD13","distance_to_nearest_m":2631}},{"type":"Feature","geometry":{"type":"Point","coordinates":[54.600563,24.427311]},"properties":{"competitor_id":"n10734204314","name":"Ruby Gents Salon","category":"hairdresser","tier":"value","rating":3.86,"nearest_branch_id":"BD16","distance_to_nearest_m":1441}},{"type":"Feature","geometry":{"type":"Point","coordinates":[54.40882,24.49505]},"properties":{"competitor_id":"n10760870643","name":"House of Barber","category":"hairdresser","tier":"value","rating":4.3,"nearest_branch_id":"BD19","distance_to_nearest_m":4064}},{"type":"Feature","geometry":{"type":"Point","coordinates":[54.435734,24.432419]},"properties":{"competitor_id":"n11069694909","name":"صالون هير بوتاتو للرجال","category":"hairdresser","tier":"value","rating":4.18,"nearest_branch_id":"BD17","distance_to_nearest_m":3144}},{"type":"Feature","geometry":{"type":"Point","coordinates":[54.600087,24.446521]},"properties":{"competitor_id":"n11280901835","name":"Unique Beauty Spa","category":"beauty_salon","tier":"premium","rating":4.95,"nearest_branch_id":"BD16","distance_to_nearest_m":888}},{"type":"Feature","geometry":{"type":"Point","coordinates":[54.673202,24.457592]},"properties":{"competitor_id":"n11312103782","name":"Urban CUTS","category":"hairdresser","tier":"value","rating":4.75,"nearest_branch_id":"BD18","distance_to_nearest_m":4523}},{"type":"Feature","geometry":{"type":"Point","coordinates":[54.673053,24.457546]},"properties":{"competitor_id":"n11312103794","name":"Like cut salon","category":"hairdresser","tier":"value","rating":4.13,"nearest_branch_id":"BD18","distance_to_nearest_m":4534}},{"type":"Feature","geometry":{"type":"Point","coordinates":[54.375961,24.50063]},"properties":{"competitor_id":"n11495365969","name":"Unnamed salon (OSM)","category":"hairdresser","tier":"value","rating":4.65,"nearest_branch_id":"BD19","distance_to_nearest_m":4169}},{"type":"Feature","geometry":{"type":"Point","coordinates":[54.370029,24.495096]},"properties":{"competitor_id":"n11497289270","name":"Upscale Barber Shop Salon","category":"hairdresser","tier":"value","rating":3.82,"nearest_branch_id":"BD19","distance_to_nearest_m":3807}},{"type":"Feature","geometry":{"type":"Point","coordinates":[54.338574,24.467375]},"properties":{"competitor_id":"n11851526569","name":"Tonic Legends Barber Shop","category":"hairdresser","tier":"value","rating":4.96,"nearest_branch_id":"BD19","distance_to_nearest_m":4895}},{"type":"Feature","geometry":{"type":"Point","coordinates":[54.613946,24.44464]},"properties":{"competitor_id":"n12495458694","name":"Unnamed salon (OSM)","category":"hairdresser","tier":"value","rating":3.95,"nearest_branch_id":"BD16","distance_to_nearest_m":1919}},{"type":"Feature","geometry":{"type":"Point","coordinates":[54.612582,24.443784]},"properties":{"competitor_id":"n12495474103","name":"Unnamed salon (OSM)","category":"hairdresser","tier":"value","rating":4.37,"nearest_branch_id":"BD16","distance_to_nearest_m":1760}},{"type":"Feature","geometry":{"type":"Point","coordinates":[54.354044,24.475925]},"properties":{"competitor_id":"n13264706001","name":"صالون نجمة المليح للرجال","category":"hairdresser","tier":"value","rating":4.56,"nearest_branch_id":"BD19","distance_to_nearest_m":3555}},{"type":"Feature","geometry":{"type":"Point","coordinates":[54.377244,24.498711]},"properties":{"competitor_id":"n13267233202","name":"صالون وسبا بيربل بترفلاي للسيدات","category":"beauty_salon","tier":"mid","rating":4.84,"nearest_branch_id":"BD19","distance_to_nearest_m":3930}},{"type":"Feature","geometry":{"type":"Point","coordinates":[54.377301,24.498635]},"properties":{"competitor_id":"n13267240301","name":"نو نيم سبا","category":"beauty_salon","tier":"mid","rating":4.42,"nearest_branch_id":"BD19","distance_to_nearest_m":3920}},{"type":"Feature","geometry":{"type":"Point","coordinates":[54.378077,24.498157]},"properties":{"competitor_id":"n13267270202","name":"صالون عباد الشمس للرجال","category":"hairdresser","tier":"value","rating":4.26,"nearest_branch_id":"BD19","distance_to_nearest_m":3850}},{"type":"Feature","geometry":{"type":"Point","coordinates":[54.377291,24.498114]},"properties":{"competitor_id":"n13267291701","name":"حلاقة بومباي","category":"hairdresser","tier":"value","rating":4.5,"nearest_branch_id":"BD19","distance_to_nearest_m":3864}},{"type":"Feature","geometry":{"type":"Point","coordinates":[54.376965,24.497672]},"properties":{"competitor_id":"n13267316501","name":"الزين للحلاقة الرجالية","category":"hairdresser","tier":"value","rating":4.73,"nearest_branch_id":"BD19","distance_to_nearest_m":3825}},{"type":"Feature","geometry":{"type":"Point","coordinates":[54.377059,24.497751]},"properties":{"competitor_id":"n13267316503","name":"صالون بلاك هورس للرجالBl","category":"hairdresser","tier":"value","rating":3.88,"nearest_branch_id":"BD19","distance_to_nearest_m":3831}},{"type":"Feature","geometry":{"type":"Point","coordinates":[54.377009,24.497609]},"properties":{"competitor_id":"n13267316601","name":"صالون سمارت سي تي جي للرجال","category":"hairdresser","tier":"value","rating":3.78,"nearest_branch_id":"BD19","distance_to_nearest_m":3817}},{"type":"Feature","geometry":{"type":"Point","coordinates":[54.37658,24.497347]},"properties":{"competitor_id":"n13277769101","name":"صالون اللحظة للرجال","category":"hairdresser","tier":"value","rating":4.08,"nearest_branch_id":"BD19","distance_to_nearest_m":3801}},{"type":"Feature","geometry":{"type":"Point","coordinates":[54.375307,24.496464]},"properties":{"competitor_id":"n13279473801","name":"صالون التوحيد للرجال","category":"hairdresser","tier":"value","rating":3.99,"nearest_branch_id":"BD19","distance_to_nearest_m":3744}},{"type":"Feature","geometry":{"type":"Point","coordinates":[54.375554,24.496072]},"properties":{"competitor_id":"n13280158301","name":"صالون بيشكيك للسيدات","category":"hairdresser","tier":"value","rating":3.91,"nearest_branch_id":"BD19","distance_to_nearest_m":3695}},{"type":"Feature","geometry":{"type":"Point","coordinates":[54.375034,24.49901]},"properties":{"competitor_id":"n13294700802","name":"صالون قطر الندى للرجال","category":"hairdresser","tier":"value","rating":4.39,"nearest_branch_id":"BD19","distance_to_nearest_m":4022}},{"type":"Feature","geometry":{"type":"Point","coordinates":[54.374379,24.498511]},"properties":{"competitor_id":"n13294700803","name":"صالون  الطيران","category":"hairdresser","tier":"value","rating":4.37,"nearest_branch_id":"BD19","distance_to_nearest_m":3990}},{"type":"Feature","geometry":{"type":"Point","coordinates":[54.37445,24.499081]},"properties":{"competitor_id":"n13294727301","name":"حلاق الاستقلال","category":"hairdresser","tier":"value","rating":4.26,"nearest_branch_id":"BD19","distance_to_nearest_m":4048}},{"type":"Feature","geometry":{"type":"Point","coordinates":[54.3748,24.499529]},"properties":{"competitor_id":"n13296341501","name":"مازكان","category":"beauty_salon","tier":"mid","rating":4.39,"nearest_branch_id":"BD19","distance_to_nearest_m":4085}},{"type":"Feature","geometry":{"type":"Point","coordinates":[54.37692,24.493619]},"properties":{"competitor_id":"n13301829104","name":"صالون كاتينغ بروفيشينال للحلاقة","category":"hairdresser","tier":"value","rating":4.52,"nearest_branch_id":"BD19","distance_to_nearest_m":3393}},{"type":"Feature","geometry":{"type":"Point","coordinates":[54.378956,24.494031]},"properties":{"competitor_id":"n13313747402","name":"صالون الأشاذ للرجال","category":"hairdresser","tier":"value","rating":3.99,"nearest_branch_id":"BD19","distance_to_nearest_m":3383}},{"type":"Feature","geometry":{"type":"Point","coordinates":[54.378976,24.494641]},"properties":{"competitor_id":"n13313844202","name":"مركز ليان ستار لتجميل السيدات","category":"beauty_salon","tier":"mid","rating":4.56,"nearest_branch_id":"BD19","distance_to_nearest_m":3448}},{"type":"Feature","geometry":{"type":"Point","coordinates":[54.378396,24.495478]},"properties":{"competitor_id":"n13313869407","name":"صالون ريلاكس للرجال","category":"hairdresser","tier":"value","rating":3.24,"nearest_branch_id":"BD19","distance_to_nearest_m":3553}},{"type":"Feature","geometry":{"type":"Point","coordinates":[54.376814,24.493946]},"properties":{"competitor_id":"n13316652001","name":"صالون الضحكة للرجالDhaka","category":"hairdresser","tier":"value","rating":4.52,"nearest_branch_id":"BD19","distance_to_nearest_m":3431}},{"type":"Feature","geometry":{"type":"Point","coordinates":[54.377075,24.49362]},"properties":{"competitor_id":"n13316655203","name":"صالون بريسيجن للرجال","category":"hairdresser","tier":"value","rating":4.01,"nearest_branch_id":"BD19","distance_to_nearest_m":3389}},{"type":"Feature","geometry":{"type":"Point","coordinates":[54.37727,24.49393]},"properties":{"competitor_id":"n13316658401","name":"صالون عباد الشمس للرجال","category":"hairdresser","tier":"value","rating":4.51,"nearest_branch_id":"BD19","distance_to_nearest_m":3416}},{"type":"Feature","geometry":{"type":"Point","coordinates":[54.378718,24.494894]},"properties":{"competitor_id":"n13333997402","name":"صالون الفارس الذهبي للرجال","category":"hairdresser","tier":"value","rating":4.6,"nearest_branch_id":"BD19","distance_to_nearest_m":3482}},{"type":"Feature","geometry":{"type":"Point","coordinates":[54.37881,24.494528]},"properties":{"competitor_id":"n13334005302","name":"صالون  جراجيس هير للتجميل للسيدات","category":"beauty_salon","tier":"mid","rating":4.99,"nearest_branch_id":"BD19","distance_to_nearest_m":3440}},{"type":"Feature","geometry":{"type":"Point","coordinates":[54.378618,24.494389]},"properties":{"competitor_id":"n13334008701","name":"صالون الجزيرة للرجال","category":"hairdresser","tier":"value","rating":4.66,"nearest_branch_id":"BD19","distance_to_nearest_m":3430}},{"type":"Feature","geometry":{"type":"Point","coordinates":[54.353691,24.458976]},"properties":{"competitor_id":"n13335655901","name":"مركز تجميل بداشنغ","category":"beauty_salon","tier":"mid","rating":4.62,"nearest_branch_id":"BD19","distance_to_nearest_m":3410}},{"type":"Feature","geometry":{"type":"Point","coordinates":[54.350623,24.462073]},"properties":{"competitor_id":"n13335728001","name":"Magio Hair Experience","category":"hairdresser","tier":"value","rating":4.76,"nearest_branch_id":"BD19","distance_to_nearest_m":3675}},{"type":"Feature","geometry":{"type":"Point","coordinates":[54.350387,24.462318]},"properties":{"competitor_id":"n13335737601","name":"وايت انجل","category":"hairdresser","tier":"value","rating":4.51,"nearest_branch_id":"BD19","distance_to_nearest_m":3697}},{"type":"Feature","geometry":{"type":"Point","coordinates":[54.382222,24.488986]},"properties":{"competitor_id":"n13355822145","name":"الزهرة الفاخرة","category":"beauty_salon","tier":"mid","rating":4.21,"nearest_branch_id":"BD19","distance_to_nearest_m":2766}},{"type":"Feature","geometry":{"type":"Point","coordinates":[54.345425,24.461926]},"properties":{"competitor_id":"w437421676","name":"Oriental","category":"beauty_salon","tier":"mid","rating":4.69,"nearest_branch_id":"BD19","distance_to_nearest_m":4201}},{"type":"Feature","geometry":{"type":"Point","coordinates":[54.345899,24.465888]},"properties":{"competitor_id":"w437421786","name":"House of Allure","category":"beauty_salon","tier":"mid","rating":4.29,"nearest_branch_id":"BD19","distance_to_nearest_m":4146}},{"type":"Feature","geometry":{"type":"Point","coordinates":[54.355457,24.455548]},"properties":{"competitor_id":"w479546325","name":"European Beauty Saloon","category":"beauty_salon","tier":"mid","rating":5.0,"nearest_branch_id":"BD19","distance_to_nearest_m":3327}},{"type":"Feature","geometry":{"type":"Point","coordinates":[54.367436,24.464939]},"properties":{"competitor_id":"w480437390","name":"Kaya Skin Care Clinic","category":"beauty_salon","tier":"premium","rating":4.66,"nearest_branch_id":"BD19","distance_to_nearest_m":1964}},{"type":"Feature","geometry":{"type":"Point","coordinates":[54.351382,24.465875]},"properties":{"competitor_id":"w482779633","name":"Mariage Beauty Center","category":"beauty_salon","tier":"mid","rating":4.33,"nearest_branch_id":"BD19","distance_to_nearest_m":3592}},{"type":"Feature","geometry":{"type":"Point","coordinates":[54.550136,24.425467]},"properties":{"competitor_id":"w483118226","name":"Oriental Wellness Spa","category":"beauty_salon","tier":"premium","rating":4.74,"nearest_branch_id":"BD16","distance_to_nearest_m":4883}},{"type":"Feature","geometry":{"type":"Point","coordinates":[55.735797,24.224348]},"properties":{"competitor_id":"n4328264711","name":"Unnamed salon (OSM)","category":"hairdresser","tier":"value","rating":4.22,"nearest_branch_id":"BD20","distance_to_nearest_m":957}},{"type":"Feature","geometry":{"type":"Point","coordinates":[55.736244,24.224317]},"properties":{"competitor_id":"n4328264713","name":"Unnamed salon (OSM)","category":"hairdresser","tier":"value","rating":4.24,"nearest_branch_id":"BD20","distance_to_nearest_m":912}},{"type":"Feature","geometry":{"type":"Point","coordinates":[55.735708,24.22436]},"properties":{"competitor_id":"n4328283795","name":"Unnamed salon (OSM)","category":"hairdresser","tier":"value","rating":4.13,"nearest_branch_id":"BD20","distance_to_nearest_m":966}},{"type":"Feature","geometry":{"type":"Point","coordinates":[55.755575,24.259343]},"properties":{"competitor_id":"n4683066391","name":"Farida","category":"beauty_salon","tier":"mid","rating":4.48,"nearest_branch_id":"BD20","distance_to_nearest_m":3974}},{"type":"Feature","geometry":{"type":"Point","coordinates":[55.743757,24.220975]},"properties":{"competitor_id":"n4739124519","name":"La Pacha Spa","category":"beauty_salon","tier":"premium","rating":4.73,"nearest_branch_id":"BD20","distance_to_nearest_m":457}},{"type":"Feature","geometry":{"type":"Point","coordinates":[55.756131,24.212868]},"properties":{"competitor_id":"n4906518767","name":"Freak Salon","category":"hairdresser","tier":"value","rating":4.13,"nearest_branch_id":"BD20","distance_to_nearest_m":1733}},{"type":"Feature","geometry":{"type":"Point","coordinates":[55.724192,24.243492]},"properties":{"competitor_id":"n4919161731","name":"Al Khabisi Rose Saloon","category":"hairdresser","tier":"value","rating":4.34,"nearest_branch_id":"BD20","distance_to_nearest_m":2972}},{"type":"Feature","geometry":{"type":"Point","coordinates":[55.724211,24.243587]},"properties":{"competitor_id":"n4919161732","name":"Al Ezdihar Haircut Saloon","category":"hairdresser","tier":"value","rating":5.0,"nearest_branch_id":"BD20","distance_to_nearest_m":2978}},{"type":"Feature","geometry":{"type":"Point","coordinates":[55.757584,24.223215]},"properties":{"competitor_id":"n5868398698","name":"France Style Salon","category":"beauty_salon","tier":"mid","rating":4.9,"nearest_branch_id":"BD20","distance_to_nearest_m":1267}},{"type":"Feature","geometry":{"type":"Point","coordinates":[55.744162,24.220999]},"properties":{"competitor_id":"n6576965340","name":"مركز الارز للحلاقة الرجالية","category":"hairdresser","tier":"value","rating":5.0,"nearest_branch_id":"BD20","distance_to_nearest_m":443}},{"type":"Feature","geometry":{"type":"Point","coordinates":[55.761794,24.227567]},"properties":{"competitor_id":"n8024801666","name":"Professional Hair Fixing","category":"hairdresser","tier":"value","rating":3.98,"nearest_branch_id":"BD20","distance_to_nearest_m":1707}},{"type":"Feature","geometry":{"type":"Point","coordinates":[55.782826,24.224285]},"properties":{"competitor_id":"n12424588305","name":"صالون حلاقة هالو هير للرجال","category":"hairdresser","tier":"value","rating":4.35,"nearest_branch_id":"BD20","distance_to_nearest_m":3813}},{"type":"Feature","geometry":{"type":"Point","coordinates":[55.76401,24.224978]},"properties":{"competitor_id":"n13747430387","name":"Unnamed salon (OSM)","category":"hairdresser","tier":"value","rating":4.29,"nearest_branch_id":"BD20","distance_to_nearest_m":1905}},{"type":"Feature","geometry":{"type":"Point","coordinates":[55.718573,24.238589]},"properties":{"competitor_id":"n13856201197","name":"Rapunzel spa","category":"massage","tier":"premium","rating":4.83,"nearest_branch_id":"BD20","distance_to_nearest_m":3102}},{"type":"Feature","geometry":{"type":"Point","coordinates":[55.714565,24.242044]},"properties":{"competitor_id":"n13857220893","name":"Canvas Lounge Spa For Gents","category":"massage","tier":"premium","rating":4.72,"nearest_branch_id":"BD20","distance_to_nearest_m":3648}},{"type":"Feature","geometry":{"type":"Point","coordinates":[55.728907,24.245531]},"properties":{"competitor_id":"w500796750","name":"Sona Beauty Center","category":"beauty_salon","tier":"mid","rating":4.23,"nearest_branch_id":"BD20","distance_to_nearest_m":2830}},{"type":"Feature","geometry":{"type":"Point","coordinates":[55.938992,25.790835]},"properties":{"competitor_id":"n4428446592","name":"عوافي للعطور ش.ذ.م.م","category":"beauty_salon","tier":"mid","rating":4.42,"nearest_branch_id":"BD21","distance_to_nearest_m":4108}},{"type":"Feature","geometry":{"type":"Point","coordinates":[55.971027,25.792585]},"properties":{"competitor_id":"n12585426316","name":"Hijabi Ladies","category":"beauty_salon","tier":"mid","rating":4.28,"nearest_branch_id":"BD21","distance_to_nearest_m":4725}},{"type":"Feature","geometry":{"type":"Point","coordinates":[55.937472,25.769067]},"properties":{"competitor_id":"w337133184","name":"Unnamed salon (OSM)","category":"spa","tier":"premium","rating":5.0,"nearest_branch_id":"BD21","distance_to_nearest_m":1944}}]}
