{"type": "FeatureCollection", "features": [{"type": "Feature", "properties": {}, "geometry": {"type": "LineString", "coordinates": [[54.66509, 24.71403], [54.66576, 24.70523], [54.66715, 24.70521], [54.66728, 24.70492], [54.66581, 24.70493], [54.6658, 24.70291], [54.66551, 24.70254], [54.6628, 24.70265], [54.66256, 24.7053], [54.66142, 24.70611], [54.66138, 24.70568], [54.66114, 24.70594], [54.6519, 24.70582], [54.65174, 24.70481], [54.65036, 24.70483], [54.65036, 24.7044], [54.64835, 24.70219], [54.64832, 24.70162], [54.6498, 24.70161], [54.6498, 24.70194], [54.65307, 24.70191], [54.65297, 24.70448], [54.65887, 24.70455], [54.65892, 24.70273], [54.65951, 24.70273], [54.65953, 24.70172], [54.65898, 24.70172], [54.65899, 24.70056], [54.65435, 24.70025], [54.65144, 24.70042], [54.65129, 24.70004], [54.65148, 24.69843], [54.65212, 24.69703], [54.65262, 24.69635], [54.65349, 24.69616], [54.65319, 24.69599], [54.65332, 24.6952], [54.65358, 24.69589], [54.65448, 24.6957], [54.65457, 24.6947], [54.6534, 24.69455], [54.65992, 24.69377], [54.66181, 24.69243], [54.66365, 24.69223], [54.66426, 24.6916], [54.66555, 24.68755], [54.66551, 24.68657], [54.66507, 24.68546], [54.66216, 24.68371], [54.6617, 24.6842], [54.66244, 24.6848], [54.66228, 24.68507], [54.66139, 24.68521], [54.66097, 24.68481], [54.66091, 24.68452], [54.66198, 24.68357], [54.65894, 24.68154], [54.65927, 24.68123], [54.6592, 24.67997], [54.65956, 24.67902], [54.65937, 24.67793], [54.66, 24.67816], [54.66016, 24.67763], [54.65968, 24.67735], [54.66065, 24.67583], [54.68317, 24.668], [54.68512, 24.66286], [54.68103, 24.65721], [54.67386, 24.65396], [54.66501, 24.65277], [54.6571, 24.64178], [54.65578, 24.64064], [54.65595, 24.64049], [54.65439, 24.63801], [54.65339, 24.63692], [54.64993, 24.6335], [54.64214, 24.6268], [54.63738, 24.62322], [54.63604, 24.61401], [54.64691, 24.59856], [54.64531, 24.58434], [54.633, 24.55492], [54.61549, 24.54597], [54.62509, 24.5403], [54.6293, 24.53673], [54.62915, 24.53631], [54.6286, 24.53609], [54.62701, 24.53739], [54.62608, 24.53658], [54.6196, 24.54102], [54.62021, 24.54199], [54.6156, 24.54462], [54.61527, 24.54472], [54.61497, 24.54383], [54.61374, 24.5442], [54.61331, 24.54293], [54.61474, 24.54246], [54.61493, 24.54316], [54.61966, 24.53967], [54.61944, 24.53582], [54.61688, 24.53062], [54.6153, 24.52847], [54.60859, 24.52242], [54.6082, 24.52265], [54.60805, 24.5235], [54.60616, 24.52512], [54.60601, 24.52486], [54.6067, 24.52428], [54.60608, 24.52366], [54.60517, 24.52443], [54.60575, 24.52562], [54.60314, 24.52616], [54.60392, 24.52237], [54.60462, 24.5221], [54.60484, 24.52113], [54.60514, 24.52147], [54.60592, 24.52075], [54.60494, 24.5206], [54.60425, 24.52102], [54.60455, 24.51984]]}}, {"type": "Feature", "properties": {}, "geometry": {"type": "LineString", "coordinates": [[54.27538, 24.43333], [54.274, 24.4351], [54.27371, 24.43634], [54.27433, 24.43731], [54.27283, 24.43755], [54.27194, 24.43862], [54.27197, 24.44041], [54.27164, 24.44139], [54.28079, 24.44668], [54.28368, 24.4464], [54.28483, 24.44505], [54.28541, 24.44522], [54.28563, 24.44567], [54.28519, 24.44657], [54.28255, 24.44744], [54.28228, 24.44788], [54.28097, 24.44746], [54.28019, 24.44793], [54.27697, 24.44624], [54.27206, 24.44452], [54.27071, 24.44358], [54.26959, 24.44193], [54.26909, 24.44036], [54.27399, 24.43326], [54.27479, 24.43277], [54.27538, 24.43333]]}}, {"type": "Feature", "properties": {}, "geometry": {"type": "LineString", "coordinates": [[54.23979, 24.2327], [54.23596, 24.23227], [54.23232, 24.23267], [54.22492, 24.23611], [54.21511, 24.24005], [54.21072, 24.24065], [54.20641, 24.24584], [54.20485, 24.24822], [54.20264, 24.2499], [54.20109, 24.25301], [54.20067, 24.25324], [54.20011, 24.25302], [54.19986, 24.2516], [54.19867, 24.25173]]}}, {"type": "Feature", "properties": {}, "geometry": {"type": "LineString", "coordinates": [[54.20564, 24.25599], [54.20604, 24.25623], [54.20523, 24.25873], [54.20461, 24.25956], [54.20463, 24.26021], [54.20277, 24.261], [54.20307, 24.26055], [54.20298, 24.25961], [54.20249, 24.2592], [54.20231, 24.25824], [54.2036, 24.25791], [54.20564, 24.25599]]}}, {"type": "Feature", "properties": {}, "geometry": {"type": "LineString", "coordinates": [[54.28631, 24.36288], [54.28731, 24.36168], [54.2882, 24.36165], [54.28838, 24.36207], [54.28794, 24.36246], [54.28837, 24.36392], [54.28918, 24.36412], [54.28922, 24.36466], [54.28829, 24.36599], [54.28847, 24.36514], [54.28706, 24.36672], [54.28795, 24.36629], [54.28813, 24.36651], [54.28759, 24.36782], [54.28466, 24.3712], [54.28227, 24.37236], [54.27902, 24.3725], [54.27769, 24.37293], [54.27617, 24.37388], [54.27584, 24.37511], [54.27541, 24.37535], [54.27429, 24.37447], [54.27415, 24.37335], [54.27489, 24.37321], [54.27498, 24.37236], [54.27443, 24.37219], [54.27419, 24.37284], [54.2739, 24.37208], [54.27526, 24.37093], [54.27677, 24.36875], [54.27694, 24.36733], [54.27783, 24.36709], [54.27972, 24.36481], [54.28069, 24.36471], [54.28001, 24.36567], [54.28218, 24.36597], [54.28555, 24.36387], [54.28631, 24.36288]]}}, {"type": "Feature", "properties": {}, "geometry": {"type": "LineString", "coordinates": [[54.28288, 24.33083], [54.28256, 24.33236], [54.28115, 24.3326], [54.28128, 24.33337], [54.27999, 24.33463], [54.27943, 24.33462], [54.27898, 24.3359], [54.2791, 24.33693], [54.27797, 24.33691], [54.27771, 24.33613], [54.2763, 24.33649], [54.27515, 24.3375], [54.27121, 24.33795], [54.26982, 24.33754], [54.26983, 24.33702], [54.2711, 24.33653], [54.27155, 24.33551], [54.27322, 24.33593], [54.27352, 24.33529], [54.27689, 24.33522], [54.27719, 24.33433], [54.27803, 24.33421], [54.27932, 24.33308], [54.28005, 24.3318], [54.28146, 24.33157], [54.28147, 24.33106], [54.28288, 24.33083]]}}, {"type": "Feature", "properties": {}, "geometry": {"type": "LineString", "coordinates": [[54.26879, 24.33327], [54.26935, 24.33328], [54.26962, 24.33367], [54.2685, 24.33365], [54.26879, 24.33327]]}}, {"type": "Feature", "properties": {}, "geometry": {"type": "LineString", "coordinates": [[54.2512, 24.32188], [54.25086, 24.32269], [54.2459, 24.32707], [54.24541, 24.33041], [54.24066, 24.33598], [54.24122, 24.33599], [54.23791, 24.33953], [54.23762, 24.34004], [54.23775, 24.34081], [54.23888, 24.34045], [54.23917, 24.33981], [54.23959, 24.34008], [54.23914, 24.3411], [54.23716, 24.34183], [54.23714, 24.34286], [54.23543, 24.34386], [54.23542, 24.34463], [54.23034, 24.34582], [54.23035, 24.34531], [54.22923, 24.34529], [54.22921, 24.3458], [54.22752, 24.34616], [54.22553, 24.34728], [54.22565, 24.34831], [54.22493, 24.34907], [54.22069, 24.35139], [54.22009, 24.35207], [54.21967, 24.35337], [54.22002, 24.35473], [54.21881, 24.35523], [54.22408, 24.36176], [54.22359, 24.36178], [54.21854, 24.35548], [54.21833, 24.35589], [54.21698, 24.35645], [54.21663, 24.35722], [54.21437, 24.35698], [54.21048, 24.35536], [54.2091, 24.35431], [54.20326, 24.35163], [54.20188, 24.35057], [54.19867, 24.34901]]}}, {"type": "Feature", "properties": {}, "geometry": {"type": "LineString", "coordinates": [[54.19867, 24.34771], [54.21434, 24.35575], [54.21716, 24.35578], [54.2182, 24.35505], [54.20566, 24.34473], [54.20233, 24.34286], [54.20173, 24.3429], [54.19867, 24.34058]]}}, {"type": "Feature", "properties": {}, "geometry": {"type": "LineString", "coordinates": [[54.19867, 24.2936], [54.20032, 24.29181], [54.20262, 24.28521], [54.20377, 24.28335], [54.20437, 24.28156], [54.20506, 24.2812], [54.20583, 24.27927], [54.20726, 24.27801], [54.20729, 24.27673], [54.20818, 24.27443], [54.2099, 24.27266], [54.21135, 24.27063], [54.21165, 24.2696], [54.21337, 24.26784], [54.21298, 24.2668], [54.21523, 24.26645], [54.21721, 24.26546], [54.2215, 24.26168], [54.22207, 24.26156], [54.22208, 24.26105], [54.22406, 24.26044], [54.22492, 24.25943], [54.2269, 24.25882], [54.22663, 24.2583], [54.22944, 24.25797], [54.23084, 24.2587], [54.23601, 24.2587], [54.23758, 24.25732], [54.2374, 24.25691], [54.2378, 24.25718], [54.23956, 24.25564], [54.2392, 24.2553], [54.23973, 24.25548], [54.24139, 24.25406], [54.24109, 24.25367], [54.24156, 24.2539], [54.24329, 24.25247], [54.24303, 24.25211], [54.24349, 24.25234], [54.24508, 24.25102], [54.24548, 24.25111], [54.24546, 24.2517], [54.24494, 24.25175], [54.24197, 24.25386], [54.23855, 24.25682], [54.23908, 24.25706], [54.23839, 24.25695], [54.23636, 24.25873], [54.23735, 24.25946], [54.23937, 24.2599], [54.24037, 24.26049], [54.24159, 24.26198], [54.24264, 24.26444], [54.24281, 24.26579], [54.24516, 24.26845], [54.24532, 24.27092], [54.24627, 24.27258], [54.2468, 24.27256], [54.24649, 24.2741], [54.24704, 24.27424], [54.24866, 24.27722], [54.25034, 24.27777], [54.25032, 24.27828], [54.25536, 24.27902], [54.26101, 24.27732], [54.26726, 24.27357], [54.27093, 24.27248], [54.27094, 24.27197], [54.27462, 24.27075], [54.27463, 24.27023], [54.2766, 24.27001], [54.27661, 24.26924], [54.28056, 24.26841], [54.28364, 24.26846], [54.28532, 24.26888], [54.28545, 24.2694], [54.28642, 24.26967], [54.28669, 24.27032], [54.2892, 24.27088], [54.29832, 24.26773], [54.29875, 24.2685], [54.2973, 24.26901], [54.2967, 24.27079], [54.29334, 24.27633], [54.2924, 24.27906], [54.28924, 24.28209], [54.28628, 24.28597], [54.28498, 24.28709], [54.27716, 24.29842], [54.27543, 24.30046], [54.26557, 24.31069], [54.26531, 24.3105], [54.26547, 24.30747], [54.26711, 24.30701], [54.26795, 24.30426], [54.26789, 24.30303], [54.26681, 24.30236], [54.26597, 24.30236], [54.2648, 24.30331], [54.2644, 24.30452], [54.26447, 24.3065], [54.26527, 24.30736], [54.26056, 24.31113], [54.2571, 24.31544], [54.25454, 24.3172], [54.2515, 24.31994], [54.25273, 24.32157], [54.25184, 24.32101], [54.2512, 24.32188]]}}, {"type": "Feature", "properties": {}, "geometry": {"type": "LineString", "coordinates": [[54.2069, 24.36481], [54.20839, 24.36509], [54.21028, 24.36702], [54.21132, 24.36664], [54.21096, 24.36768], [54.21029, 24.36748], [54.21005, 24.36672], [54.20925, 24.36701], [54.20801, 24.36646], [54.20676, 24.36495], [54.20547, 24.36484], [54.20417, 24.36583], [54.20397, 24.36544], [54.20295, 24.36564], [54.20228, 24.36633], [54.20096, 24.36689], [54.20088, 24.37023], [54.20597, 24.37194], [54.20609, 24.37163], [54.2087, 24.37182], [54.20991, 24.37096], [54.21016, 24.37159], [54.20673, 24.37252], [54.20288, 24.37157], [54.19867, 24.36988]]}}, {"type": "Feature", "properties": {}, "geometry": {"type": "LineString", "coordinates": [[54.19867, 24.36694], [54.19928, 24.36634], [54.19978, 24.36664], [54.20296, 24.36525], [54.20455, 24.36507], [54.20579, 24.3645], [54.2069, 24.36481]]}}, {"type": "Feature", "properties": {}, "geometry": {"type": "LineString", "coordinates": [[54.22304, 24.24517], [54.22433, 24.24476], [54.22364, 24.24564], [54.22279, 24.24586], [54.22268, 24.2455], [54.22304, 24.24517]]}}, {"type": "Feature", "properties": {}, "geometry": {"type": "LineString", "coordinates": [[54.22197, 24.36745], [54.22495, 24.36785], [54.22512, 24.36853], [54.22392, 24.36895], [54.22334, 24.36876], [54.22405, 24.36872], [54.22367, 24.36833], [54.22303, 24.36827], [54.22226, 24.36869], [54.22101, 24.36852], [54.22059, 24.36893], [54.22034, 24.36846], [54.21878, 24.36832], [54.22197, 24.36745]]}}, {"type": "Feature", "properties": {}, "geometry": {"type": "LineString", "coordinates": [[54.22539, 24.24261], [54.22676, 24.24248], [54.22349, 24.24457], [54.22224, 24.2448], [54.22253, 24.24408], [54.22539, 24.24261]]}}, {"type": "Feature", "properties": {}, "geometry": {"type": "LineString", "coordinates": [[54.29941, 24.44516], [54.29987, 24.4437], [54.30069, 24.44414], [54.30142, 24.44403], [54.3029, 24.44356], [54.30386, 24.44241], [54.30464, 24.44249], [54.30395, 24.4425], [54.30306, 24.44365], [54.30087, 24.44422], [54.30061, 24.44557], [54.29993, 24.44584], [54.29941, 24.44516]]}}, {"type": "Feature", "properties": {}, "geometry": {"type": "LineString", "coordinates": [[54.27305, 24.37518], [54.27318, 24.3757], [54.272, 24.37641], [54.27305, 24.37518]]}}, {"type": "Feature", "properties": {}, "geometry": {"type": "LineString", "coordinates": [[54.30015, 24.24183], [54.2965, 24.24462], [54.29426, 24.24576], [54.29335, 24.24587], [54.29228, 24.24529], [54.29174, 24.24439], [54.29064, 24.24411], [54.28665, 24.24379], [54.27904, 24.24386], [54.27588, 24.24187], [54.27085, 24.24065], [54.26937, 24.23911], [54.26672, 24.23812], [54.2616, 24.23816], [54.2607, 24.23859], [54.25949, 24.23781], [54.26067, 24.23738], [54.26142, 24.23749], [54.2615, 24.23705], [54.26199, 24.23704], [54.26345, 24.23584], [54.26351, 24.23545], [54.26385, 24.23552], [54.26548, 24.23419], [54.26552, 24.23382], [54.26588, 24.23388], [54.26763, 24.23214], [54.26792, 24.23227], [54.26887, 24.2314], [54.26828, 24.23103], [54.26268, 24.23005], [54.25919, 24.22968], [54.25775, 24.22994], [54.2457, 24.23397], [54.24297, 24.23392], [54.23979, 24.2327]]}}, {"type": "Feature", "properties": {}, "geometry": {"type": "LineString", "coordinates": [[54.29932, 24.47685], [54.2998, 24.47687], [54.29981, 24.47725], [54.29944, 24.47732], [54.29169, 24.47279], [54.29117, 24.46203], [54.29024, 24.46199], [54.28882, 24.46125], [54.28652, 24.45883], [54.28729, 24.45746], [54.28628, 24.45554], [54.28662, 24.45442], [54.28593, 24.45256], [54.28828, 24.44861], [54.28867, 24.44701], [54.28838, 24.44562], [54.28704, 24.44341], [54.2861, 24.441], [54.28624, 24.44063], [54.28693, 24.44069], [54.28768, 24.44126], [54.28891, 24.44322], [54.28937, 24.44484], [54.29299, 24.44613], [54.29347, 24.44666], [54.29346, 24.44778], [54.29296, 24.44772], [54.292, 24.44956], [54.29215, 24.45001], [54.29179, 24.45015], [54.29092, 24.45208], [54.28988, 24.45635], [54.28979, 24.45895], [54.29109, 24.45891], [54.2913, 24.4568], [54.2925, 24.45265], [54.29453, 24.44872], [54.29573, 24.44785], [54.29722, 24.4474], [54.29871, 24.44782], [54.29987, 24.44879], [54.3004, 24.44845], [54.29934, 24.44824], [54.29962, 24.44799], [54.3013, 24.44833], [54.30112, 24.44886], [54.2993, 24.45022], [54.29827, 24.45173], [54.29665, 24.45314], [54.29539, 24.45511], [54.29504, 24.45614], [54.29522, 24.45654], [54.29339, 24.4599], [54.29184, 24.4613], [54.29179, 24.46193], [54.29214, 24.46209], [54.29159, 24.46205], [54.29142, 24.46243], [54.29142, 24.46277], [54.29233, 24.46338], [54.29324, 24.46306], [54.29142, 24.46368], [54.29178, 24.46976], [54.29284, 24.46975], [54.29514, 24.47284], [54.29422, 24.47412], [54.29932, 24.47685]]}}, {"type": "Feature", "properties": {}, "geometry": {"type": "LineString", "coordinates": [[54.27862, 24.34593], [54.27947, 24.34594], [54.27917, 24.34671], [54.27861, 24.3467], [54.27862, 24.34593]]}}, {"type": "Feature", "properties": {}, "geometry": {"type": "LineString", "coordinates": [[54.20683, 24.36803], [54.20737, 24.36906], [54.20677, 24.37085], [54.20499, 24.3706], [54.20482, 24.36979], [54.20542, 24.36838], [54.20683, 24.36803]]}}, {"type": "Feature", "properties": {}, "geometry": {"type": "LineString", "coordinates": [[54.28869, 24.32167], [54.28838, 24.32295], [54.28907, 24.32322], [54.28932, 24.32477], [54.289, 24.32682], [54.28796, 24.32937], [54.28458, 24.32996], [54.28373, 24.33046], [54.28148, 24.33029], [54.28151, 24.329], [54.28038, 24.32937], [54.27955, 24.32897], [54.27954, 24.32948], [54.27812, 24.33023], [54.27807, 24.33228], [54.27723, 24.33253], [54.2775, 24.33304], [54.27581, 24.33289], [54.27443, 24.33222], [54.27445, 24.33119], [54.27501, 24.3312], [54.27519, 24.32915], [54.27605, 24.32839], [54.2765, 24.32711], [54.27904, 24.32638], [54.27931, 24.32703], [54.28015, 24.32705], [54.28242, 24.32606], [54.28328, 24.32505], [54.28441, 24.32468], [54.28428, 24.32416], [54.28542, 24.32341], [54.28557, 24.3229], [54.28613, 24.32291], [54.28628, 24.3224], [54.28728, 24.32177], [54.28869, 24.32167]]}}, {"type": "Feature", "properties": {}, "geometry": {"type": "LineString", "coordinates": [[54.26069, 24.44273], [54.26132, 24.44265], [54.26133, 24.44292], [54.25867, 24.44368], [54.2586, 24.44324], [54.25781, 24.44314], [54.25776, 24.44208], [54.25875, 24.44167], [54.25893, 24.44106], [54.2589, 24.44136]]}}, {"type": "Feature", "properties": {}, "geometry": {"type": "LineString", "coordinates": [[54.49851, 24.38747], [54.49297, 24.38737], [54.49291, 24.38506], [54.50474, 24.38527], [54.50452, 24.38745], [54.49899, 24.38741], [54.4998, 24.39008], [54.50343, 24.39026], [54.5035, 24.39172], [54.50419, 24.39192], [54.51088, 24.39221], [54.51423, 24.392], [54.5148, 24.3923], [54.51687, 24.39166], [54.51729, 24.38816], [54.51785, 24.38649], [54.52157, 24.38652], [54.52191, 24.38549], [54.52172, 24.38473], [54.51755, 24.38454], [54.51746, 24.38363], [54.51701, 24.38336], [54.51213, 24.38337], [54.5121, 24.38459], [54.50624, 24.38401], [54.50615, 24.38326], [54.50568, 24.38298], [54.50149, 24.38289], [54.50102, 24.38304], [54.501, 24.38397], [54.49474, 24.38367], [54.49431, 24.38275], [54.49383, 24.38253], [54.48958, 24.38238], [54.48904, 24.38259], [54.48882, 24.38346], [54.48318, 24.38324], [54.48278, 24.38222], [54.48069, 24.38206], [54.47776, 24.38207], [54.47738, 24.38307], [54.47165, 24.38269], [54.47132, 24.38338], [54.46834, 24.38263], [54.46836, 24.38229], [54.4669, 24.38111], [54.46633, 24.37897], [54.46642, 24.37579], [54.46673, 24.37536], [54.46644, 24.37527], [54.46682, 24.3672], [54.46718, 24.36703], [54.46681, 24.36664], [54.46691, 24.3643], [54.46504, 24.3642], [54.46506, 24.36308], [54.46427, 24.36306], [54.46421, 24.36414], [54.46264, 24.36403], [54.46043, 24.35697], [54.46106, 24.35678], [54.46102, 24.35637], [54.46021, 24.35622], [54.45979, 24.35486], [54.46027, 24.35426], [54.4594, 24.35421], [54.46029, 24.35409], [54.45942, 24.35382], [54.4603, 24.35372], [54.4597, 24.35336], [54.45917, 24.35211], [54.45811, 24.34704], [54.45667, 24.34363], [54.45674, 24.34192], [54.45745, 24.34193], [54.45736, 24.33792], [54.45765, 24.33779], [54.45735, 24.33778], [54.45739, 24.33687], [54.45769, 24.33688], [54.45783, 24.3362], [54.45748, 24.33605], [54.45812, 24.33507], [54.45843, 24.33524], [54.45878, 24.33414], [54.45915, 24.33412], [54.45843, 24.33376], [54.45884, 24.33314], [54.45966, 24.33332]]}}, {"type": "Feature", "properties": {}, "geometry": {"type": "LineString", "coordinates": [[54.34484, 24.37697], [54.34533, 24.37849], [54.3458, 24.37887], [54.34726, 24.37805], [54.34952, 24.3782], [54.34981, 24.37855], [54.34722, 24.37859], [54.34558, 24.37928], [54.34584, 24.3796], [54.3476, 24.37907], [54.3475, 24.37933], [54.34824, 24.37977], [54.34997, 24.37938], [54.34929, 24.37985], [54.34941, 24.38081], [54.35005, 24.38083], [54.34923, 24.38113], [54.34899, 24.38236], [54.34959, 24.38269], [54.34905, 24.3832], [54.34859, 24.3834], [54.3483, 24.38311], [54.34854, 24.38219], [54.3473, 24.38134], [54.34553, 24.38055], [54.34374, 24.38054], [54.34305, 24.37908], [54.34222, 24.37822], [54.34436, 24.37744], [54.34481, 24.37665], [54.34445, 24.3749], [54.34354, 24.37335], [54.34268, 24.37285], [54.34031, 24.37417], [54.3397, 24.3744], [54.33958, 24.37417], [54.3427, 24.37161], [54.34455, 24.37087], [54.34467, 24.37109], [54.34367, 24.37128], [54.34292, 24.37201], [54.34495, 24.37564], [54.34528, 24.37575], [54.34484, 24.37697]]}}, {"type": "Feature", "properties": {}, "geometry": {"type": "LineString", "coordinates": [[54.40534, 24.32652], [54.40629, 24.32672], [54.40404, 24.32716], [54.40363, 24.32766], [54.40398, 24.32833], [54.4056, 24.32843], [54.40691, 24.32771], [54.40719, 24.32814], [54.40685, 24.32962], [54.40522, 24.33134], [54.40422, 24.33191], [54.40255, 24.33213], [54.40138, 24.33178], [54.39947, 24.32999], [54.39905, 24.32867], [54.39931, 24.32693], [54.39999, 24.327], [54.40054, 24.32784], [54.40126, 24.32788], [54.40534, 24.32652]]}}, {"type": "Feature", "properties": {}, "geometry": {"type": "LineString", "coordinates": [[54.30782, 24.43866], [54.30811, 24.43892], [54.30809, 24.44003], [54.30858, 24.44008], [54.30828, 24.44122], [54.30844, 24.44242], [54.30896, 24.44254], [54.3087, 24.44299], [54.3094, 24.4453], [54.30923, 24.4457], [54.30837, 24.44652], [54.30404, 24.44635], [54.30293, 24.44492], [54.30525, 24.44271], [54.30649, 24.43892], [54.30782, 24.43866]]}}, {"type": "Feature", "properties": {}, "geometry": {"type": "LineString", "coordinates": [[54.33155, 24.38117], [54.3325, 24.38104], [54.33328, 24.38151], [54.33277, 24.38166], [54.333, 24.38218], [54.33224, 24.38231], [54.33234, 24.38277], [54.33305, 24.3829], [54.33307, 24.3832], [54.33173, 24.38394], [54.33167, 24.38452], [54.33219, 24.3855], [54.33113, 24.38419], [54.32924, 24.38405], [54.32887, 24.38428], [54.3287, 24.3853], [54.3296, 24.38629], [54.32856, 24.38543], [54.32875, 24.38357], [54.32817, 24.38252], [54.3256, 24.38259], [54.32344, 24.3853], [54.32401, 24.38736], [54.32472, 24.38783], [54.32298, 24.38936], [54.32318, 24.39008], [54.32419, 24.39093], [54.32287, 24.39011], [54.32328, 24.38527], [54.32542, 24.38219], [54.33001, 24.37914], [54.33244, 24.37809], [54.33391, 24.37806], [54.33544, 24.37712], [54.33401, 24.38067], [54.33411, 24.37894], [54.33289, 24.3783], [54.33095, 24.37894], [54.32775, 24.38076], [54.32834, 24.38215], [54.33155, 24.38117]]}}, {"type": "Feature", "properties": {}, "geometry": {"type": "LineString", "coordinates": [[54.31506, 24.43666], [54.31711, 24.43643], [54.31656, 24.43932], [54.31694, 24.44101], [54.31685, 24.44332], [54.31597, 24.44536], [54.31484, 24.44689], [54.31301, 24.44583], [54.31265, 24.44273], [54.31138, 24.4373], [54.31195, 24.43646], [54.31257, 24.43631], [54.31506, 24.43666]]}}, {"type": "Feature", "properties": {}, "geometry": {"type": "LineString", "coordinates": [[54.30488, 24.42287], [54.30536, 24.42287], [54.30328, 24.4232], [54.30367, 24.42297], [54.30328, 24.42274], [54.3035, 24.42242], [54.3032, 24.42228], [54.30277, 24.4227], [54.30304, 24.42227], [54.30279, 24.42088], [54.30324, 24.4206], [54.30253, 24.4205], [54.30167, 24.41896], [54.3019, 24.41781], [54.30319, 24.41747], [54.30512, 24.41836], [54.30365, 24.41863], [54.30391, 24.41935], [54.3049, 24.41905], [54.30391, 24.41963], [54.30449, 24.42172], [54.30566, 24.42185], [54.3046, 24.42194], [54.30547, 24.42207], [54.30573, 24.42243], [54.30496, 24.42231]]}}, {"type": "Feature", "properties": {}, "geometry": {"type": "LineString", "coordinates": [[54.37303, 24.25388], [54.32546, 24.24258], [54.3049, 24.23985], [54.28758, 24.238], [54.2872, 24.23815], [54.28683, 24.2391], [54.28699, 24.24009], [54.2876, 24.24037], [54.30015, 24.24183]]}}, {"type": "Feature", "properties": {}, "geometry": {"type": "LineString", "coordinates": [[54.42772, 24.30369], [54.42877, 24.30314], [54.42795, 24.30638], [54.42642, 24.30908], [54.42496, 24.3104], [54.42305, 24.31035], [54.4224, 24.30927], [54.42214, 24.30744], [54.42772, 24.30369]]}}, {"type": "Feature", "properties": {}, "geometry": {"type": "LineString", "coordinates": [[54.32622, 24.42708], [54.32654, 24.42488], [54.32632, 24.4246], [54.3267, 24.42432], [54.32737, 24.41988], [54.32718, 24.4182], [54.32761, 24.41805], [54.32821, 24.41657], [54.32934, 24.41652], [54.3307, 24.41536], [54.33071, 24.41567], [54.33137, 24.41574], [54.33423, 24.41491], [54.33444, 24.41531], [54.33639, 24.41482], [54.33782, 24.41566], [54.34107, 24.4161], [54.34462, 24.41532], [54.34593, 24.41466], [54.3468, 24.4133], [54.34956, 24.41214], [54.34931, 24.41121], [54.34809, 24.41122], [54.34806, 24.41096], [54.34933, 24.41102], [54.34982, 24.41235], [54.35029, 24.41245], [54.35515, 24.41116], [54.35539, 24.41054], [54.35621, 24.41081], [54.35905, 24.40993], [54.36399, 24.40669], [54.37492, 24.40283], [54.37628, 24.40114], [54.37635, 24.39983], [54.38106, 24.39723], [54.38104, 24.39618], [54.38271, 24.39645], [54.38383, 24.39229], [54.38365, 24.38724], [54.38315, 24.38431]]}}, {"type": "Feature", "properties": {}, "geometry": {"type": "LineString", "coordinates": [[54.48261, 24.38461], [54.48661, 24.38485], [54.48673, 24.38596], [54.4882, 24.38622], [54.48812, 24.38731], [54.48476, 24.38682], [54.48268, 24.38556], [54.48261, 24.38461]]}}, {"type": "Feature", "properties": {}, "geometry": {"type": "LineString", "coordinates": [[54.41389, 24.34907], [54.41359, 24.35009], [54.41302, 24.35008], [54.41301, 24.35059], [54.41245, 24.35058], [54.41158, 24.35211], [54.41045, 24.35235], [54.40781, 24.35796], [54.40725, 24.35796], [54.40581, 24.35973], [54.40468, 24.3601], [54.40271, 24.36006], [54.40188, 24.35941], [54.40191, 24.35786], [54.40291, 24.35711], [54.40306, 24.3566], [54.4042, 24.35597], [54.40561, 24.35574], [54.40604, 24.3551], [54.40874, 24.35386], [54.40961, 24.35234], [54.41017, 24.35235], [54.41018, 24.35183], [54.41074, 24.35184], [54.4119, 24.35032], [54.41246, 24.35033], [54.41332, 24.34918], [54.41389, 24.34907]]}}, {"type": "Feature", "properties": {}, "geometry": {"type": "LineString", "coordinates": [[54.41936, 24.31589], [54.41987, 24.31604], [54.42014, 24.31707], [54.4186, 24.32054], [54.41787, 24.32102], [54.41707, 24.32082], [54.41564, 24.32135], [54.41394, 24.32075], [54.41393, 24.32016], [54.41486, 24.31857], [54.41629, 24.31766], [54.41765, 24.31769], [54.41936, 24.31589]]}}, {"type": "Feature", "properties": {}, "geometry": {"type": "LineString", "coordinates": [[54.31528, 24.39211], [54.31664, 24.3917], [54.31716, 24.39242], [54.31841, 24.39305], [54.31524, 24.39246], [54.31528, 24.39211]]}}, {"type": "Feature", "properties": {}, "geometry": {"type": "LineString", "coordinates": [[54.44314, 24.34694], [54.44136, 24.34105], [54.4403, 24.33285], [54.44095, 24.33208], [54.44417, 24.331], [54.44459, 24.32934], [54.44434, 24.3285], [54.44096, 24.32649], [54.43826, 24.3241], [54.43656, 24.32313], [54.43545, 24.31843], [54.43451, 24.31669], [54.43311, 24.31538], [54.43151, 24.31436], [54.42901, 24.31356], [54.42398, 24.31332], [54.42269, 24.31268], [54.42279, 24.31226], [54.4248, 24.31181], [54.42853, 24.30949], [54.42966, 24.30811], [54.43006, 24.3082], [54.43185, 24.31188], [54.43358, 24.3145], [54.43661, 24.31792], [54.44243, 24.32554], [54.44462, 24.32675], [54.44598, 24.3295], [54.44694, 24.33056], [54.4603, 24.37436], [54.46133, 24.38124], [54.46039, 24.38554], [54.45838, 24.38942], [54.45845, 24.39039], [54.45766, 24.39092], [54.41894, 24.40378], [54.41663, 24.40296], [54.4161, 24.40395], [54.41672, 24.40428], [54.4165, 24.40476]]}}, {"type": "Feature", "properties": {}, "geometry": {"type": "LineString", "coordinates": [[54.43162, 24.28874], [54.4348, 24.29027], [54.4395, 24.29763], [54.44174, 24.29936], [54.44463, 24.30284], [54.4452, 24.3053], [54.44582, 24.31191], [54.44637, 24.31228], [54.45143, 24.31322], [54.44641, 24.31251], [54.44575, 24.31215], [54.44537, 24.31133], [54.44512, 24.30615], [54.44461, 24.30315], [54.44165, 24.29947], [54.43944, 24.29781], [54.43468, 24.2904], [54.43012, 24.28841], [54.42725, 24.29117], [54.42691, 24.29258], [54.42658, 24.29279], [54.42632, 24.29148], [54.42968, 24.2885], [54.42976, 24.28807], [54.41909, 24.27822], [54.41688, 24.27676], [54.41528, 24.27522], [54.41212, 24.27395], [54.41019, 24.27238], [54.40853, 24.27449], [54.407, 24.27707], [54.40733, 24.2769], [54.40726, 24.27717], [54.40545, 24.27955], [54.38869, 24.27179], [54.38838, 24.27123], [54.3889, 24.27006], [54.38925, 24.26998], [54.38853, 24.27108], [54.38867, 24.27151], [54.39075, 24.2711], [54.39272, 24.27203], [54.39429, 24.27169], [54.39714, 24.27178], [54.39908, 24.27273], [54.40147, 24.27455], [54.40538, 24.27557], [54.40597, 24.27517], [54.4058, 24.27418], [54.40756, 24.27488], [54.40864, 24.27405], [54.40983, 24.27229], [54.40391, 24.26976], [54.39861, 24.26656], [54.39344, 24.26503], [54.38828, 24.2625], [54.39427, 24.26514], [54.39477, 24.26452], [54.39454, 24.26522], [54.39838, 24.26629], [54.40441, 24.26977], [54.40992, 24.27195], [54.41033, 24.27176], [54.41018, 24.27214], [54.41184, 24.27355], [54.41541, 24.27503], [54.42076, 24.27929], [54.42865, 24.2869], [54.42967, 24.28601], [54.42894, 24.28713], [54.42961, 24.28779], [54.43011, 24.28808], [54.43179, 24.2877], [54.43042, 24.28824], [54.43162, 24.28874]]}}, {"type": "Feature", "properties": {}, "geometry": {"type": "LineString", "coordinates": [[54.48794, 24.30372], [54.48745, 24.30345], [54.47454, 24.30349], [54.45111, 24.30285], [54.44928, 24.30265], [54.45026, 24.3026], [54.45044, 24.30198], [54.44873, 24.30181], [54.44897, 24.30252], [54.44852, 24.30255], [54.44714, 24.30184], [54.44689, 24.30097], [54.44515, 24.29875], [54.44441, 24.2979], [54.4437, 24.29765], [54.44378, 24.29703], [54.44329, 24.29634], [54.44152, 24.29468], [54.43725, 24.28872], [54.43503, 24.28715], [54.43552, 24.28666], [54.43496, 24.28617], [54.43445, 24.28666], [54.43311, 24.28558], [54.43314, 24.28514], [54.43213, 24.28483], [54.41583, 24.2717], [54.391, 24.26], [54.3853, 24.25696], [54.37303, 24.25388]]}}, {"type": "Feature", "properties": {}, "geometry": {"type": "LineString", "coordinates": [[54.47899, 24.38861], [54.48054, 24.38919], [54.4814, 24.39047], [54.48114, 24.39157], [54.48037, 24.39215], [54.47814, 24.39078], [54.47799, 24.38896], [54.47899, 24.38861]]}}, {"type": "Feature", "properties": {}, "geometry": {"type": "LineString", "coordinates": [[54.37133, 24.42899], [54.3716, 24.42923], [54.37428, 24.42838], [54.37453, 24.42723], [54.3746, 24.42776], [54.37567, 24.42778], [54.37901, 24.42651], [54.38091, 24.42511], [54.38065, 24.42442], [54.38108, 24.42456], [54.38103, 24.42425], [54.38205, 24.42378], [54.38288, 24.42489], [54.3835, 24.42451], [54.38286, 24.42343], [54.38326, 24.42324], [54.38384, 24.42475], [54.38136, 24.42557], [54.38162, 24.42642], [54.3873, 24.42441], [54.3904, 24.42155], [54.38954, 24.4218], [54.38911, 24.42133], [54.38931, 24.42087], [54.39032, 24.42043], [54.39101, 24.42161], [54.39178, 24.42157], [54.39183, 24.42014], [54.39256, 24.42133]]}}, {"type": "Feature", "properties": {}, "geometry": {"type": "LineString", "coordinates": [[54.30094, 24.4586], [54.30213, 24.45568], [54.30279, 24.45494], [54.30351, 24.45485], [54.30321, 24.45555], [54.30272, 24.45548], [54.30291, 24.4561], [54.30142, 24.45859], [54.30094, 24.4586]]}}, {"type": "Feature", "properties": {}, "geometry": {"type": "LineString", "coordinates": [[54.32457, 24.45782], [54.32584, 24.45747], [54.32621, 24.45676], [54.32668, 24.4566], [54.32649, 24.45611], [54.32229, 24.45627], [54.32175, 24.45597], [54.32146, 24.45503], [54.32301, 24.45439], [54.32468, 24.45516], [54.32523, 24.45451], [54.32568, 24.45452], [54.32524, 24.45429], [54.32514, 24.45374], [54.32299, 24.45364], [54.3207, 24.45437], [54.31884, 24.45375], [54.31748, 24.45215], [54.31688, 24.45086], [54.31823, 24.45059], [54.32072, 24.45102], [54.32155, 24.45071], [54.32332, 24.4511], [54.32551, 24.44964], [54.32678, 24.44973], [54.32748, 24.45053], [54.32747, 24.45148], [54.32852, 24.45173], [54.32905, 24.4525], [54.32886, 24.45304], [54.32806, 24.4536], [54.32608, 24.45415], [54.32636, 24.45522], [54.32639, 24.45485], [54.32778, 24.45481], [54.32799, 24.45457], [54.32772, 24.45428], [54.32833, 24.45471], [54.32804, 24.45567], [54.32685, 24.45621], [54.32783, 24.45706], [54.3284, 24.45686], [54.32841, 24.45621], [54.3288, 24.45583], [54.32874, 24.45462], [54.32939, 24.45462], [54.33183, 24.45302], [54.33392, 24.45293], [54.33445, 24.45337], [54.33731, 24.45386], [54.338, 24.45374], [54.33815, 24.45321]]}}, {"type": "Feature", "properties": {}, "geometry": {"type": "LineString", "coordinates": [[54.32925, 24.48762], [54.32981, 24.48787], [54.33515, 24.50151], [54.33807, 24.50592], [54.3398, 24.50778], [54.35544, 24.52072], [54.33919, 24.50751], [54.33791, 24.50606], [54.33617, 24.50365], [54.33403, 24.49956], [54.32925, 24.48762]]}}, {"type": "Feature", "properties": {}, "geometry": {"type": "LineString", "coordinates": [[54.45041, 24.50612], [54.44966, 24.50638], [54.44801, 24.50377], [54.44867, 24.50437], [54.44934, 24.50441], [54.45175, 24.50321], [54.45188, 24.50214], [54.45217, 24.50205], [54.45254, 24.50413], [54.45011, 24.50505], [54.45046, 24.50561], [54.45188, 24.50508], [54.45155, 24.50567], [54.45041, 24.50612]]}}, {"type": "Feature", "properties": {}, "geometry": {"type": "LineString", "coordinates": [[54.47604, 24.48395], [54.47423, 24.48395], [54.47368, 24.48247], [54.47448, 24.47875], [54.47515, 24.47744], [54.47869, 24.47593], [54.47934, 24.47597], [54.48327, 24.47393], [54.48458, 24.47367], [54.48553, 24.47391], [54.48602, 24.47492], [54.48547, 24.47701], [54.48352, 24.48039], [54.4801, 24.483], [54.47604, 24.48395]]}}, {"type": "Feature", "properties": {}, "geometry": {"type": "LineString", "coordinates": [[54.57066, 24.49964], [54.57206, 24.50299], [54.57308, 24.50742], [54.57385, 24.50885], [54.5737, 24.50921], [54.56362, 24.51065], [54.55925, 24.5117], [54.55901, 24.51099], [54.55784, 24.51131], [54.55806, 24.51205], [54.55475, 24.51301], [54.55446, 24.51222], [54.55053, 24.51275], [54.54294, 24.515], [54.53317, 24.51914], [54.53112, 24.51929], [54.53093, 24.52007], [54.52678, 24.51993], [54.52653, 24.51936], [54.51963, 24.5217], [54.51744, 24.5221], [54.51792, 24.52103], [54.51986, 24.51998], [54.52734, 24.51778], [54.52761, 24.51736], [54.52845, 24.51743], [54.53094, 24.51495], [54.53301, 24.51482], [54.53432, 24.51443], [54.53467, 24.51354], [54.54018, 24.51236], [54.54105, 24.51182], [54.5428, 24.50918], [54.54396, 24.50829], [54.54423, 24.50849], [54.54852, 24.50718], [54.5489, 24.50654], [54.55008, 24.50607], [54.55141, 24.5063], [54.56736, 24.50135], [54.57049, 24.50015], [54.57038, 24.49949], [54.57066, 24.49964]]}}, {"type": "Feature", "properties": {}, "geometry": {"type": "LineString", "coordinates": [[54.59045, 24.46094], [54.59101, 24.4558], [54.59202, 24.45422], [54.59317, 24.45345], [54.59363, 24.45349], [54.59345, 24.45549], [54.595, 24.45706], [54.59992, 24.45787], [54.60028, 24.45646], [54.6009, 24.45659], [54.60055, 24.45801], [54.60088, 24.4581], [54.60123, 24.4576], [54.60438, 24.45863], [54.60484, 24.4584], [54.60455, 24.45951], [54.6063, 24.46011], [54.60773, 24.45949], [54.60817, 24.45862], [54.60808, 24.45773], [54.60836, 24.45768], [54.60955, 24.45954], [54.60982, 24.4607]]}}, {"type": "Feature", "properties": {}, "geometry": {"type": "LineString", "coordinates": [[54.45966, 24.33332], [54.46093, 24.33327], [54.46081, 24.3319], [54.46104, 24.3319], [54.46063, 24.33093], [54.45949, 24.33095], [54.45589, 24.33378], [54.45463, 24.33399], [54.45231, 24.32629], [54.4525, 24.32606], [54.4522, 24.32594], [54.45243, 24.32579], [54.45164, 24.32554], [54.45065, 24.32236], [54.45064, 24.32102], [54.45112, 24.32088], [54.45139, 24.31968], [54.45126, 24.31853], [54.45241, 24.3169], [54.45374, 24.31553], [54.45693, 24.31396], [54.45845, 24.3135], [54.46512, 24.31354], [54.46467, 24.31473], [54.46781, 24.31484], [54.46791, 24.31522], [54.46835, 24.31523], [54.46855, 24.31484], [54.46962, 24.31487], [54.46964, 24.31398], [54.47428, 24.31402], [54.47428, 24.31432], [54.47559, 24.31461], [54.47667, 24.3143], [54.48601, 24.31469], [54.48623, 24.31497], [54.48671, 24.31457], [54.48926, 24.31479], [54.48965, 24.31594], [54.49291, 24.31611], [54.49363, 24.31606], [54.49403, 24.31495], [54.51497, 24.3157], [54.51418, 24.3144], [54.49651, 24.31402], [54.49576, 24.31373], [54.48914, 24.31348], [54.48787, 24.3126], [54.48778, 24.3119], [54.48794, 24.30372]]}}, {"type": "Feature", "properties": {}, "geometry": {"type": "LineString", "coordinates": [[54.52078, 24.52651], [54.5218, 24.52793], [54.52527, 24.53084], [54.52785, 24.53385], [54.52843, 24.53395], [54.52968, 24.53284], [54.53077, 24.53298], [54.53232, 24.53352], [54.53348, 24.53464], [54.53557, 24.53545], [54.53696, 24.53696], [54.53616, 24.53894], [54.53363, 24.54241], [54.5336, 24.54343], [54.53231, 24.54376], [54.52833, 24.54312], [54.52509, 24.5439], [54.52244, 24.54524], [54.52342, 24.54344], [54.52164, 24.54148], [54.52093, 24.53998], [54.51962, 24.53974], [54.5175, 24.54097], [54.51741, 24.54137], [54.518, 24.54193], [54.51954, 24.54205], [54.51906, 24.54238], [54.51772, 24.54209], [54.51654, 24.54083], [54.51607, 24.53954], [54.51641, 24.5372], [54.51535, 24.53396], [54.51536, 24.53296], [54.51465, 24.53167], [54.51527, 24.5323], [54.51581, 24.53222], [54.51598, 24.53117], [54.51566, 24.52986], [54.51774, 24.52701], [54.5197, 24.52683], [54.52104, 24.52605], [54.52078, 24.52651]]}}, {"type": "Feature", "properties": {}, "geometry": {"type": "LineString", "coordinates": [[54.42623, 24.50758], [54.42654, 24.506], [54.4281, 24.50431], [54.43218, 24.50416], [54.43368, 24.50351], [54.43447, 24.50375], [54.43619, 24.50333], [54.43679, 24.50391], [54.43609, 24.50452], [54.43622, 24.50513], [54.43435, 24.50573], [54.43459, 24.50614], [54.43353, 24.50771], [54.43178, 24.50712], [54.43156, 24.50751], [54.43202, 24.5085], [54.43126, 24.50755], [54.42999, 24.50696], [54.4292, 24.50741], [54.42877, 24.50687], [54.42799, 24.50741], [54.42725, 24.5074], [54.42698, 24.50796], [54.42623, 24.50758]]}}, {"type": "Feature", "properties": {}, "geometry": {"type": "LineString", "coordinates": [[54.51576, 24.5776], [54.51783, 24.57692], [54.51854, 24.57599], [54.51904, 24.57431], [54.52052, 24.57346], [54.52159, 24.57194], [54.52219, 24.57191], [54.52329, 24.57071], [54.52516, 24.56997], [54.52609, 24.56753], [54.53156, 24.56596], [54.53333, 24.56433], [54.54025, 24.56055], [54.53884, 24.55997], [54.54074, 24.56044], [54.5428, 24.56005], [54.54586, 24.56169], [54.54869, 24.56375], [54.55001, 24.56408], [54.55248, 24.56398], [54.55557, 24.56352], [54.55991, 24.56228], [54.56251, 24.56095], [54.56596, 24.55978], [54.56772, 24.55822], [54.56976, 24.55726], [54.57147, 24.55758], [54.57206, 24.55832], [54.57094, 24.55847], [54.56947, 24.55959], [54.56961, 24.56078], [54.57105, 24.5614], [54.56854, 24.56548], [54.56845, 24.56648], [54.56886, 24.56697], [54.57664, 24.56713], [54.57733, 24.56631], [54.5794, 24.56641], [54.57982, 24.56547], [54.58201, 24.56422], [54.58434, 24.564], [54.58727, 24.56663], [54.58824, 24.56717], [54.59075, 24.56762], [54.59094, 24.56796], [54.59045, 24.56894], [54.58957, 24.56934], [54.58118, 24.56919], [54.57989, 24.56831], [54.5784, 24.56846], [54.57743, 24.5679], [54.5755, 24.56771], [54.56864, 24.56774], [54.56732, 24.56823], [54.56512, 24.56786], [54.56236, 24.56925], [54.56142, 24.56916], [54.56073, 24.56953], [54.56066, 24.56907], [54.55988, 24.56872], [54.55762, 24.56836], [54.55611, 24.56905], [54.55485, 24.57112], [54.55483, 24.57197], [54.55343, 24.57241], [54.55356, 24.57303], [54.5525, 24.57362], [54.55165, 24.57357], [54.54711, 24.57169], [54.54006, 24.57322], [54.53531, 24.57284], [54.53407, 24.57334], [54.53347, 24.57466], [54.53161, 24.57574], [54.52575, 24.57686], [54.52407, 24.57674], [54.52346, 24.57708], [54.51763, 24.57793], [54.51648, 24.57844], [54.51561, 24.57824], [54.51576, 24.5776]]}}, {"type": "Feature", "properties": {}, "geometry": {"type": "LineString", "coordinates": [[54.47179, 24.51033], [54.47227, 24.50869], [54.47163, 24.50775], [54.47229, 24.50728], [54.47256, 24.50658], [54.47215, 24.50262], [54.47074, 24.50432], [54.47075, 24.50578], [54.46995, 24.50726], [54.46981, 24.50834], [54.46831, 24.5095], [54.46628, 24.51293], [54.46441, 24.51121], [54.46498, 24.50989], [54.46466, 24.50981], [54.4646, 24.50932], [54.46523, 24.50911], [54.46582, 24.50832], [54.46647, 24.5059], [54.46918, 24.50292], [54.46833, 24.50213], [54.46828, 24.50026], [54.46962, 24.49834], [54.4693, 24.49737], [54.47009, 24.49463], [54.46925, 24.49443], [54.47092, 24.49422], [54.4708, 24.49387], [54.47139, 24.49369], [54.47147, 24.49461], [54.47214, 24.49498], [54.47236, 24.49678], [54.47521, 24.50298], [54.47472, 24.50392], [54.47468, 24.50324], [54.47438, 24.5033], [54.47346, 24.5015], [54.47319, 24.50017], [54.47264, 24.50103], [54.47248, 24.50266], [54.47278, 24.50517], [54.47356, 24.50627], [54.4729, 24.50734], [54.47274, 24.51009], [54.47179, 24.51033]]}}, {"type": "Feature", "properties": {}, "geometry": {"type": "LineString", "coordinates": [[54.47507, 24.4985], [54.47473, 24.49691], [54.47563, 24.49672], [54.47626, 24.49535], [54.4737, 24.49356], [54.4735, 24.49305], [54.47447, 24.49275], [54.47719, 24.49073], [54.4789, 24.49059], [54.48233, 24.48957], [54.48357, 24.48948], [54.4845, 24.49006], [54.48378, 24.49065], [54.4833, 24.49032], [54.48146, 24.49091], [54.48135, 24.49164], [54.47983, 24.49242], [54.4796, 24.494], [54.47655, 24.49663], [54.47601, 24.4977], [54.47507, 24.4985]]}}, {"type": "Feature", "properties": {}, "geometry": {"type": "LineString", "coordinates": [[54.49716, 24.54741], [54.49918, 24.54717], [54.49716, 24.54741]]}}, {"type": "Feature", "properties": {}, "geometry": {"type": "LineString", "coordinates": [[54.50042, 24.54295], [54.50105, 24.54315], [54.50263, 24.54263], [54.50312, 24.54307], [54.50196, 24.54496], [54.50132, 24.54539], [54.50111, 24.54511], [54.50055, 24.54526], [54.50026, 24.54641], [54.5005, 24.54656], [54.50124, 24.5463], [54.50206, 24.54516], [54.50117, 24.54652], [54.49934, 24.54708], [54.50013, 24.54647], [54.50082, 24.54408], [54.50042, 24.54295]]}}, {"type": "Feature", "properties": {}, "geometry": {"type": "LineString", "coordinates": [[54.50906, 24.54639], [54.50932, 24.54596], [54.51035, 24.54578], [54.5108, 24.54518], [54.51248, 24.54428], [54.51384, 24.54371], [54.51437, 24.54394], [54.51373, 24.54673], [54.5122, 24.54703], [54.51211, 24.54643], [54.51149, 24.54624], [54.50992, 24.5466], [54.50906, 24.54639]]}}, {"type": "Feature", "properties": {}, "geometry": {"type": "LineString", "coordinates": [[54.44578, 24.46616], [54.44608, 24.46646], [54.44319, 24.46728], [54.443, 24.46699], [54.44578, 24.46616]]}}, {"type": "Feature", "properties": {}, "geometry": {"type": "LineString", "coordinates": [[54.48563, 24.50138], [54.48689, 24.5008], [54.48823, 24.50143], [54.48856, 24.50242], [54.48923, 24.50291], [54.49393, 24.50384], [54.49753, 24.50029], [54.49832, 24.50033], [54.49747, 24.4992], [54.4985, 24.49765], [54.50008, 24.49705], [54.50073, 24.49775], [54.5012, 24.49933], [54.50099, 24.50093], [54.50045, 24.50107], [54.49865, 24.50009], [54.49856, 24.50035], [54.50015, 24.50127], [54.49923, 24.50252], [54.49976, 24.50315], [54.5014, 24.5017], [54.50836, 24.49724], [54.5128, 24.49388], [54.51297, 24.49292], [54.50566, 24.4917], [54.50571, 24.49142], [54.50923, 24.492], [54.5096, 24.4918], [54.50956, 24.49206], [54.51446, 24.49287], [54.51485, 24.49268], [54.5148, 24.49294], [54.51968, 24.49374], [54.52007, 24.49355], [54.52002, 24.49381], [54.52296, 24.4943], [54.52341, 24.49352], [54.52312, 24.49165], [54.52408, 24.48926], [54.52436, 24.48678], [54.52689, 24.48292], [54.5314, 24.48293], [54.5314, 24.48094], [54.52992, 24.48093], [54.52951, 24.48049], [54.53069, 24.47957], [54.53164, 24.48001], [54.532, 24.48057], [54.53194, 24.48375], [54.53327, 24.49631], [54.53302, 24.49659], [54.53235, 24.49648], [54.53222, 24.49614], [54.5279, 24.49541], [54.52682, 24.49645], [54.52575, 24.49656], [54.52362, 24.49532], [54.52309, 24.49462], [54.51546, 24.49335], [54.51443, 24.49895], [54.51016, 24.513], [54.50951, 24.51411], [54.50504, 24.51679], [54.50311, 24.52097], [54.50302, 24.52193], [54.50219, 24.52302], [54.50074, 24.52406], [54.49954, 24.52568], [54.49961, 24.52592], [54.50211, 24.52542], [54.51063, 24.52293], [54.50741, 24.52162], [54.50865, 24.52046], [54.5097, 24.51801], [54.51168, 24.51829], [54.51521, 24.51943], [54.51588, 24.52018], [54.515, 24.5199], [54.51508, 24.52104], [54.51593, 24.52124], [54.51512, 24.52147], [54.5151, 24.52182], [54.51733, 24.52127], [54.5169, 24.52236], [54.51575, 24.52271], [54.5155, 24.52313], [54.51366, 24.52356], [54.51315, 24.52431], [54.51254, 24.52399], [54.50336, 24.5269], [54.50149, 24.52789], [54.50109, 24.52842], [54.50132, 24.52898], [54.50107, 24.52965], [54.4988, 24.53413], [54.49916, 24.53452], [54.49877, 24.53497], [54.49991, 24.53544], [54.50119, 24.53526], [54.50088, 24.53388], [54.5016, 24.53415], [54.50189, 24.53392], [54.50177, 24.53467], [54.5006, 24.53647], [54.49581, 24.54136], [54.49616, 24.54212], [54.49571, 24.54213], [54.49527, 24.54158], [54.49653, 24.54068], [54.501, 24.53566], [54.49825, 24.53524], [54.4976, 24.53577], [54.49849, 24.53568], [54.49385, 24.53782], [54.4905, 24.5401], [54.48743, 24.54108], [54.48589, 24.54387], [54.48576, 24.54544], [54.48501, 24.54576], [54.48563, 24.548], [54.48515, 24.54846], [54.48321, 24.54802], [54.48288, 24.54901], [54.48161, 24.55038], [54.48166, 24.55228], [54.48258, 24.5536], [54.48112, 24.55452], [54.48044, 24.55621], [54.47892, 24.55846], [54.47874, 24.56193], [54.47924, 24.56248], [54.48026, 24.57046], [54.4821, 24.57083], [54.47967, 24.5709], [54.47907, 24.57071], [54.47882, 24.57022], [54.47708, 24.56993], [54.47595, 24.57051], [54.4734, 24.57021], [54.47196, 24.56968], [54.47105, 24.56889], [54.47145, 24.56785], [54.47168, 24.5684], [54.47124, 24.56887], [54.47283, 24.56991], [54.47649, 24.57032], [54.47752, 24.56933], [54.47995, 24.56959], [54.47905, 24.5627], [54.47866, 24.56193], [54.47883, 24.55837], [54.48102, 24.55443], [54.48216, 24.5535], [54.48156, 24.55236], [54.48151, 24.55034], [54.48317, 24.54793], [54.48465, 24.54823], [54.48548, 24.54798], [54.4847, 24.54527], [54.48333, 24.5451], [54.48294, 24.54565], [54.48062, 24.54446], [54.47756, 24.54618], [54.47503, 24.54697], [54.46236, 24.54911], [54.46219, 24.54926], [54.46279, 24.54969], [54.46481, 24.55012], [54.4656, 24.55116], [54.46539, 24.55207], [54.46625, 24.55223], [54.46721, 24.54935], [54.46668, 24.55247], [54.46507, 24.55323], [54.46406, 24.55287], [54.46372, 24.55309], [54.46226, 24.55016], [54.46146, 24.54928], [54.46024, 24.54951], [54.46082, 24.55116], [54.46118, 24.55134], [54.46092, 24.55156], [54.46006, 24.54988], [54.45848, 24.54977], [54.45846, 24.54879], [54.45962, 24.54862], [54.45893, 24.54792], [54.45944, 24.54757], [54.45829, 24.54732], [54.4592, 24.54735], [54.45935, 24.54615], [54.46007, 24.54605], [54.45963, 24.54622], [54.45943, 24.54742], [54.45979, 24.54767], [54.46008, 24.54732], [54.45989, 24.54774], [54.46019, 24.54794], [54.46084, 24.54779], [54.46085, 24.54694], [54.46221, 24.54647], [54.46242, 24.54779], [54.46512, 24.54729], [54.46561, 24.54682], [54.46454, 24.54604], [54.4635, 24.546], [54.46345, 24.54631], [54.46398, 24.54663], [54.46375, 24.5475], [54.4631, 24.54688], [54.46287, 24.54596], [54.46012, 24.54603], [54.46067, 24.5452], [54.46092, 24.54575], [54.46282, 24.54576], [54.4611, 24.54271], [54.46125, 24.54165], [54.4628, 24.54056], [54.46367, 24.54093], [54.46262, 24.54138], [54.4629, 24.54075], [54.46243, 24.54122], [54.4623, 24.54308], [54.46316, 24.54368], [54.46307, 24.54477], [54.46389, 24.54525], [54.46407, 24.54584], [54.47043, 24.5466], [54.47599, 24.5454], [54.47935, 24.54371], [54.47576, 24.541], [54.47284, 24.54092], [54.47082, 24.54036], [54.47183, 24.53736], [54.47301, 24.53568], [54.47229, 24.53525], [54.47204, 24.53463], [54.47324, 24.53346], [54.47285, 24.53273], [54.46904, 24.53133], [54.46841, 24.53142], [54.46693, 24.53386], [54.46573, 24.53493], [54.46408, 24.53562], [54.46236, 24.53519], [54.46265, 24.53436], [54.46312, 24.53439], [54.46458, 24.53071], [54.46418, 24.53027], [54.46443, 24.53003], [54.46474, 24.53059], [54.46492, 24.53028], [54.46534, 24.52866], [54.46463, 24.52815], [54.46527, 24.52708], [54.46748, 24.52827], [54.47083, 24.52878], [54.47266, 24.53011], [54.47354, 24.53024], [54.47376, 24.53105], [54.4745, 24.53007], [54.47588, 24.52959], [54.47644, 24.52969], [54.4763, 24.5302], [54.4771, 24.53037], [54.47794, 24.52948], [54.47893, 24.52895], [54.48028, 24.52881], [54.48347, 24.52712], [54.48339, 24.52679], [54.48572, 24.52621], [54.48791, 24.52612], [54.48834, 24.52673], [54.48826, 24.52778], [54.48952, 24.52804], [54.49033, 24.52754], [54.49101, 24.52579], [54.49073, 24.52501], [54.49123, 24.52467], [54.48953, 24.52419], [54.48947, 24.52293], [54.48895, 24.52239], [54.48807, 24.52269], [54.48726, 24.52432], [54.48442, 24.5248], [54.48363, 24.52444], [54.48432, 24.52386], [54.48484, 24.52201], [54.487, 24.52038], [54.48827, 24.52016], [54.48879, 24.5188], [54.48961, 24.51859], [54.48885, 24.51829], [54.48855, 24.5176], [54.48788, 24.51769], [54.48787, 24.51721], [54.48641, 24.51694], [54.48786, 24.5171], [54.48772, 24.51666], [54.48919, 24.51636], [54.49003, 24.51788], [54.49254, 24.51887], [54.49258, 24.51855], [54.49157, 24.51769], [54.49004, 24.51708], [54.4907, 24.51572], [54.49296, 24.51439], [54.49589, 24.51431], [54.49587, 24.51379], [54.49455, 24.51386], [54.49416, 24.51292], [54.49275, 24.51228], [54.49234, 24.5082], [54.49118, 24.50525], [54.49209, 24.50494], [54.49254, 24.50416], [54.49181, 24.50388], [54.49175, 24.50413], [54.48849, 24.50387], [54.48777, 24.50413], [54.48707, 24.50695], [54.48436, 24.50928], [54.48395, 24.51066], [54.48333, 24.51107], [54.48206, 24.51072], [54.4822, 24.50947], [54.48272, 24.50849], [54.48546, 24.50661], [54.48601, 24.50434], [54.48489, 24.50475], [54.484, 24.50664], [54.48176, 24.50838], [54.48114, 24.51024], [54.48043, 24.51074], [54.47872, 24.51031], [54.47868, 24.50916], [54.48084, 24.50701], [54.48269, 24.50584], [54.48294, 24.50458], [54.48141, 24.50468], [54.47731, 24.50657], [54.47644, 24.50605], [54.47686, 24.50542], [54.47597, 24.50558], [54.47641, 24.50458], [54.4769, 24.50457], [54.4771, 24.50506], [54.47998, 24.50386], [54.47985, 24.50354], [54.48086, 24.50292], [54.48001, 24.50299], [54.47973, 24.50249], [54.47967, 24.50193], [54.48028, 24.50135], [54.48142, 24.50135], [54.48153, 24.50191], [54.48212, 24.50203], [54.48263, 24.50333], [54.48351, 24.50335], [54.484, 24.5015], [54.48501, 24.50152], [54.48554, 24.50288], [54.48624, 24.50279], [54.48563, 24.50138]]}}, {"type": "Feature", "properties": {}, "geometry": {"type": "LineString", "coordinates": [[54.61515, 24.54713], [54.63223, 24.55577], [54.63454, 24.56133], [54.63443, 24.56176], [54.63323, 24.56178], [54.63334, 24.5622], [54.62585, 24.5646], [54.6246, 24.56122], [54.62443, 24.55988], [54.6265, 24.55914], [54.626, 24.55809], [54.61604, 24.56554], [54.61625, 24.56586], [54.61516, 24.56657], [54.61548, 24.56695], [54.61411, 24.56792], [54.61277, 24.56648], [54.6153, 24.56464], [54.61593, 24.56517], [54.62579, 24.55784], [54.62387, 24.55557], [54.6243, 24.55517], [54.62369, 24.55468], [54.6225, 24.55519], [54.61987, 24.55307], [54.62094, 24.55295], [54.62039, 24.55216], [54.61938, 24.55257], [54.6176, 24.55115], [54.61662, 24.55138], [54.61572, 24.55078], [54.61445, 24.55122], [54.61349, 24.55073], [54.61349, 24.55026], [54.61261, 24.54973], [54.61311, 24.5492], [54.61361, 24.54922], [54.61393, 24.54819], [54.61515, 24.54713]]}}, {"type": "Feature", "properties": {}, "geometry": {"type": "LineString", "coordinates": [[54.63095, 24.56391], [54.63436, 24.56271], [54.6351, 24.56301], [54.63857, 24.57095], [54.64442, 24.58553], [54.64549, 24.59766], [54.64526, 24.59871], [54.6373, 24.61047], [54.63657, 24.61024], [54.63642, 24.61081], [54.63682, 24.61105], [54.63522, 24.61327], [54.63509, 24.61465], [54.63593, 24.6205], [54.63572, 24.62064], [54.63605, 24.62122], [54.63191, 24.62223], [54.63213, 24.62339], [54.63185, 24.62338], [54.63182, 24.62296], [54.63131, 24.62299], [54.63165, 24.62326], [54.63165, 24.6237], [54.63122, 24.62381], [54.63117, 24.62533], [54.63144, 24.62546], [54.63098, 24.62546], [54.63112, 24.62224], [54.63013, 24.62234], [54.62671, 24.62163], [54.62568, 24.62178], [54.62611, 24.62484], [54.62653, 24.62524], [54.6265, 24.62551], [54.62602, 24.62549], [54.62584, 24.62495], [54.62504, 24.625], [54.62447, 24.62206], [54.62048, 24.62255], [54.61911, 24.62228], [54.61682, 24.62097], [54.61734, 24.61937], [54.61638, 24.61788], [54.6164, 24.61643], [54.61696, 24.61601], [54.618, 24.61623], [54.61802, 24.61888], [54.61902, 24.61789], [54.61827, 24.61726], [54.61841, 24.61701], [54.61922, 24.61775], [54.62146, 24.61568], [54.62228, 24.61409], [54.62175, 24.61395], [54.62169, 24.61361], [54.62228, 24.61336], [54.62099, 24.61315], [54.62161, 24.61273], [54.6213, 24.61219], [54.62086, 24.61224], [54.62183, 24.61157], [54.62244, 24.61045], [54.6154, 24.61316], [54.61525, 24.61422], [54.61482, 24.61335], [54.61366, 24.61385], [54.61464, 24.61329], [54.6139, 24.61241], [54.61211, 24.61133], [54.61086, 24.61125], [54.60937, 24.61058], [54.60819, 24.60671], [54.60766, 24.60647], [54.60768, 24.60383], [54.60722, 24.60304], [54.60739, 24.60284], [54.60775, 24.60347], [54.60834, 24.60227], [54.60822, 24.604], [54.60908, 24.60536], [54.61002, 24.60545], [54.61043, 24.60317], [54.61024, 24.60275], [54.61071, 24.60222], [54.61074, 24.60289], [54.61208, 24.60443], [54.61155, 24.60415], [54.61046, 24.60436], [54.61041, 24.60582], [54.61347, 24.60665], [54.61365, 24.6057], [54.61479, 24.60537], [54.61463, 24.60465], [54.61517, 24.60468], [54.61492, 24.6055], [54.61383, 24.60584], [54.61376, 24.60669], [54.61582, 24.60676], [54.61647, 24.60562], [54.61813, 24.60597], [54.61871, 24.60411], [54.62363, 24.60566], [54.62296, 24.60759], [54.62599, 24.60856], [54.62686, 24.60643], [54.62822, 24.6061], [54.62903, 24.6062], [54.62913, 24.60662], [54.63092, 24.60656], [54.6309, 24.60707], [54.63072, 24.60676], [54.62728, 24.60662], [54.62662, 24.60845], [54.62934, 24.60777], [54.62933, 24.6081], [54.62784, 24.60841], [54.62875, 24.60898], [54.63153, 24.60862], [54.63299, 24.60908], [54.63845, 24.60816], [54.63874, 24.60785], [54.63818, 24.60765], [54.63868, 24.60686], [54.63826, 24.60576], [54.63826, 24.60387], [54.63772, 24.60294], [54.63548, 24.6022], [54.63844, 24.60083], [54.63979, 24.60074], [54.64168, 24.59742], [54.64192, 24.59621], [54.64103, 24.59144], [54.64001, 24.5878], [54.63799, 24.58375], [54.63513, 24.58079], [54.63329, 24.57963], [54.63388, 24.57933], [54.63502, 24.57971], [54.6374, 24.57897], [54.63686, 24.57768], [54.63712, 24.57756], [54.63747, 24.57843], [54.63845, 24.57879], [54.63953, 24.57775], [54.64008, 24.57607], [54.63858, 24.57258], [54.63828, 24.57102], [54.6376, 24.57007], [54.63721, 24.57017], [54.63749, 24.57155], [54.63702, 24.57027], [54.63673, 24.57033], [54.63737, 24.57206], [54.63657, 24.57036], [54.63622, 24.57049], [54.63658, 24.57157], [54.63603, 24.57038], [54.63755, 24.56991], [54.63743, 24.56969], [54.636, 24.57013], [54.63736, 24.56959], [54.63724, 24.56934], [54.6358, 24.56978], [54.63722, 24.56923], [54.63602, 24.56627], [54.63095, 24.56391]]}}, {"type": "Feature", "properties": {}, "geometry": {"type": "LineString", "coordinates": [[54.66613, 24.65388], [54.66772, 24.6542], [54.66717, 24.65456], [54.66711, 24.6541], [54.6665, 24.65397], [54.66671, 24.65429], [54.66633, 24.65447], [54.66613, 24.65388]]}}, {"type": "Feature", "properties": {}, "geometry": {"type": "LineString", "coordinates": [[54.62932, 24.62796], [54.63077, 24.6278], [54.63246, 24.62815], [54.63297, 24.6285], [54.6329, 24.62932], [54.63168, 24.63099], [54.63069, 24.6316], [54.62994, 24.63319], [54.62878, 24.63453], [54.62821, 24.63451], [54.62929, 24.63368], [54.62621, 24.63468], [54.62588, 24.63427], [54.62681, 24.63457], [54.62822, 24.63362], [54.62908, 24.63164], [54.62905, 24.63133], [54.62652, 24.63125], [54.62655, 24.62968], [54.6268, 24.62959], [54.62693, 24.63106], [54.62895, 24.63112], [54.62932, 24.62796]]}}, {"type": "Feature", "properties": {}, "geometry": {"type": "LineString", "coordinates": [[54.62633, 24.63179], [54.62715, 24.63151], [54.62816, 24.6318], [54.62633, 24.63179]]}}, {"type": "Feature", "properties": {}, "geometry": {"type": "LineString", "coordinates": [[54.6093, 24.66509], [54.61156, 24.66513], [54.61174, 24.66318], [54.61243, 24.66309], [54.61432, 24.66544], [54.61139, 24.6694], [54.60586, 24.66964], [54.60545, 24.6694], [54.60389, 24.67055], [54.6093, 24.66509]]}}, {"type": "Feature", "properties": {}, "geometry": {"type": "LineString", "coordinates": [[54.61852, 24.63604], [54.61912, 24.63079]]}}, {"type": "Feature", "properties": {}, "geometry": {"type": "LineString", "coordinates": [[54.64626, 24.64077], [54.64813, 24.64296], [54.65065, 24.64279], [54.64954, 24.64313], [54.64866, 24.64376], [54.64886, 24.64394], [54.65522, 24.64149], [54.66311, 24.65191], [54.66251, 24.652], [54.66012, 24.65037], [54.6594, 24.65036], [54.65928, 24.65105], [54.65893, 24.65101], [54.65868, 24.65092], [54.65886, 24.65009], [54.65572, 24.6494], [54.65424, 24.64947], [54.65413, 24.65019], [54.65374, 24.64954], [54.65358, 24.65075], [54.65264, 24.65073], [54.65271, 24.64938], [54.65247, 24.64998], [54.65165, 24.65002], [54.65186, 24.65415], [54.65223, 24.65416], [54.6519, 24.6545], [54.65167, 24.6545], [54.6516, 24.65285], [54.65019, 24.65283], [54.64972, 24.65246], [54.64931, 24.65274], [54.64934, 24.65225], [54.64864, 24.65183], [54.64691, 24.65174], [54.64631, 24.65218], [54.64659, 24.65273], [54.64539, 24.65344], [54.6436, 24.65348], [54.64447, 24.65289], [54.64428, 24.65243], [54.64117, 24.64977], [54.64127, 24.64869], [54.64278, 24.64848], [54.64557, 24.64689], [54.64717, 24.6443], [54.64541, 24.64343], [54.64488, 24.64403], [54.64404, 24.64412], [54.64229, 24.64292], [54.64156, 24.643], [54.64096, 24.64264], [54.63961, 24.64322], [54.6382, 24.64207], [54.63639, 24.64171], [54.63315, 24.64223], [54.63105, 24.64335], [54.62975, 24.64539], [54.62889, 24.64591], [54.62867, 24.64682], [54.62748, 24.6483], [54.62773, 24.6492], [54.62794, 24.64811], [54.62819, 24.64833], [54.62802, 24.64926], [54.62704, 24.64983], [54.62629, 24.64955], [54.6262, 24.64905], [54.62691, 24.64834], [54.6284, 24.6455], [54.63201, 24.64217], [54.63552, 24.64118], [54.64144, 24.64145], [54.64212, 24.64065], [54.64249, 24.64149], [54.64724, 24.64417], [54.64814, 24.6434], [54.64616, 24.64113], [54.64605, 24.64066], [54.64626, 24.64077]]}}, {"type": "Feature", "properties": {}, "geometry": {"type": "LineString", "coordinates": [[54.65926, 24.66252], [54.65893, 24.66197], [54.65841, 24.6619], [54.65876, 24.66141], [54.65941, 24.66159], [54.65926, 24.66252]]}}, {"type": "Feature", "properties": {}, "geometry": {"type": "LineString", "coordinates": [[54.63017, 24.63425], [54.62857, 24.636], [54.62661, 24.6364], [54.62569, 24.63629], [54.62521, 24.63566], [54.62287, 24.63509], [54.62298, 24.63488], [54.62252, 24.63504], [54.62201, 24.6345], [54.62317, 24.63393], [54.62298, 24.63454], [54.62345, 24.63464], [54.62376, 24.63417], [54.62632, 24.63547], [54.6257, 24.63562], [54.62609, 24.6361], [54.62712, 24.63624], [54.62873, 24.63547], [54.6299, 24.63415], [54.63017, 24.63425]]}}, {"type": "Feature", "properties": {}, "geometry": {"type": "LineString", "coordinates": [[54.62099, 24.65571], [54.62076, 24.66176], [54.61715, 24.66161], [54.61669, 24.65697], [54.61834, 24.65587], [54.62099, 24.65571]]}}, {"type": "Feature", "properties": {}, "geometry": {"type": "LineString", "coordinates": [[54.61912, 24.63079], [54.62004, 24.63166], [54.62198, 24.63219], [54.62428, 24.63205], [54.62621, 24.63142], [54.6253, 24.63205], [54.62328, 24.63252], [54.6218, 24.6324], [54.62039, 24.6329], [54.62005, 24.63267], [54.61952, 24.63432], [54.62051, 24.63356], [54.62039, 24.63493], [54.62082, 24.63377], [54.62196, 24.63399], [54.62161, 24.63437], [54.62175, 24.63515], [54.62085, 24.63593], [54.62255, 24.63564], [54.62268, 24.63529], [54.62268, 24.63576], [54.62041, 24.63633], [54.62079, 24.63651], [54.6187, 24.63673], [54.61813, 24.63638], [54.61852, 24.63604]]}}, {"type": "Feature", "properties": {}, "geometry": {"type": "LineString", "coordinates": [[54.59343, 24.60396], [54.59383, 24.60451], [54.59341, 24.60512], [54.59247, 24.60524], [54.59196, 24.60479], [54.59343, 24.60396]]}}, {"type": "Feature", "properties": {}, "geometry": {"type": "LineString", "coordinates": [[54.59138, 24.59955], [54.59173, 24.59921], [54.59403, 24.59875], [54.59386, 24.59966], [54.59241, 24.6005], [54.59226, 24.59972], [54.59138, 24.59955]]}}, {"type": "Feature", "properties": {}, "geometry": {"type": "LineString", "coordinates": [[54.59185, 24.58917], [54.59064, 24.58882], [54.58967, 24.58986], [54.58885, 24.59011], [54.5907, 24.58869], [54.59258, 24.58904], [54.59359, 24.58978], [54.59185, 24.58917]]}}, {"type": "Feature", "properties": {}, "geometry": {"type": "LineString", "coordinates": [[54.55417, 24.60344], [54.54917, 24.5927], [54.55229, 24.59098], [54.55475, 24.5942], [54.56079, 24.5961], [54.55605, 24.60419], [54.55464, 24.60401], [54.55417, 24.60344]]}}, {"type": "Feature", "properties": {}, "geometry": {"type": "LineString", "coordinates": [[54.49139, 24.61355], [54.49141, 24.61204], [54.48796, 24.61122], [54.48595, 24.61148], [54.48521, 24.61351], [54.48602, 24.61099], [54.48582, 24.61076], [54.48743, 24.61041], [54.48863, 24.60843], [54.48846, 24.60785], [54.48935, 24.60797], [54.49027, 24.60694], [54.49027, 24.60827], [54.49137, 24.60826], [54.49149, 24.60782], [54.49179, 24.6082], [54.49188, 24.60956], [54.49108, 24.61127], [54.4918, 24.61205], [54.49139, 24.61355]]}}, {"type": "Feature", "properties": {}, "geometry": {"type": "LineString", "coordinates": [[54.51594, 24.5961], [54.51618, 24.59682], [54.51685, 24.59731], [54.5185, 24.59718], [54.51937, 24.59821], [54.52003, 24.59838], [54.51963, 24.59859], [54.51785, 24.59816], [54.51758, 24.59911], [54.51874, 24.59955], [54.51628, 24.60106], [54.51488, 24.60111], [54.51385, 24.59982], [54.51486, 24.59816], [54.51486, 24.59577], [54.51539, 24.59546], [54.51646, 24.59573], [54.51594, 24.5961]]}}, {"type": "Feature", "properties": {}, "geometry": {"type": "LineString", "coordinates": [[54.53925, 24.5931], [54.53929, 24.59396], [54.53807, 24.59405], [54.53798, 24.59304], [54.53925, 24.5931]]}}, {"type": "Feature", "properties": {}, "geometry": {"type": "LineString", "coordinates": [[54.34026, 24.4858], [54.34069, 24.48604], [54.34075, 24.48636], [54.34043, 24.4864], [54.3413, 24.48933], [54.34335, 24.49147], [54.35205, 24.49864], [54.35967, 24.50183], [54.36007, 24.50182], [54.36093, 24.50085], [54.3582, 24.5042], [54.35737, 24.5107], [54.35579, 24.51381], [54.3559, 24.51519], [54.35803, 24.52026], [54.35604, 24.5195], [54.35677, 24.51949], [54.3569, 24.51907], [54.35599, 24.51755], [54.35305, 24.51563], [54.35014, 24.51312], [54.34953, 24.51206], [54.34876, 24.51198], [54.34197, 24.50634], [54.33914, 24.50319], [54.33682, 24.49878], [54.33246, 24.48795], [54.33176, 24.48763], [54.33113, 24.4882], [54.33188, 24.48681], [54.3304, 24.48208], [54.32934, 24.48017], [54.33323, 24.48224], [54.33515, 24.48161], [54.33836, 24.48405], [54.33995, 24.48351], [54.34026, 24.4858]]}}, {"type": "Feature", "properties": {}, "geometry": {"type": "LineString", "coordinates": [[54.40579, 24.45841], [54.40627, 24.45737], [54.40662, 24.45773], [54.40742, 24.45765], [54.40858, 24.45853], [54.40871, 24.45811], [54.40929, 24.45788], [54.40792, 24.45673], [54.4099, 24.458], [54.40952, 24.4601], [54.40837, 24.46186], [54.40903, 24.46184], [54.40893, 24.46222], [54.40933, 24.46238], [54.4088, 24.4629], [54.40929, 24.46274], [54.40923, 24.46375], [54.40627, 24.46168], [54.40687, 24.46084], [54.40695, 24.4598], [54.40579, 24.45841]]}}, {"type": "Feature", "properties": {}, "geometry": {"type": "LineString", "coordinates": [[54.40454, 24.45656], [54.40196, 24.46105], [54.39948, 24.46301], [54.40025, 24.46406]]}}, {"type": "Feature", "properties": {}, "geometry": {"type": "LineString", "coordinates": [[54.45769, 24.44202], [54.46501, 24.4423], [54.46575, 24.4419], [54.46616, 24.44213], [54.46616, 24.44254], [54.46542, 24.44277], [54.46511, 24.44247], [54.46107, 24.44233]]}}, {"type": "Feature", "properties": {}, "geometry": {"type": "LineString", "coordinates": [[54.45601, 24.44282], [54.4515, 24.44181], [54.45138, 24.4429]]}}, {"type": "Feature", "properties": {}, "geometry": {"type": "LineString", "coordinates": [[54.46107, 24.44233], [54.46127, 24.44274], [54.46082, 24.44274], [54.46089, 24.44234], [54.45619, 24.44216], [54.45858, 24.44311], [54.45601, 24.44282]]}}, {"type": "Feature", "properties": {}, "geometry": {"type": "LineString", "coordinates": [[54.19867, 24.37202], [54.19901, 24.37251], [54.19899, 24.37354], [54.19966, 24.37471], [54.20189, 24.37552], [54.20355, 24.37658], [54.20778, 24.37576], [54.20794, 24.37473], [54.2095, 24.37438], [54.20979, 24.37374], [54.21092, 24.37363], [54.21206, 24.37288], [54.21431, 24.37266], [54.21602, 24.37167], [54.21714, 24.37169], [54.2175, 24.37127], [54.22222, 24.37044], [54.2264, 24.36861], [54.22862, 24.36848], [54.22731, 24.36664], [54.22775, 24.36658], [54.22891, 24.36817], [54.23182, 24.36784], [54.23657, 24.36551], [54.23669, 24.36469], [54.23724, 24.36421], [54.23951, 24.36309], [54.2412, 24.36274], [54.24121, 24.36223], [54.24233, 24.36237], [54.2432, 24.36098], [54.2449, 24.36062], [54.24547, 24.35986], [54.24689, 24.35937], [54.24913, 24.35941], [54.25111, 24.3588], [54.25112, 24.35829], [54.25197, 24.35818], [54.25227, 24.35728], [54.25283, 24.35729], [54.25298, 24.35678], [54.25584, 24.35426], [54.256, 24.35349], [54.25827, 24.35237], [54.25885, 24.35161], [54.26053, 24.35164], [54.26164, 24.35244], [54.26276, 24.35246], [54.26306, 24.35182], [54.26447, 24.35133], [54.26462, 24.35082], [54.26533, 24.35044], [54.26673, 24.3506], [54.26686, 24.35112], [54.26811, 24.35178], [54.26951, 24.35193], [54.26848, 24.35423], [54.26917, 24.3545], [54.26902, 24.35501], [54.2673, 24.35678], [54.26714, 24.35755], [54.26601, 24.35804], [54.26512, 24.36034], [54.26371, 24.36058], [54.26269, 24.3621], [54.26282, 24.36287], [54.26168, 24.36337], [54.26109, 24.3649], [54.25996, 24.36514], [54.25952, 24.36616], [54.2578, 24.36767], [54.25621, 24.36996], [54.25424, 24.37018], [54.25379, 24.3712], [54.25419, 24.37224], [54.2525, 24.37246], [54.25249, 24.37298], [54.2508, 24.37333], [54.25023, 24.37371], [54.25049, 24.37474], [54.24709, 24.37622], [54.24385, 24.38341], [54.24349, 24.38644], [54.24473, 24.38902], [54.24311, 24.39103], [54.24288, 24.39265], [54.24311, 24.39457], [54.24399, 24.39657], [54.24377, 24.39732], [54.24315, 24.39733], [54.24317, 24.39776], [54.24453, 24.39763], [54.24625, 24.4002], [54.24728, 24.40101], [54.25479, 24.40371], [54.25493, 24.40394], [54.2541, 24.40426], [54.2543, 24.40468], [54.25489, 24.40459], [54.25448, 24.40483], [54.25465, 24.40536], [54.25548, 24.405], [54.25563, 24.40531], [54.25627, 24.40514], [54.25576, 24.40538], [54.25603, 24.4069], [54.25698, 24.40936], [54.2573, 24.40976], [54.25774, 24.4097], [54.25678, 24.41011], [54.25616, 24.41098], [54.25613, 24.4124], [54.25749, 24.41344], [54.25893, 24.41327], [54.25974, 24.41401], [54.25958, 24.41448], [54.25933, 24.41415], [54.25707, 24.41524], [54.25531, 24.41494], [54.2539, 24.41524], [54.24999, 24.41439], [54.24489, 24.41258], [54.24372, 24.41381], [54.24424, 24.41303], [54.24377, 24.4123], [54.24006, 24.40971], [54.23267, 24.39988], [54.22316, 24.3916], [54.21915, 24.38891], [54.21039, 24.38468], [54.20342, 24.38249], [54.20006, 24.38217], [54.19867, 24.38122]]}}, {"type": "Feature", "properties": {}, "geometry": {"type": "LineString", "coordinates": [[54.63646, 24.72192], [54.63575, 24.72079], [54.63529, 24.72046], [54.63438, 24.72052], [54.63141, 24.71801], [54.63127, 24.71741], [54.63456, 24.72031], [54.63545, 24.7202], [54.63601, 24.71899], [54.6363, 24.71897], [54.63579, 24.72012], [54.63682, 24.72192]]}}, {"type": "Feature", "properties": {}, "geometry": {"type": "LineString", "coordinates": [[54.63922, 24.72192], [54.64068, 24.71975], [54.64386, 24.71886], [54.64711, 24.71651], [54.6473, 24.71687], [54.64603, 24.71826], [54.64427, 24.71922], [54.64117, 24.71999], [54.64004, 24.72192]]}}, {"type": "Feature", "properties": {}, "geometry": {"type": "LineString", "coordinates": [[54.66025, 24.72192], [54.66168, 24.72105], [54.66122, 24.72192]]}}, {"type": "Feature", "properties": {}, "geometry": {"type": "LineString", "coordinates": [[54.66342, 24.72192], [54.66391, 24.72132], [54.66374, 24.7208], [54.6631, 24.72051], [54.6639, 24.72037], [54.66385, 24.71996], [54.66325, 24.72012], [54.66289, 24.71907], [54.66396, 24.71707], [54.66553, 24.71717], [54.66556, 24.71694], [54.66394, 24.71679], [54.66543, 24.71663], [54.66592, 24.71557], [54.666, 24.71481], [54.66487, 24.71456], [54.66509, 24.71403]]}}, {"type": "Feature", "properties": {}, "geometry": {"type": "LineString", "coordinates": [[54.49311, 24.57129], [54.49147, 24.57376], [54.48699, 24.57786], [54.48666, 24.5778], [54.48621, 24.57707], [54.48641, 24.57618], [54.48744, 24.57602], [54.49136, 24.5724], [54.49033, 24.57084], [54.4905, 24.5706], [54.49174, 24.57209], [54.49311, 24.57129]]}}, {"type": "Feature", "properties": {}, "geometry": {"type": "LineString", "coordinates": [[54.47454, 24.57849], [54.47576, 24.57761], [54.47874, 24.5806], [54.48017, 24.58116], [54.48058, 24.58171], [54.48043, 24.58244], [54.48096, 24.58285], [54.48024, 24.58258], [54.47954, 24.5831], [54.47998, 24.58381], [54.47926, 24.58301], [54.4786, 24.58313], [54.47454, 24.57849]]}}, {"type": "Feature", "properties": {}, "geometry": {"type": "LineString", "coordinates": [[54.49685, 24.56632], [54.49578, 24.56597], [54.49623, 24.56203], [54.49565, 24.56089], [54.49644, 24.56072], [54.49624, 24.56007], [54.49653, 24.55983], [54.49708, 24.55542], [54.49709, 24.5551], [54.49647, 24.55474], [54.49673, 24.55443], [54.49732, 24.55455], [54.49757, 24.55498], [54.49724, 24.56012], [54.499, 24.56305], [54.49798, 24.56466], [54.49762, 24.56617], [54.49685, 24.56632]]}}, {"type": "Feature", "properties": {}, "geometry": {"type": "LineString", "coordinates": [[54.55465, 24.63428], [54.55551, 24.63534], [54.5547, 24.63635], [54.55395, 24.63667], [54.55134, 24.63641], [54.54837, 24.63692], [54.54512, 24.63544], [54.53815, 24.63394], [54.53323, 24.63352], [54.53181, 24.63216], [54.53215, 24.63153], [54.53266, 24.63141], [54.53215, 24.63222], [54.53281, 24.63293], [54.53311, 24.63272], [54.53265, 24.63051], [54.53003, 24.62499], [54.52641, 24.62034], [54.52223, 24.61675], [54.52004, 24.61583], [54.51719, 24.61367], [54.51243, 24.61219], [54.51109, 24.61252], [54.51031, 24.61315], [54.51043, 24.6143], [54.51126, 24.61522], [54.50959, 24.61586], [54.50659, 24.61518], [54.50596, 24.61567], [54.50613, 24.6162], [54.50518, 24.61686], [54.50286, 24.61639], [54.50251, 24.61596], [54.50353, 24.6158], [54.50465, 24.61393], [54.50449, 24.61342], [54.50322, 24.61193], [54.50069, 24.61083], [54.50001, 24.60987], [54.50071, 24.6095], [54.50027, 24.61024], [54.50105, 24.61056], [54.50165, 24.61037], [54.50181, 24.60996], [54.50134, 24.60856], [54.50355, 24.60747], [54.50477, 24.60779], [54.50504, 24.6083], [54.50632, 24.60817], [54.50659, 24.60866], [54.50806, 24.60836], [54.50815, 24.6089], [54.50927, 24.60944], [54.51078, 24.60923], [54.51086, 24.60958], [54.51153, 24.60965], [54.51182, 24.6103], [54.51266, 24.61033], [54.51601, 24.60848], [54.5163, 24.60745], [54.51628, 24.60819], [54.51682, 24.60836], [54.51831, 24.6077], [54.52078, 24.60748], [54.52129, 24.60709], [54.52129, 24.6064], [54.52181, 24.60694], [54.52184, 24.60657], [54.5229, 24.60609], [54.52248, 24.60424], [54.52314, 24.60415], [54.52371, 24.60476], [54.52502, 24.60428], [54.52862, 24.60747], [54.53358, 24.61006], [54.53377, 24.61055], [54.53352, 24.61091], [54.53361, 24.61053], [54.53309, 24.60981], [54.5307, 24.60901], [54.5304, 24.60961], [54.53056, 24.61019], [54.53207, 24.61128], [54.53691, 24.61283], [54.53991, 24.6126], [54.54062, 24.61291], [54.54185, 24.6127], [54.53973, 24.61209], [54.53962, 24.61243], [54.53957, 24.61202], [54.54193, 24.61261], [54.5444, 24.61249], [54.54521, 24.6121], [54.54724, 24.61009], [54.54657, 24.60997], [54.54733, 24.60924], [54.54764, 24.60939], [54.54754, 24.60992], [54.54814, 24.61022], [54.5498, 24.61027], [54.55149, 24.60955], [54.55353, 24.60738], [54.55546, 24.60605], [54.55626, 24.60578], [54.55703, 24.60615]]}}, {"type": "Feature", "properties": {}, "geometry": {"type": "LineString", "coordinates": [[54.55262, 24.61495], [54.55274, 24.61553], [54.55157, 24.61487], [54.55174, 24.61429], [54.55218, 24.61431]]}}, {"type": "Feature", "properties": {}, "geometry": {"type": "LineString", "coordinates": [[54.55218, 24.61431], [54.55276, 24.61351], [54.55244, 24.61326], [54.55218, 24.61182], [54.55162, 24.61128], [54.55182, 24.61076], [54.55137, 24.61054], [54.55157, 24.61021], [54.55132, 24.60987], [54.55262, 24.60966], [54.55405, 24.60842], [54.55512, 24.61012], [54.55717, 24.60979], [54.55465, 24.61214], [54.55262, 24.61495]]}}, {"type": "Feature", "properties": {}, "geometry": {"type": "LineString", "coordinates": [[54.5445, 24.61846], [54.54416, 24.61944], [54.54456, 24.6212], [54.54334, 24.62214], [54.54441, 24.62258], [54.54493, 24.62492], [54.54742, 24.62519], [54.55126, 24.62262], [54.5518, 24.624], [54.55175, 24.62427], [54.55152, 24.62391], [54.55058, 24.62559], [54.55035, 24.62519], [54.54797, 24.62823], [54.54645, 24.62946], [54.54647, 24.6305], [54.54703, 24.63045], [54.54773, 24.62968], [54.54742, 24.63038], [54.54896, 24.62979], [54.54651, 24.63162], [54.54791, 24.63177], [54.5496, 24.63135], [54.54969, 24.63098], [54.55014, 24.63193], [54.54692, 24.63339], [54.54562, 24.63301], [54.54563, 24.63347], [54.54517, 24.63352], [54.54517, 24.63382], [54.5459, 24.63399], [54.54583, 24.63442], [54.5476, 24.63468], [54.55126, 24.63427], [54.55146, 24.63454], [54.55163, 24.6335], [54.55175, 24.63481], [54.55, 24.63519], [54.55357, 24.63582], [54.55413, 24.6355], [54.55465, 24.63428]]}}, {"type": "Feature", "properties": {}, "geometry": {"type": "LineString", "coordinates": [[54.54833, 24.61408], [54.55051, 24.61466], [54.55117, 24.6157], [54.55154, 24.61528], [54.5521, 24.61562], [54.5512, 24.61674], [54.55132, 24.61868], [54.54976, 24.62214], [54.54797, 24.62279], [54.54653, 24.62283], [54.54586, 24.6219], [54.54636, 24.61867], [54.54554, 24.61555], [54.54634, 24.61423], [54.54807, 24.61313], [54.54833, 24.61408]]}}, {"type": "Feature", "properties": {}, "geometry": {"type": "LineString", "coordinates": [[54.57501, 24.62748], [54.5744, 24.62861], [54.57441, 24.63033], [54.57244, 24.6307], [54.57158, 24.63054], [54.57072, 24.631], [54.56941, 24.63046], [54.57256, 24.62883], [54.57429, 24.62723], [54.57501, 24.62748]]}}, {"type": "Feature", "properties": {}, "geometry": {"type": "LineString", "coordinates": [[54.57182, 24.54754], [54.57072, 24.54704], [54.56922, 24.54447], [54.56916, 24.54288], [54.56933, 24.54435], [54.57029, 24.54618], [54.57182, 24.54754]]}}, {"type": "Feature", "properties": {}, "geometry": {"type": "LineString", "coordinates": [[54.56635, 24.6102], [54.56558, 24.61098], [54.56593, 24.61224], [54.5652, 24.61126], [54.56564, 24.61074]]}}, {"type": "Feature", "properties": {}, "geometry": {"type": "LineString", "coordinates": [[54.58634, 24.64508], [54.58626, 24.64435], [54.58687, 24.6431], [54.58667, 24.64412], [54.58707, 24.6442], [54.58643, 24.64438], [54.58634, 24.64508]]}}, {"type": "Feature", "properties": {}, "geometry": {"type": "LineString", "coordinates": [[54.58886, 24.64468], [54.58985, 24.64345], [54.59027, 24.64139], [54.59002, 24.63563], [54.58936, 24.63367], [54.5897, 24.63429], [54.59013, 24.63291], [54.59092, 24.63272], [54.59164, 24.63164], [54.59208, 24.63154], [54.59286, 24.63191], [54.59332, 24.63308], [54.59223, 24.63317], [54.59219, 24.63363], [54.59339, 24.63455], [54.59442, 24.63483], [54.59444, 24.63672], [54.59537, 24.63743], [54.5958, 24.63912], [54.59578, 24.64111], [54.59432, 24.64323], [54.5922, 24.64461], [54.59206, 24.64533], [54.59286, 24.64567], [54.5927, 24.64609], [54.59127, 24.64644], [54.58846, 24.64543], [54.58835, 24.64503], [54.58886, 24.64468]]}}, {"type": "Feature", "properties": {}, "geometry": {"type": "LineString", "coordinates": [[54.58937, 24.64091], [54.58943, 24.63912], [54.58937, 24.64091]]}}, {"type": "Feature", "properties": {}, "geometry": {"type": "LineString", "coordinates": [[54.58812, 24.62295], [54.58723, 24.62211], [54.58796, 24.62277], [54.58843, 24.62278], [54.58812, 24.62295]]}}, {"type": "Feature", "properties": {}, "geometry": {"type": "LineString", "coordinates": [[54.58987, 24.63656], [54.58963, 24.63507], [54.58987, 24.63656]]}}, {"type": "Feature", "properties": {}, "geometry": {"type": "LineString", "coordinates": [[54.5863, 24.647], [54.58591, 24.64666], [54.58617, 24.64537], [54.5881, 24.64414], [54.58841, 24.64429], [54.58778, 24.6445], [54.58705, 24.64552], [54.58792, 24.64547], [54.58819, 24.64615], [54.58993, 24.64611], [54.58805, 24.64627], [54.58644, 24.64558], [54.5863, 24.647]]}}, {"type": "Feature", "properties": {}, "geometry": {"type": "LineString", "coordinates": [[54.58933, 24.63709], [54.58921, 24.63557], [54.58933, 24.63709]]}}, {"type": "Feature", "properties": {}, "geometry": {"type": "LineString", "coordinates": [[54.58765, 24.61893], [54.58993, 24.61918], [54.5923, 24.62211], [54.59276, 24.62436], [54.59348, 24.62563], [54.59313, 24.6276], [54.59241, 24.62865], [54.59258, 24.62927], [54.59205, 24.63048], [54.59145, 24.63043], [54.591, 24.62992], [54.59072, 24.62756], [54.59122, 24.62527], [54.59111, 24.62432], [54.58765, 24.61893]]}}, {"type": "Feature", "properties": {}, "geometry": {"type": "LineString", "coordinates": [[54.40557, 24.46221], [54.40924, 24.46477], [54.40929, 24.46604], [54.40877, 24.46581], [54.40882, 24.46622], [54.40933, 24.46622], [54.4093, 24.46792], [54.41003, 24.46855], [54.41049, 24.46837], [54.41188, 24.47014], [54.41016, 24.47168], [54.40938, 24.47197], [54.40937, 24.47231], [54.40892, 24.47227], [54.40879, 24.47185], [54.40804, 24.47209], [54.40853, 24.47328], [54.40724, 24.47329], [54.40457, 24.47485], [54.40431, 24.4742], [54.40372, 24.47436], [54.4044, 24.47732], [54.40172, 24.47862], [54.40133, 24.47842], [54.4008, 24.47874], [54.39727, 24.48169], [54.39783, 24.48258], [54.39727, 24.48301], [54.39617, 24.48255], [54.39502, 24.48313], [54.39489, 24.48195], [54.39416, 24.48193], [54.39411, 24.48314], [54.39539, 24.48422], [54.3958, 24.48535], [54.39531, 24.48457], [54.39452, 24.48463], [54.39419, 24.48402]]}}, {"type": "Feature", "properties": {}, "geometry": {"type": "LineString", "coordinates": [[54.40025, 24.46406], [54.40142, 24.46401], [54.40518, 24.46208], [54.40557, 24.46221]]}}, {"type": "Feature", "properties": {}, "geometry": {"type": "LineString", "coordinates": [[54.20784, 24.39376], [54.20965, 24.39502], [54.21232, 24.39769], [54.21449, 24.39899], [54.21466, 24.3986], [54.2157, 24.39881], [54.21547, 24.39969], [54.21379, 24.39978], [54.21246, 24.39937], [54.20706, 24.3954], [54.20189, 24.39305], [54.19867, 24.39206]]}}, {"type": "Feature", "properties": {}, "geometry": {"type": "LineString", "coordinates": [[54.19867, 24.3904], [54.19885, 24.39089], [54.20412, 24.39187], [54.20462, 24.39167], [54.20488, 24.39224], [54.20719, 24.39335], [54.20755, 24.39287], [54.20786, 24.393], [54.20784, 24.39376]]}}, {"type": "Feature", "properties": {}, "geometry": {"type": "LineString", "coordinates": [[54.21603, 24.36799], [54.21827, 24.36798], [54.21852, 24.36824], [54.21624, 24.36812], [54.21607, 24.36827], [54.21655, 24.36857], [54.2161, 24.3686], [54.21593, 24.36931], [54.21578, 24.36822], [54.2144, 24.3688], [54.21457, 24.36839]]}}, {"type": "Feature", "properties": {}, "geometry": {"type": "LineString", "coordinates": [[54.2366, 24.41884], [54.23487, 24.41693], [54.23498, 24.41612], [54.23581, 24.41549], [54.23644, 24.41541], [54.23811, 24.41709], [54.23963, 24.41761], [54.23993, 24.41812], [54.24574, 24.42051], [54.25307, 24.42138], [54.25942, 24.42092], [54.25844, 24.42259], [54.25616, 24.42478], [54.25569, 24.42584], [54.25033, 24.42566], [54.24388, 24.42439], [54.24046, 24.42033], [54.2366, 24.41884]]}}, {"type": "Feature", "properties": {}, "geometry": {"type": "LineString", "coordinates": [[54.2655, 24.30662], [54.2651, 24.3064], [54.26513, 24.30457], [54.26545, 24.30387], [54.26674, 24.30319], [54.26711, 24.30375], [54.26687, 24.30506], [54.26615, 24.30657], [54.2655, 24.30662]]}}, {"type": "Feature", "properties": {}, "geometry": {"type": "LineString", "coordinates": [[54.65719, 24.67617], [54.65561, 24.67571], [54.65553, 24.6751], [54.65615, 24.67441], [54.65748, 24.6749], [54.66128, 24.67407], [54.66039, 24.67086], [54.66133, 24.67016], [54.66315, 24.66955], [54.66218, 24.66781], [54.66276, 24.66729], [54.66424, 24.66654], [54.66456, 24.6669], [54.66549, 24.66837], [54.66452, 24.66918], [54.66504, 24.67067], [54.66568, 24.671], [54.67122, 24.66873], [54.67163, 24.66709], [54.67046, 24.66657], [54.67315, 24.6652], [54.67438, 24.66524], [54.67635, 24.66593], [54.67551, 24.66647], [54.67512, 24.66964], [54.67072, 24.67148], [54.66936, 24.67182], [54.66792, 24.67088], [54.66622, 24.6714], [54.66617, 24.67207], [54.66423, 24.67266], [54.66312, 24.67025], [54.66117, 24.67071], [54.66093, 24.67119], [54.66192, 24.67414], [54.65719, 24.67617]]}}, {"type": "Feature", "properties": {}, "geometry": {"type": "LineString", "coordinates": [[54.65291, 24.67956], [54.65231, 24.68016], [54.64876, 24.67968], [54.64841, 24.68018], [54.64742, 24.67935], [54.64207, 24.67743], [54.64166, 24.67743], [54.64119, 24.67813], [54.64142, 24.67741], [54.63909, 24.67535], [54.63975, 24.67495], [54.63982, 24.67438], [54.63965, 24.67407], [54.63879, 24.67415], [54.63863, 24.67369], [54.63929, 24.67403], [54.63975, 24.67376], [54.63983, 24.67003], [54.64035, 24.66962], [54.64088, 24.66984], [54.64052, 24.67021], [54.64098, 24.67212], [54.64207, 24.67183], [54.64129, 24.67232], [54.64135, 24.67279], [54.64262, 24.67375], [54.64326, 24.67321], [54.64311, 24.67395], [54.64452, 24.67457], [54.64666, 24.67397], [54.64811, 24.67263], [54.64829, 24.67124], [54.6477, 24.67034], [54.6466, 24.66991], [54.64533, 24.67019], [54.64446, 24.67079], [54.64396, 24.67044], [54.64384, 24.66721], [54.64288, 24.66291], [54.64349, 24.66217], [54.64553, 24.66176], [54.64564, 24.66113], [54.64602, 24.6616], [54.65352, 24.66008], [54.65421, 24.66054], [54.654, 24.66151], [54.6531, 24.6616], [54.65253, 24.66237], [54.65356, 24.66319], [54.6538, 24.66537], [54.65506, 24.6681], [54.65566, 24.67429], [54.65496, 24.67502], [54.65523, 24.67656], [54.65428, 24.6775], [54.65256, 24.67608], [54.65065, 24.67736], [54.65177, 24.67877], [54.65291, 24.67956]]}}, {"type": "Feature", "properties": {}, "geometry": {"type": "LineString", "coordinates": [[54.38881, 24.48681], [54.38988, 24.48762], [54.38868, 24.48696], [54.38785, 24.48788], [54.38893, 24.48847], [54.38867, 24.48874], [54.38778, 24.48807], [54.38649, 24.48939], [54.38764, 24.49022], [54.38719, 24.49117], [54.38624, 24.49192], [54.38652, 24.493], [54.38593, 24.49411], [54.38512, 24.49473], [54.38533, 24.49488], [54.3848, 24.49619], [54.38531, 24.49612], [54.38476, 24.49743], [54.38394, 24.49867], [54.38313, 24.49835], [54.38136, 24.50032], [54.38179, 24.50214], [54.38456, 24.50297], [54.38463, 24.50432], [54.38425, 24.50433], [54.38421, 24.50517], [54.38475, 24.50731], [54.3856, 24.50677], [54.38576, 24.50622], [54.38621, 24.5063], [54.38662, 24.50572], [54.38718, 24.50584], [54.38728, 24.50616], [54.38635, 24.50644], [54.38736, 24.50719], [54.38702, 24.5075], [54.38607, 24.50686], [54.38488, 24.50814], [54.38585, 24.50834], [54.38623, 24.50774], [54.38645, 24.50793], [54.38569, 24.50861], [54.38618, 24.50898], [54.3872, 24.50812], [54.3866, 24.50883], [54.38748, 24.51048], [54.38656, 24.51093], [54.38658, 24.51124], [54.38836, 24.5126], [54.38957, 24.51284], [54.38978, 24.51329], [54.39024, 24.51327], [54.39022, 24.513], [54.394, 24.51498], [54.39523, 24.51493], [54.39673, 24.51562], [54.39968, 24.51783], [54.39937, 24.51816], [54.39962, 24.51834], [54.39836, 24.51957], [54.39906, 24.52088], [54.39909, 24.5228], [54.39477, 24.52746], [54.39514, 24.52777], [54.3947, 24.52754], [54.39376, 24.52854], [54.39432, 24.52887], [54.3937, 24.52865], [54.39081, 24.53174], [54.39162, 24.53231], [54.3907, 24.53181], [54.38977, 24.53229], [54.39058, 24.53178], [54.38966, 24.52638], [54.39171, 24.52412], [54.39201, 24.52436], [54.3918, 24.52401], [54.39227, 24.52438], [54.39191, 24.52391], [54.39632, 24.51922]]}}, {"type": "Feature", "properties": {}, "geometry": {"type": "LineString", "coordinates": [[54.38802, 24.42952], [54.39635, 24.42733], [54.40041, 24.4256], [54.4084, 24.42352]]}}, {"type": "Feature", "properties": {}, "geometry": {"type": "LineString", "coordinates": [[54.39256, 24.42133], [54.39368, 24.4209], [54.39354, 24.4201], [54.39499, 24.41994], [54.3957, 24.41921], [54.39579, 24.41965], [54.39644, 24.41955], [54.39708, 24.41925], [54.3971, 24.41879], [54.39759, 24.41884], [54.39741, 24.41917], [54.39809, 24.41979], [54.39899, 24.42172], [54.39878, 24.42363], [54.3978, 24.42505], [54.39633, 24.42585], [54.38088, 24.43001], [54.38068, 24.43059], [54.38095, 24.4312], [54.38148, 24.43119], [54.38802, 24.42952]]}}, {"type": "Feature", "properties": {}, "geometry": {"type": "LineString", "coordinates": [[54.50049, 24.47737], [54.49358, 24.47818], [54.49436, 24.47955], [54.49405, 24.47962], [54.49366, 24.47956], [54.49385, 24.4793], [54.49347, 24.47835], [54.49186, 24.47841], [54.49109, 24.4749], [54.4918, 24.4749], [54.49129, 24.47422], [54.49158, 24.47322], [54.4918, 24.47399], [54.49244, 24.47414], [54.49323, 24.47378], [54.49273, 24.47267], [54.49172, 24.47275], [54.49216, 24.47136], [54.49281, 24.47131], [54.49262, 24.46994], [54.51719, 24.4579], [54.51825, 24.45934], [54.51615, 24.46037], [54.5183, 24.45942], [54.51852, 24.4597], [54.51739, 24.45781], [54.51846, 24.45737], [54.51908, 24.45715], [54.51977, 24.45782], [54.51999, 24.45698], [54.52157, 24.4563], [54.52218, 24.45711], [54.52498, 24.45658], [54.52526, 24.45636], [54.52517, 24.45545], [54.52555, 24.45531], [54.53347, 24.45364], [54.53428, 24.45453], [54.53634, 24.45349], [54.53609, 24.45296], [54.53745, 24.45198], [54.53768, 24.45194], [54.53695, 24.45253], [54.53845, 24.4526], [54.54104, 24.45109], [54.54258, 24.44939], [54.5417, 24.44742], [54.54197, 24.44722], [54.54223, 24.44188], [54.54371, 24.43997], [54.54403, 24.44022], [54.54258, 24.44167], [54.54195, 24.44735], [54.54302, 24.44934], [54.54517, 24.44724], [54.54598, 24.44576], [54.54665, 24.44389], [54.54673, 24.44111], [54.54771, 24.44031], [54.54971, 24.4419], [54.5502, 24.44273], [54.55073, 24.44246], [54.55199, 24.44329], [54.55325, 24.44237], [54.55323, 24.4413], [54.55303, 24.44164], [54.55295, 24.44142], [54.55346, 24.44068], [54.55498, 24.44107], [54.5547, 24.44148], [54.55358, 24.44093], [54.55337, 24.44117], [54.55354, 24.44254], [54.5524, 24.44319], [54.55262, 24.44413], [54.55306, 24.44428], [54.55235, 24.44505], [54.55217, 24.44464], [54.55262, 24.44439], [54.55187, 24.44346], [54.55095, 24.4429], [54.55006, 24.44287], [54.54768, 24.44046], [54.54699, 24.44119], [54.54671, 24.44318], [54.5468, 24.44402], [54.54723, 24.44401], [54.54676, 24.44435], [54.54637, 24.44583], [54.54876, 24.44516], [54.55058, 24.44737], [54.54911, 24.44926], [54.54955, 24.44984], [54.54916, 24.45166], [54.54775, 24.45277], [54.54825, 24.45416], [54.54764, 24.45536], [54.55156, 24.45679], [54.5528, 24.45478], [54.55095, 24.45214], [54.55129, 24.45189], [54.55296, 24.45472], [54.55361, 24.45444], [54.55489, 24.45263], [54.55533, 24.45087], [54.55795, 24.44802], [54.55676, 24.44499], [54.55855, 24.44428], [54.55875, 24.4447], [54.55965, 24.44502], [54.56155, 24.4442], [54.56175, 24.44365], [54.56324, 24.44422], [54.56359, 24.44419], [54.56369, 24.44366], [54.56437, 24.44442], [54.56624, 24.44487], [54.5674, 24.44622], [54.56788, 24.44744], [54.56795, 24.44955], [54.56573, 24.45418], [54.56405, 24.45657], [54.56244, 24.45811], [54.5592, 24.45992], [54.55789, 24.46102], [54.55769, 24.46172], [54.55683, 24.46166], [54.54825, 24.46465], [54.54576, 24.46509], [54.53656, 24.46796], [54.53495, 24.46866], [54.53517, 24.46927], [54.53296, 24.46889], [54.53104, 24.47023], [54.52785, 24.47097], [54.52657, 24.47079], [54.52589, 24.4719], [54.52483, 24.47168], [54.52255, 24.47252], [54.52141, 24.47255], [54.52408, 24.47159], [54.5236, 24.47036], [54.52109, 24.47104], [54.51937, 24.47088], [54.51778, 24.47217], [54.51869, 24.47261], [54.52111, 24.47224], [54.51951, 24.47254], [54.51897, 24.47302], [54.51782, 24.47243], [54.51764, 24.47183], [54.51743, 24.4724], [54.51705, 24.47228], [54.51731, 24.47183], [54.5143, 24.47262], [54.51292, 24.47327], [54.5131, 24.47416], [54.51404, 24.47397], [54.51362, 24.47467], [54.51133, 24.47589], [54.51369, 24.47445], [54.51292, 24.47421], [54.51277, 24.47338], [54.51229, 24.47357], [54.51236, 24.47436], [54.50999, 24.47611], [54.50852, 24.47655], [54.50838, 24.4774], [54.50734, 24.47683], [54.50631, 24.47682], [54.5012, 24.47737], [54.50149, 24.47827], [54.50049, 24.47737]]}}, {"type": "Feature", "properties": {}, "geometry": {"type": "LineString", "coordinates": [[54.42677, 24.40961], [54.43202, 24.40775], [54.43258, 24.4079], [54.43287, 24.40885], [54.43324, 24.40881], [54.43349, 24.40839], [54.43314, 24.40764], [54.43583, 24.40656], [54.43601, 24.40595], [54.43598, 24.40655], [54.43664, 24.40635], [54.43631, 24.40589], [54.43685, 24.4063], [54.44064, 24.40517], [54.44075, 24.40454], [54.44139, 24.40432], [54.44084, 24.40463], [54.441, 24.40508], [54.44179, 24.40484], [54.44177, 24.40419], [54.4422, 24.4047], [54.44691, 24.40333], [54.44732, 24.40259], [54.44765, 24.40339], [54.44893, 24.40313], [54.44865, 24.40233], [54.44796, 24.40246], [54.44872, 24.40222], [54.44907, 24.4028], [54.45084, 24.40243], [54.4506, 24.40177], [54.44934, 24.40208], [54.45083, 24.40161], [54.45326, 24.4082], [54.44884, 24.4099], [54.43674, 24.4133], [54.43625, 24.41361], [54.43643, 24.41414], [54.42738, 24.41684], [54.42722, 24.41661], [54.42097, 24.41822], [54.42072, 24.41888], [54.42144, 24.42033], [54.4234, 24.42005], [54.42285, 24.41996], [54.42292, 24.4197], [54.42316, 24.41987], [54.42297, 24.41954], [54.424, 24.41906], [54.43092, 24.4173], [54.43248, 24.4174], [54.43479, 24.41642]]}}, {"type": "Feature", "properties": {}, "geometry": {"type": "LineString", "coordinates": [[54.40822, 24.49765], [54.40688, 24.49758], [54.40607, 24.49973], [54.40518, 24.50027], [54.4041, 24.50036], [54.4029, 24.49977], [54.40254, 24.49885], [54.40275, 24.49829], [54.40403, 24.49785], [54.40358, 24.49697], [54.40389, 24.49684], [54.40432, 24.49539], [54.40382, 24.49472], [54.40288, 24.49446], [54.4001, 24.49482], [54.39898, 24.49544], [54.39262, 24.49622], [54.39211, 24.49091], [54.39142, 24.49073], [54.39097, 24.48975], [54.39128, 24.48969], [54.3916, 24.49044], [54.39252, 24.49032], [54.3929, 24.48981], [54.39271, 24.48923], [54.3918, 24.48886], [54.39125, 24.48914], [54.39192, 24.48844], [54.39184, 24.48783], [54.3922, 24.48824], [54.39392, 24.48742], [54.39372, 24.48718], [54.39413, 24.48747], [54.39473, 24.48685], [54.3955, 24.48674], [54.3955, 24.48644], [54.3974, 24.48587], [54.40038, 24.48371], [54.40117, 24.48377], [54.40123, 24.48484], [54.40176, 24.48533], [54.4031, 24.48524], [54.40352, 24.4847], [54.40354, 24.4839], [54.40539, 24.48288], [54.40344, 24.48374], [54.40257, 24.48322], [54.40146, 24.48333], [54.40229, 24.48224], [54.40251, 24.48239], [54.40337, 24.48173], [54.40321, 24.48099], [54.40365, 24.48117], [54.40457, 24.48073], [54.40671, 24.47881], [54.40773, 24.47971], [54.40798, 24.48067], [54.40553, 24.48279], [54.40845, 24.48087], [54.40855, 24.4801], [54.40745, 24.47875], [54.41006, 24.47677], [54.41256, 24.47254], [54.41312, 24.47212], [54.41451, 24.47211], [54.41675, 24.4729], [54.41663, 24.47311], [54.42083, 24.47605], [54.42292, 24.47948], [54.42364, 24.47974], [54.42333, 24.48011], [54.42361, 24.48076], [54.42497, 24.4822], [54.42508, 24.48318], [54.42439, 24.48536], [54.42536, 24.48545], [54.42524, 24.48597], [54.42641, 24.48632], [54.42625, 24.48678], [54.42501, 24.48712], [54.42525, 24.48875], [54.42464, 24.49015], [54.42415, 24.49065], [54.42152, 24.4915], [54.42093, 24.49469], [54.42198, 24.49584], [54.42184, 24.49779], [54.42158, 24.49658], [54.421, 24.49625], [54.41929, 24.49624], [54.41848, 24.49727], [54.41878, 24.49828], [54.41942, 24.49883], [54.41844, 24.4991], [54.41878, 24.50061], [54.41916, 24.50072], [54.41941, 24.50009], [54.42052, 24.50064], [54.42115, 24.49984], [54.42119, 24.49886], [54.42177, 24.49964], [54.42164, 24.50067], [54.42213, 24.50067], [54.42177, 24.5011], [54.42065, 24.50145], [54.41946, 24.50125], [54.4173, 24.49987], [54.41784, 24.49857], [54.41727, 24.49869], [54.41767, 24.49778], [54.41762, 24.49636], [54.41851, 24.49474], [54.42069, 24.49452], [54.42127, 24.49152], [54.4197, 24.49111], [54.42027, 24.49182], [54.41908, 24.49323], [54.41814, 24.49368], [54.41599, 24.49723], [54.41641, 24.49754], [54.41565, 24.49834], [54.41539, 24.49777], [54.41232, 24.49596], [54.41275, 24.49657], [54.41164, 24.49596], [54.40822, 24.49765]]}}, {"type": "Feature", "properties": {}, "geometry": {"type": "LineString", "coordinates": [[54.40086, 24.42343], [54.40118, 24.42372], [54.40251, 24.42326], [54.40389, 24.42207], [54.40409, 24.42126], [54.40604, 24.42168]]}}, {"type": "Feature", "properties": {}, "geometry": {"type": "LineString", "coordinates": [[54.40604, 24.42168], [54.40531, 24.42034], [54.40463, 24.42026], [54.40275, 24.41857], [54.40256, 24.41778], [54.40391, 24.41712], [54.40422, 24.41734], [54.40407, 24.41699], [54.40463, 24.4166], [54.40626, 24.41697], [54.40585, 24.41572], [54.40168, 24.41711], [54.40112, 24.41719], [54.40077, 24.41676], [54.40246, 24.41615], [54.40464, 24.41601], [54.4047, 24.41567], [54.40588, 24.41537], [54.41202, 24.4145], [54.41177, 24.41584], [54.41021, 24.41482], [54.4081, 24.41563], [54.40758, 24.41534], [54.40706, 24.41582], [54.40615, 24.41578], [54.40644, 24.4164], [54.40689, 24.41648], [54.40635, 24.41703], [54.40675, 24.41774], [54.40747, 24.4174], [54.40725, 24.41682], [54.4077, 24.41669], [54.40783, 24.41623], [54.40718, 24.41605], [54.40772, 24.41579], [54.40826, 24.41662], [54.40762, 24.41746], [54.40826, 24.41716], [54.40906, 24.41788]]}}, {"type": "Feature", "properties": {}, "geometry": {"type": "LineString", "coordinates": [[54.4066, 24.42173], [54.40948, 24.42118], [54.41081, 24.4197], [54.41245, 24.41933], [54.41325, 24.42139], [54.40744, 24.42298]]}}, {"type": "Feature", "properties": {}, "geometry": {"type": "LineString", "coordinates": [[54.59079, 24.48474], [54.59129, 24.48395], [54.59249, 24.48356], [54.59373, 24.48367], [54.59538, 24.48247], [54.59659, 24.48257], [54.59792, 24.48196], [54.59879, 24.48195], [54.59832, 24.47872], [54.59883, 24.47731], [54.59968, 24.4762], [54.59888, 24.47512], [54.59944, 24.47356], [54.59792, 24.47271], [54.59818, 24.47213], [54.59797, 24.4713], [54.59718, 24.47198], [54.597, 24.47051], [54.59601, 24.46927], [54.59585, 24.46771], [54.59499, 24.46718], [54.59483, 24.46586], [54.59345, 24.46382]]}}, {"type": "Feature", "properties": {}, "geometry": {"type": "LineString", "coordinates": [[54.51652, 24.4726], [54.51656, 24.473], [54.51391, 24.47435], [54.51652, 24.4726]]}}, {"type": "Feature", "properties": {}, "geometry": {"type": "LineString", "coordinates": [[54.54957, 24.43982], [54.55242, 24.44139], [54.55028, 24.44055], [54.54942, 24.44005], [54.54957, 24.43982]]}}, {"type": "Feature", "properties": {}, "geometry": {"type": "LineString", "coordinates": [[54.3874, 24.50571], [54.38708, 24.50345], [54.3879, 24.50112], [54.3865, 24.4994], [54.38641, 24.49703], [54.38719, 24.49405], [54.38901, 24.49122], [54.39084, 24.49253], [54.39155, 24.49384], [54.39269, 24.50055], [54.39339, 24.50809], [54.3954, 24.51204], [54.3944, 24.5131], [54.39085, 24.51113], [54.38892, 24.50878], [54.3874, 24.50571]]}}, {"type": "Feature", "properties": {}, "geometry": {"type": "LineString", "coordinates": [[54.36597, 24.52902], [54.36351, 24.52876], [54.36286, 24.53366], [54.36223, 24.53362], [54.3618, 24.53308], [54.363, 24.52417], [54.3597, 24.51684], [54.35987, 24.51624], [54.36025, 24.51722], [54.36101, 24.51661], [54.36085, 24.51629], [54.36659, 24.512], [54.37395, 24.51745], [54.3752, 24.51604]]}}, {"type": "Feature", "properties": {}, "geometry": {"type": "LineString", "coordinates": [[54.39632, 24.51922], [54.39656, 24.51895], [54.396, 24.51891], [54.39222, 24.51595], [54.38612, 24.52248], [54.38578, 24.52213], [54.37899, 24.52693], [54.37808, 24.52587], [54.37625, 24.52718], [54.37765, 24.52946], [54.37986, 24.52828], [54.38287, 24.52998], [54.38652, 24.53583], [54.38605, 24.53611], [54.38606, 24.53674], [54.38519, 24.53796], [54.38327, 24.53902], [54.38356, 24.53938], [54.38413, 24.53921], [54.38364, 24.53981], [54.38424, 24.54055], [54.38503, 24.54053], [54.38407, 24.54069], [54.38327, 24.53948], [54.37976, 24.54113], [54.37888, 24.54113], [54.35937, 24.53644], [54.35808, 24.53585], [54.35629, 24.53416], [54.35865, 24.53592], [54.35918, 24.53554], [54.36501, 24.5362], [54.36597, 24.52902]]}}, {"type": "Feature", "properties": {}, "geometry": {"type": "LineString", "coordinates": [[54.39383, 24.53014], [54.39247, 24.53168], [54.39383, 24.53014]]}}, {"type": "Feature", "properties": {}, "geometry": {"type": "LineString", "coordinates": [[54.48776, 24.40935], [54.48599, 24.41628], [54.48562, 24.41896], [54.48447, 24.42168], [54.48498, 24.42289], [54.48405, 24.42403], [54.48363, 24.42401], [54.48304, 24.4233], [54.48328, 24.42293], [54.48399, 24.42327], [54.48434, 24.4229], [54.4838, 24.42244], [54.48288, 24.42253], [54.48235, 24.42335], [54.48307, 24.4242], [54.48469, 24.42393], [54.48475, 24.42456], [54.48322, 24.4249], [54.4802, 24.42749], [54.48025, 24.4281], [54.4801, 24.42775], [54.4785, 24.42799], [54.47855, 24.42836], [54.47727, 24.42835], [54.47617, 24.42907], [54.47667, 24.42935], [54.47546, 24.4289], [54.47502, 24.42996], [54.47183, 24.43175], [54.46986, 24.43339], [54.47021, 24.4337], [54.46997, 24.43389]]}}, {"type": "Feature", "properties": {}, "geometry": {"type": "LineString", "coordinates": [[54.47101, 24.43456], [54.47176, 24.43411], [54.47466, 24.43609], [54.47414, 24.43688], [54.47344, 24.4397], [54.47284, 24.4395], [54.47166, 24.44279], [54.4703, 24.44268], [54.47031, 24.44227], [54.4715, 24.4421], [54.47234, 24.43925], [54.47021, 24.43792], [54.46972, 24.43907], [54.4701, 24.43983], [54.46943, 24.44007], [54.46896, 24.43956], [54.46954, 24.43891], [54.46986, 24.43778], [54.46894, 24.43706], [54.4699, 24.43567], [54.46982, 24.43512], [54.47013, 24.43562], [54.47101, 24.43456]]}}, {"type": "Feature", "properties": {}, "geometry": {"type": "LineString", "coordinates": [[54.46997, 24.43389], [54.46866, 24.43469], [54.46811, 24.43606], [54.46844, 24.43666], [54.46769, 24.43742], [54.46801, 24.43782], [54.46755, 24.43829], [54.46726, 24.43948], [54.46651, 24.43927], [54.46675, 24.43969], [54.46648, 24.44016], [54.46679, 24.44031], [54.46706, 24.43998], [54.46636, 24.44149], [54.46552, 24.44056], [54.46518, 24.44069], [54.46513, 24.44018], [54.46248, 24.4377], [54.46145, 24.43729], [54.45983, 24.43856], [54.45886, 24.43865], [54.45534, 24.44062], [54.45198, 24.44165], [54.45769, 24.44202]]}}, {"type": "Feature", "properties": {}, "geometry": {"type": "LineString", "coordinates": [[54.45138, 24.4429], [54.44861, 24.44368], [54.44847, 24.44412], [54.44801, 24.44325], [54.44596, 24.44395], [54.44592, 24.44445], [54.44379, 24.44522], [54.44324, 24.44617], [54.44198, 24.44584], [54.44171, 24.44544], [54.4413, 24.44549], [54.44156, 24.44603], [54.44099, 24.44626], [54.44046, 24.4453], [54.44015, 24.44575], [54.44031, 24.44638], [54.43885, 24.44637], [54.43855, 24.44687], [54.43692, 24.44713], [54.43193, 24.44611], [54.43071, 24.44489], [54.42449, 24.4438], [54.42157, 24.44407], [54.40909, 24.44897], [54.40765, 24.45072], [54.40454, 24.45656]]}}, {"type": "Feature", "properties": {}, "geometry": {"type": "LineString", "coordinates": [[54.33815, 24.45321], [54.33786, 24.45258], [54.3364, 24.45263], [54.33632, 24.45216], [54.33612, 24.45248], [54.33494, 24.45249], [54.33248, 24.45206], [54.33408, 24.45159], [54.33402, 24.45128], [54.33249, 24.45148], [54.33239, 24.4512], [54.33121, 24.45114], [54.33106, 24.45153], [54.32988, 24.45156], [54.32875, 24.4503], [54.3301, 24.45139], [54.33106, 24.45136], [54.33108, 24.45095], [54.33032, 24.45059], [54.33015, 24.45014], [54.32935, 24.45035], [54.3297, 24.45002], [54.33154, 24.44981], [54.33158, 24.44943], [54.32996, 24.44899], [54.32911, 24.44981], [54.32882, 24.44955], [54.32964, 24.44879], [54.33133, 24.44913], [54.33084, 24.44864], [54.33175, 24.44883], [54.33177, 24.44981], [54.33213, 24.44981], [54.33213, 24.45011], [54.33292, 24.44978], [54.33373, 24.4501], [54.33368, 24.44981], [54.33453, 24.44969], [54.33483, 24.44928], [54.33478, 24.44891], [54.33425, 24.44913], [54.33401, 24.44805], [54.33689, 24.44779], [54.33704, 24.44915], [54.33561, 24.44912], [54.33552, 24.45032], [54.33721, 24.45056], [54.33745, 24.44999], [54.33727, 24.44787], [54.33857, 24.44795], [54.33862, 24.449], [54.33807, 24.44893], [54.33806, 24.4493], [54.3386, 24.44922], [54.33864, 24.44984], [54.34002, 24.44992], [54.34066, 24.45038], [54.34048, 24.4521], [54.33894, 24.45254], [54.33989, 24.45276], [54.34026, 24.45402], [54.33979, 24.45427], [54.34225, 24.45403], [54.34705, 24.4528], [54.34781, 24.45169], [54.34752, 24.45054], [54.34242, 24.45081], [54.34189, 24.45056], [54.34175, 24.44986], [54.35066, 24.44312], [54.35183, 24.44434], [54.3522, 24.44406], [54.35106, 24.44283], [54.35352, 24.44083], [54.35372, 24.44103], [54.35656, 24.43822], [54.35736, 24.4382], [54.35999, 24.43575], [54.36057, 24.43563], [54.36365, 24.43242], [54.36512, 24.4315], [54.36588, 24.43053], [54.36617, 24.43063], [54.36608, 24.43032], [54.36655, 24.42994], [54.36739, 24.43096], [54.36815, 24.43062], [54.3674, 24.42942], [54.36765, 24.42904], [54.36904, 24.42918], [54.36999, 24.42978], [54.37031, 24.42895], [54.37133, 24.42899]]}}, {"type": "Feature", "properties": {}, "geometry": {"type": "LineString", "coordinates": [[54.43508, 24.41634], [54.44085, 24.41492], [54.44156, 24.41426], [54.44284, 24.41383], [54.44603, 24.41334], [54.46667, 24.40614], [54.46667, 24.40529], [54.46625, 24.40473], [54.46664, 24.40407], [54.46645, 24.40382], [54.45828, 24.40659], [54.45681, 24.40632], [54.45605, 24.40534], [54.45483, 24.40218], [54.45552, 24.40066], [54.4562, 24.4003]]}}, {"type": "Feature", "properties": {}, "geometry": {"type": "LineString", "coordinates": [[54.37678, 24.51282], [54.37049, 24.50656], [54.36911, 24.50567], [54.36842, 24.50458], [54.36724, 24.50388], [54.36641, 24.50267], [54.36496, 24.50171], [54.3642, 24.50064], [54.35944, 24.49678], [54.35779, 24.49646], [54.35703, 24.49495], [54.35159, 24.49138], [54.3514, 24.49094]]}}, {"type": "Feature", "properties": {}, "geometry": {"type": "LineString", "coordinates": [[54.28819, 24.43933], [54.28725, 24.43881], [54.28923, 24.43509], [54.29011, 24.43501], [54.29213, 24.43594], [54.29225, 24.43712], [54.28994, 24.44027], [54.28819, 24.43933]]}}, {"type": "Feature", "properties": {}, "geometry": {"type": "LineString", "coordinates": [[54.2766, 24.43231], [54.27729, 24.4312], [54.28039, 24.42961], [54.28131, 24.42957], [54.28226, 24.43063], [54.28217, 24.43149], [54.28146, 24.43207], [54.28059, 24.43414], [54.28004, 24.43462], [54.27841, 24.43405], [54.2766, 24.43231]]}}, {"type": "Feature", "properties": {}, "geometry": {"type": "LineString", "coordinates": [[54.22754, 24.41058], [54.22583, 24.40868], [54.22483, 24.40907], [54.22361, 24.40811], [54.22401, 24.40776], [54.22312, 24.40603], [54.21918, 24.39984], [54.21314, 24.39538], [54.21382, 24.39421], [54.21606, 24.39549], [54.21999, 24.39872], [54.22199, 24.40149], [54.22342, 24.40434], [54.22377, 24.40616], [54.22508, 24.40825], [54.22629, 24.40772], [54.22658, 24.40629], [54.22601, 24.40491], [54.22726, 24.40442], [54.23111, 24.41191], [54.23167, 24.41466], [54.23275, 24.4172], [54.23326, 24.41733], [54.2347, 24.41939], [54.23573, 24.42001], [54.23643, 24.42], [54.23668, 24.42042], [54.23482, 24.42081], [54.23315, 24.41962], [54.22934, 24.41427], [54.22754, 24.41058]]}}, {"type": "Feature", "properties": {}, "geometry": {"type": "LineString", "coordinates": [[54.42029, 24.29619], [54.4223, 24.29964], [54.42003, 24.301], [54.41906, 24.30322], [54.41841, 24.30362], [54.39678, 24.29912], [54.39557, 24.29929], [54.3941, 24.29855], [54.38912, 24.30504], [54.3848, 24.30941], [54.38328, 24.30939], [54.38126, 24.30865], [54.38058, 24.30803], [54.38011, 24.30689], [54.38058, 24.3055], [54.38284, 24.30245], [54.38786, 24.29682], [54.38988, 24.29596], [54.39071, 24.29623], [54.39178, 24.29605], [54.3938, 24.29392], [54.39655, 24.29284], [54.39977, 24.29227], [54.40712, 24.29213], [54.41306, 24.29305], [54.41805, 24.29496], [54.42029, 24.29619]]}}, {"type": "Feature", "properties": {}, "geometry": {"type": "LineString", "coordinates": [[54.61316, 24.62723], [54.6138, 24.62751], [54.61445, 24.62863], [54.61333, 24.62781], [54.61227, 24.62757], [54.61316, 24.62723]]}}, {"type": "Feature", "properties": {}, "geometry": {"type": "LineString", "coordinates": [[54.60912, 24.62988], [54.61084, 24.62862], [54.60988, 24.63031], [54.61124, 24.63011], [54.6123, 24.6307], [54.60971, 24.63041], [54.60912, 24.62988]]}}, {"type": "Feature", "properties": {}, "geometry": {"type": "LineString", "coordinates": [[54.60744, 24.63059], [54.60746, 24.63256], [54.60606, 24.63501], [54.60457, 24.63569], [54.60393, 24.63647], [54.60384, 24.63755], [54.60068, 24.64111], [54.59988, 24.6413], [54.59935, 24.64239], [54.59817, 24.64231], [54.59844, 24.6419], [54.59829, 24.64104], [54.59927, 24.63931], [54.60147, 24.63725], [54.60236, 24.63413], [54.60389, 24.6328], [54.60591, 24.63248], [54.60637, 24.63155], [54.60609, 24.63076], [54.60744, 24.63059]]}}, {"type": "Feature", "properties": {}, "geometry": {"type": "LineString", "coordinates": [[54.61772, 24.69403], [54.6178, 24.69165], [54.61838, 24.69091], [54.61699, 24.68733], [54.61723, 24.68677], [54.61781, 24.6865], [54.61841, 24.68677], [54.61894, 24.68571], [54.6193, 24.68248], [54.62009, 24.68218], [54.62154, 24.68045], [54.62224, 24.68318], [54.62143, 24.68466], [54.6201, 24.68552], [54.61982, 24.68651], [54.61865, 24.68811], [54.61854, 24.68884], [54.61921, 24.69093], [54.61839, 24.69246], [54.618, 24.69465]]}}, {"type": "Feature", "properties": {}, "geometry": {"type": "LineString", "coordinates": [[54.59578, 24.65077], [54.59159, 24.64986], [54.5913, 24.64955], [54.59192, 24.64928], [54.59202, 24.64846], [54.593, 24.64686], [54.59327, 24.64684], [54.59227, 24.64882], [54.59331, 24.64788], [54.59335, 24.64818], [54.59513, 24.64786], [54.59781, 24.6455], [54.59879, 24.64743], [54.5978, 24.64861], [54.59845, 24.65023], [54.59756, 24.65115], [54.59578, 24.65077]]}}, {"type": "Feature", "properties": {}, "geometry": {"type": "LineString", "coordinates": [[54.61742, 24.66442], [54.61779, 24.66346], [54.61864, 24.66303], [54.6198, 24.66368], [54.62087, 24.66352], [54.61999, 24.66544], [54.62128, 24.666], [54.62147, 24.66765], [54.62242, 24.6687], [54.6226, 24.6676], [54.62326, 24.66774], [54.62309, 24.66872], [54.6227, 24.66902], [54.62289, 24.66955], [54.62371, 24.66994], [54.62378, 24.67111], [54.62476, 24.67168], [54.62491, 24.67309], [54.62473, 24.67434], [54.62323, 24.67592], [54.62292, 24.67578], [54.62239, 24.67322], [54.62202, 24.67281], [54.62238, 24.67266], [54.62003, 24.66855], [54.61946, 24.66618], [54.61742, 24.66442]]}}, {"type": "Feature", "properties": {}, "geometry": {"type": "LineString", "coordinates": [[54.2197, 24.43842], [54.22052, 24.43916], [54.22034, 24.4398], [54.21878, 24.44079], [54.22009, 24.44306], [54.22181, 24.44487], [54.22201, 24.44586], [54.22258, 24.4453], [54.22299, 24.44534], [54.22289, 24.44586], [54.22357, 24.44598], [54.22548, 24.44578], [54.22505, 24.44528], [54.22455, 24.44526], [54.22452, 24.44349], [54.22557, 24.44384], [54.22631, 24.44368], [54.22747, 24.44244], [54.22763, 24.44168], [54.22581, 24.43939], [54.22206, 24.43892], [54.22164, 24.43844], [54.22185, 24.43786], [54.22448, 24.43776], [54.22559, 24.43682], [54.22761, 24.43776], [54.22916, 24.43897], [54.22961, 24.43887], [54.23009, 24.43939], [54.23039, 24.4419], [54.23077, 24.4419], [54.23055, 24.44146], [54.23095, 24.44127], [54.23067, 24.44083], [54.23168, 24.44113], [54.23147, 24.44266], [54.23047, 24.44455], [54.22998, 24.44658], [54.22776, 24.4494], [54.22762, 24.45014], [54.22126, 24.44634], [54.21585, 24.44067], [54.21692, 24.44018], [54.21816, 24.43896], [54.2197, 24.43842]]}}, {"type": "Feature", "properties": {}, "geometry": {"type": "LineString", "coordinates": [[54.40726, 24.42316], [54.39917, 24.42542], [54.40021, 24.42327], [54.40078, 24.42317], [54.40086, 24.42343]]}}, {"type": "Feature", "properties": {}, "geometry": {"type": "LineString", "coordinates": [[54.4136, 24.41796], [54.41372, 24.4174], [54.41689, 24.41655], [54.41688, 24.41623], [54.41724, 24.41638], [54.41745, 24.416], [54.41714, 24.41575], [54.41661, 24.41588], [54.41718, 24.41561], [54.4182, 24.41388], [54.41873, 24.41357], [54.41862, 24.41328], [54.41813, 24.41345], [54.41919, 24.41229], [54.42056, 24.41198], [54.42242, 24.41272], [54.42325, 24.41229], [54.42281, 24.41111], [54.42222, 24.41115], [54.42677, 24.40961]]}}, {"type": "Feature", "properties": {}, "geometry": {"type": "LineString", "coordinates": [[54.60576, 24.46562], [54.60563, 24.46643], [54.6069, 24.46661], [54.60663, 24.46827], [54.60503, 24.46806], [54.60487, 24.46906], [54.60755, 24.4694], [54.60771, 24.4683], [54.6085, 24.46841], [54.60857, 24.46788], [54.60986, 24.46804]]}}, {"type": "Feature", "properties": {}, "geometry": {"type": "LineString", "coordinates": [[54.60986, 24.46804], [54.60937, 24.47095]]}}, {"type": "Feature", "properties": {}, "geometry": {"type": "LineString", "coordinates": [[54.60194, 24.51616], [54.60213, 24.51716], [54.60394, 24.51693], [54.60264, 24.51938], [54.59911, 24.51668], [54.59738, 24.5147], [54.5911, 24.50955], [54.58488, 24.5071], [54.58189, 24.50673], [54.57528, 24.50812], [54.57425, 24.50783], [54.57271, 24.50102], [54.57183, 24.49971], [54.57245, 24.4984], [54.58116, 24.48823], [54.58338, 24.48723], [54.58383, 24.48716], [54.58401, 24.48753], [54.58402, 24.48703], [54.58923, 24.48484], [54.59079, 24.48474]]}}, {"type": "Feature", "properties": {}, "geometry": {"type": "LineString", "coordinates": [[54.62258, 24.4817], [54.63094, 24.48511], [54.63237, 24.48633], [54.63384, 24.48864], [54.63416, 24.49119], [54.63204, 24.50676], [54.63142, 24.50835], [54.62997, 24.51027]]}}, {"type": "Feature", "properties": {}, "geometry": {"type": "LineString", "coordinates": [[54.62997, 24.51027], [54.62803, 24.51172], [54.62565, 24.51245], [54.60194, 24.51616]]}}, {"type": "Feature", "properties": {}, "geometry": {"type": "LineString", "coordinates": [[54.61042, 24.4635], [54.60982, 24.46755], [54.60898, 24.46746], [54.60924, 24.46571], [54.60831, 24.46558], [54.60838, 24.46507], [54.60676, 24.46497], [54.60576, 24.46562]]}}, {"type": "Feature", "properties": {}, "geometry": {"type": "LineString", "coordinates": [[54.60937, 24.47095], [54.60949, 24.47198], [54.609, 24.4747], [54.6093, 24.47571], [54.61031, 24.47688], [54.61268, 24.47793], [54.61317, 24.4778], [54.61317, 24.47807], [54.61407, 24.47843], [54.61437, 24.47829], [54.61491, 24.47878], [54.61548, 24.47872], [54.61605, 24.4792], [54.61668, 24.47914], [54.61671, 24.47943], [54.62258, 24.4817]]}}, {"type": "Feature", "properties": {}, "geometry": {"type": "LineString", "coordinates": [[54.3752, 24.51604], [54.3679, 24.51063], [54.36939, 24.50893], [54.37313, 24.51158], [54.37344, 24.51125], [54.37375, 24.51147], [54.37345, 24.5118], [54.37523, 24.51336], [54.37678, 24.51282]]}}, {"type": "Feature", "properties": {}, "geometry": {"type": "LineString", "coordinates": [[54.58069, 24.46709], [54.57015, 24.45718], [54.57057, 24.45417], [54.57149, 24.45345], [54.58968, 24.45867], [54.58937, 24.46054], [54.58109, 24.46721], [54.58069, 24.46709]]}}, {"type": "Feature", "properties": {}, "geometry": {"type": "LineString", "coordinates": [[54.58677, 24.47595], [54.58333, 24.4695], [54.58333, 24.46877], [54.58677, 24.47595]]}}, {"type": "Feature", "properties": {}, "geometry": {"type": "LineString", "coordinates": [[54.58315, 24.46936], [54.58159, 24.46788], [54.58171, 24.46762], [54.58317, 24.46903], [54.58315, 24.46936]]}}, {"type": "Feature", "properties": {}, "geometry": {"type": "LineString", "coordinates": [[54.61216, 24.45475], [54.61138, 24.45375], [54.61192, 24.45252], [54.61353, 24.45158], [54.61385, 24.45086], [54.61367, 24.45025], [54.60519, 24.44759], [54.60238, 24.4473], [54.59938, 24.44646], [54.59831, 24.44665], [54.59523, 24.44604], [54.59148, 24.44625], [54.58595, 24.44344], [54.58128, 24.44329], [54.58021, 24.44206], [54.57879, 24.44137], [54.57675, 24.4414], [54.57493, 24.4425], [54.57527, 24.44106], [54.57499, 24.44099], [54.57357, 24.44153], [54.5739, 24.44277], [54.57152, 24.44311], [54.57165, 24.44378], [54.5737, 24.44354], [54.5728, 24.44441], [54.57178, 24.44469], [54.57206, 24.44504], [54.57152, 24.44503], [54.57165, 24.4447], [54.56611, 24.44277], [54.56702, 24.44008], [54.56946, 24.4407], [54.57291, 24.44091], [54.57328, 24.44074], [54.57346, 24.43996], [54.57174, 24.43945], [54.57079, 24.43967], [54.57068, 24.43871], [54.5693, 24.43839], [54.56731, 24.43897], [54.56783, 24.43779], [54.56713, 24.43753], [54.56723, 24.43722], [54.56669, 24.43864], [54.567, 24.43718], [54.56574, 24.43698], [54.56576, 24.43778], [54.56532, 24.43802], [54.56505, 24.43762], [54.56546, 24.43702], [54.56373, 24.43614], [54.56285, 24.43616], [54.56273, 24.43707], [54.56232, 24.4372], [54.56208, 24.43686], [54.56255, 24.4362], [54.56175, 24.43581], [54.56111, 24.43772], [54.56139, 24.43809], [54.56243, 24.43811], [54.56288, 24.43867], [54.56416, 24.43899], [54.56448, 24.43865], [54.5665, 24.43982], [54.56631, 24.44035], [54.56534, 24.44096], [54.56528, 24.44178], [54.56479, 24.4423], [54.56343, 24.44195], [54.56285, 24.44131], [54.56095, 24.44114], [54.56092, 24.44062], [54.56055, 24.44045], [54.55863, 24.44035], [54.55947, 24.43892], [54.56117, 24.43813], [54.5609, 24.43781], [54.5593, 24.43856], [54.55741, 24.43757], [54.55733, 24.43792], [54.55814, 24.43816], [54.55744, 24.44024], [54.556, 24.43983], [54.55615, 24.43937], [54.55494, 24.43903], [54.55473, 24.43963], [54.55417, 24.43933], [54.55431, 24.43885], [54.55334, 24.43858], [54.55314, 24.43905], [54.55251, 24.439], [54.55268, 24.43852], [54.549, 24.43748], [54.54883, 24.43796], [54.54827, 24.43767], [54.5484, 24.43718], [54.54744, 24.4369], [54.54724, 24.43737], [54.5466, 24.43732], [54.54681, 24.43671], [54.54559, 24.43637], [54.54543, 24.43682], [54.544, 24.43642], [54.5447, 24.43433], [54.54699, 24.43499], [54.54707, 24.43476], [54.55312, 24.43673], [54.5532, 24.4365], [54.55704, 24.43785], [54.55718, 24.4375], [54.55545, 24.43676], [54.5512, 24.43579], [54.54925, 24.4346], [54.54868, 24.43483], [54.54443, 24.43387], [54.54348, 24.43668], [54.54228, 24.43634], [54.54227, 24.43585], [54.5414, 24.43558], [54.5411, 24.43591], [54.53898, 24.4354], [54.54007, 24.4322], [54.53813, 24.43182], [54.53799, 24.43219], [54.53946, 24.43262], [54.53862, 24.4345], [54.53629, 24.43364], [54.5361, 24.43418], [54.5348, 24.43382], [54.5351, 24.43295], [54.53452, 24.4328], [54.53438, 24.43321], [54.53283, 24.43278], [54.53297, 24.43234], [54.53242, 24.43218], [54.53211, 24.43304], [54.5308, 24.43267], [54.53099, 24.43212], [54.52854, 24.43163], [54.52902, 24.42964], [54.53778, 24.43214], [54.53793, 24.43177], [54.52878, 24.42898], [54.52815, 24.43081], [54.52662, 24.43036], [54.5269, 24.42957], [54.52664, 24.42948], [54.52492, 24.42899], [54.52464, 24.42979], [54.51958, 24.42834], [54.52033, 24.42623], [54.52089, 24.4264], [54.52126, 24.42539], [54.52068, 24.42522], [54.52113, 24.42394], [54.52293, 24.42501], [54.52297, 24.42589], [54.52433, 24.42608], [54.52464, 24.42582], [54.52459, 24.42544], [54.52215, 24.42379]]}}, {"type": "Feature", "properties": {}, "geometry": {"type": "LineString", "coordinates": [[54.52568, 24.43257], [54.5376, 24.43605], [54.53895, 24.43702], [54.54083, 24.44077], [54.54037, 24.44237], [54.54047, 24.44171], [54.53993, 24.44312], [54.53918, 24.44378], [54.53873, 24.44393], [54.53825, 24.44335], [54.53888, 24.442], [54.53838, 24.44067], [54.53703, 24.44132], [54.53705, 24.44162], [54.53625, 24.44179], [54.53571, 24.44265], [54.53642, 24.44327], [54.53514, 24.44297], [54.53239, 24.44543], [54.53417, 24.44906], [54.53502, 24.4483], [54.5344, 24.44945], [54.5359, 24.45135], [54.53557, 24.45161], [54.53172, 24.44591], [54.53037, 24.44696], [54.52948, 24.447], [54.52832, 24.44765], [54.52781, 24.44823], [54.52801, 24.44856], [54.52745, 24.44903], [54.52752, 24.44945], [54.52659, 24.44942], [54.52733, 24.45003], [54.52574, 24.45169], [54.52614, 24.45243], [54.52562, 24.4529], [54.52388, 24.45139], [54.52349, 24.45127], [54.52271, 24.45172], [54.52241, 24.45123], [54.5206, 24.45135], [54.5203, 24.45456]]}}, {"type": "Feature", "properties": {}, "geometry": {"type": "LineString", "coordinates": [[54.50298, 24.46114], [54.50255, 24.46143], [54.50282, 24.46218], [54.50087, 24.45863], [54.49953, 24.45885], [54.49844, 24.45845], [54.49825, 24.45707], [54.49836, 24.45585], [54.49969, 24.45469], [54.50137, 24.44937], [54.50095, 24.44934], [54.50112, 24.44884], [54.5014, 24.44922], [54.50188, 24.44809], [54.50219, 24.44705], [54.50175, 24.44701], [54.50192, 24.44651], [54.50226, 24.4469], [54.50257, 24.44604], [54.50235, 24.44585], [54.50257, 24.44602], [54.50349, 24.443], [54.50141, 24.44226], [54.49536, 24.44219], [54.4937, 24.44663], [54.49258, 24.44624], [54.49253, 24.44579], [54.49312, 24.44561], [54.49262, 24.44577], [54.49268, 24.44607], [54.49368, 24.44634], [54.49419, 24.4452], [54.49375, 24.44549], [54.49378, 24.44495], [54.49361, 24.44535], [54.49268, 24.44557], [54.49171, 24.44262], [54.49114, 24.44267], [54.49088, 24.44311], [54.48939, 24.4427], [54.48854, 24.44288]]}}, {"type": "Feature", "properties": {}, "geometry": {"type": "LineString", "coordinates": [[54.48854, 24.44288], [54.48856, 24.44322], [54.48813, 24.44324], [54.4871, 24.44213], [54.48658, 24.44284], [54.48504, 24.44281], [54.48468, 24.44232], [54.48455, 24.44281], [54.48414, 24.44246], [54.48427, 24.44345], [54.4839, 24.44346], [54.48323, 24.44238], [54.48305, 24.44304], [54.48192, 24.44372], [54.48206, 24.44441], [54.4809, 24.44516], [54.48227, 24.44805], [54.48306, 24.44887], [54.48666, 24.44883], [54.48737, 24.44936], [54.48716, 24.44998], [54.48748, 24.45013], [54.48824, 24.45554], [54.48507, 24.45573], [54.48398, 24.45333], [54.48343, 24.45334], [54.48441, 24.45473], [54.48453, 24.45563], [54.4849, 24.45558], [54.48405, 24.45658], [54.48198, 24.45429], [54.48203, 24.45361], [54.48139, 24.45254], [54.48154, 24.45196], [54.4798, 24.44745], [54.4779, 24.44485], [54.47831, 24.4442], [54.4767, 24.44288], [54.47502, 24.44279], [54.4751, 24.44238], [54.47698, 24.44269], [54.47633, 24.43999], [54.47727, 24.4368], [54.48005, 24.43351], [54.48492, 24.43257], [54.49075, 24.43222], [54.49214, 24.43247], [54.49258, 24.43205], [54.4936, 24.432], [54.49511, 24.43244], [54.49557, 24.43202], [54.49678, 24.43219], [54.49702, 24.4316], [54.49682, 24.43022], [54.49544, 24.43006], [54.49648, 24.43], [54.49665, 24.42918], [54.49718, 24.42882], [54.49689, 24.42766], [54.4972, 24.42737], [54.49703, 24.42614], [54.49744, 24.4259], [54.50408, 24.42574], [54.50454, 24.42616], [54.50529, 24.42616], [54.50592, 24.42679], [54.50585, 24.4259], [54.50623, 24.42586], [54.50634, 24.42676], [54.50629, 24.42578], [54.50713, 24.42569], [54.50642, 24.4259], [54.50676, 24.42688], [54.50772, 24.42562], [54.50799, 24.42615], [54.5096, 24.42629], [54.51014, 24.42573], [54.50983, 24.42552], [54.51069, 24.4255], [54.51036, 24.42585], [54.51055, 24.42654], [54.51136, 24.42606], [54.5109, 24.42576], [54.511, 24.42548], [54.51174, 24.42556], [54.51192, 24.42588], [54.51192, 24.42526], [54.51286, 24.42544], [54.51447, 24.42737], [54.51599, 24.42783], [54.51817, 24.43051], [54.52101, 24.43124], [54.52177, 24.43103], [54.52368, 24.43202], [54.52568, 24.43257]]}}, {"type": "Feature", "properties": {}, "geometry": {"type": "LineString", "coordinates": [[54.2998, 24.37836], [54.30061, 24.37827], [54.30653, 24.37508], [54.30797, 24.3748], [54.30961, 24.3731], [54.31349, 24.37055], [54.31515, 24.36855], [54.31593, 24.3637], [54.31568, 24.36351], [54.31459, 24.36389], [54.31497, 24.36273], [54.31401, 24.36224], [54.31312, 24.36055], [54.31218, 24.3617], [54.31111, 24.36186], [54.31091, 24.36075], [54.31146, 24.35942], [54.31045, 24.35907], [54.30975, 24.36243], [54.31008, 24.36467], [54.30759, 24.36973], [54.30537, 24.37226], [54.29986, 24.37509], [54.29826, 24.37707], [54.29458, 24.37772], [54.29436, 24.37705], [54.29506, 24.37659], [54.29555, 24.37256], [54.29408, 24.37125], [54.29277, 24.37106], [54.29021, 24.3724], [54.29096, 24.3711], [54.29153, 24.36877], [54.29308, 24.36954], [54.29334, 24.36854], [54.29453, 24.36901], [54.29576, 24.36848], [54.29599, 24.36789], [54.2952, 24.36424], [54.2936, 24.36356], [54.29417, 24.36006], [54.29301, 24.3594], [54.29304, 24.35616], [54.29186, 24.35619], [54.29176, 24.35707], [54.29135, 24.35706], [54.29112, 24.35551], [54.29153, 24.35381], [54.29062, 24.35356], [54.29156, 24.35208], [54.2905, 24.35164], [54.2905, 24.35116], [54.2898, 24.35049], [54.289, 24.35042], [54.28932, 24.34931], [54.28807, 24.34715], [54.29539, 24.34284], [54.29876, 24.33445], [54.29748, 24.33361], [54.29714, 24.33387], [54.29662, 24.33369], [54.29681, 24.33348], [54.29637, 24.33281], [54.2987, 24.33422], [54.29944, 24.33337]]}}, {"type": "Feature", "properties": {}, "geometry": {"type": "LineString", "coordinates": [[54.29944, 24.33337], [54.30228, 24.32944], [54.30261, 24.32827], [54.30244, 24.32626], [54.30385, 24.32331], [54.3067, 24.31977], [54.30963, 24.31474], [54.31486, 24.30928], [54.31429, 24.31364], [54.31449, 24.31673], [54.3151, 24.31804], [54.31669, 24.3198], [54.32102, 24.32213], [54.32226, 24.32251], [54.32413, 24.32229], [54.32572, 24.3227], [54.32586, 24.32364], [54.32523, 24.32685], [54.3257, 24.32908], [54.32733, 24.33253], [54.32826, 24.33366], [54.33027, 24.34035], [54.33103, 24.34182], [54.33175, 24.34212], [54.33184, 24.34451], [54.33228, 24.34457], [54.33241, 24.34423], [54.33246, 24.34213], [54.33271, 24.3435], [54.33325, 24.34403], [54.34378, 24.3498], [54.34743, 24.3525], [54.35038, 24.35338], [54.35314, 24.35254], [54.3504, 24.35374], [54.3477, 24.35654], [54.34734, 24.35742], [54.34609, 24.35802], [54.34315, 24.36104], [54.34076, 24.36274], [54.34013, 24.36501], [54.33776, 24.36757], [54.33814, 24.36984], [54.33879, 24.37115], [54.33839, 24.37133], [54.33788, 24.37103], [54.33819, 24.37042], [54.33749, 24.36829], [54.33566, 24.36744], [54.33392, 24.36772], [54.3334, 24.36914], [54.33101, 24.37226], [54.3311, 24.37272], [54.33192, 24.37332], [54.33185, 24.37383], [54.33083, 24.37271], [54.32974, 24.37278], [54.32464, 24.3786], [54.32338, 24.38154], [54.32256, 24.3825], [54.32088, 24.38309], [54.31987, 24.38506], [54.31853, 24.38549], [54.31747, 24.38543], [54.31412, 24.38675], [54.31391, 24.38709], [54.31461, 24.38827], [54.31241, 24.38989], [54.31168, 24.39088], [54.31214, 24.39174], [54.31077, 24.39331], [54.31127, 24.39469], [54.30869, 24.39522], [54.30827, 24.39558], [54.30774, 24.39545], [54.30729, 24.39585], [54.30769, 24.39606], [54.30683, 24.39617], [54.30706, 24.39544], [54.30628, 24.39517], [54.3055, 24.39626], [54.30355, 24.39678], [54.30298, 24.39647], [54.30199, 24.39666], [54.30126, 24.39694], [54.30117, 24.39743], [54.30095, 24.39697], [54.30032, 24.3968], [54.29982, 24.39683], [54.29973, 24.39726], [54.2996, 24.39698], [54.29825, 24.39678], [54.29486, 24.39675], [54.29446, 24.39699], [54.29375, 24.399], [54.29367, 24.39833], [54.29218, 24.39785], [54.29244, 24.3974], [54.29193, 24.39595], [54.29293, 24.39522], [54.29253, 24.39379], [54.29262, 24.39269], [54.28901, 24.38517], [54.28966, 24.38463], [54.29058, 24.3821], [54.29132, 24.38117], [54.29209, 24.38085], [54.29275, 24.3793], [54.29589, 24.37882], [54.29802, 24.37787], [54.2998, 24.37836]]}}, {"type": "Feature", "properties": {}, "geometry": {"type": "LineString", "coordinates": [[54.3514, 24.49094], [54.35038, 24.49109], [54.34857, 24.48822], [54.34508, 24.48118], [54.34591, 24.48044], [54.34496, 24.4786], [54.34362, 24.47852], [54.34365, 24.47793], [54.34232, 24.47622], [54.33873, 24.47316], [54.329, 24.46745], [54.32807, 24.46724], [54.32812, 24.46697], [54.32597, 24.46547], [54.32394, 24.46503], [54.32345, 24.46534], [54.32298, 24.46839], [54.32334, 24.46889], [54.32283, 24.46929], [54.3226, 24.47038], [54.32584, 24.47274], [54.32609, 24.47251], [54.3271, 24.47327], [54.32687, 24.47356], [54.32972, 24.47557], [54.32947, 24.47596], [54.32985, 24.4762], [54.33044, 24.4755], [54.33087, 24.47565], [54.33208, 24.47648], [54.33322, 24.47814], [54.3338, 24.47824], [54.33228, 24.4789], [54.32925, 24.47632], [54.32932, 24.47697], [54.32992, 24.47753], [54.32968, 24.47766], [54.32863, 24.47579], [54.32537, 24.47375], [54.32448, 24.47513], [54.32469, 24.47604], [54.32868, 24.47798], [54.32678, 24.47918], [54.32572, 24.48158], [54.3241, 24.48192], [54.32337, 24.48257], [54.32191, 24.48252], [54.32161, 24.48301], [54.32203, 24.48327], [54.32312, 24.48285], [54.32192, 24.48349], [54.32076, 24.48354], [54.31921, 24.48305], [54.31718, 24.48133], [54.31662, 24.4789], [54.31813, 24.47704], [54.31722, 24.47554], [54.31645, 24.47537], [54.31494, 24.47665]]}}, {"type": "Feature", "properties": {}, "geometry": {"type": "LineString", "coordinates": [[54.31494, 24.47665], [54.31519, 24.4768], [54.31475, 24.47683], [54.31487, 24.47702], [54.31456, 24.47666], [54.3143, 24.47685], [54.31466, 24.47702], [54.31428, 24.47689], [54.31366, 24.47746], [54.31337, 24.47845], [54.31356, 24.4793], [54.31436, 24.48029], [54.31464, 24.48018], [54.31438, 24.48031], [54.31479, 24.4804], [54.31455, 24.48052], [54.31504, 24.48112], [54.3153, 24.48134], [54.31563, 24.48101], [54.31554, 24.48127]]}}, {"type": "Feature", "properties": {}, "geometry": {"type": "LineString", "coordinates": [[54.31554, 24.48127], [54.31544, 24.48156], [54.31585, 24.48136], [54.31546, 24.48166], [54.31612, 24.4824], [54.31639, 24.48207], [54.31611, 24.48247], [54.3174, 24.48405], [54.31847, 24.48348], [54.31647, 24.48509], [54.31546, 24.48491], [54.31071, 24.47922], [54.3107, 24.47718], [54.31575, 24.47353], [54.31649, 24.47238], [54.32113, 24.47134], [54.32131, 24.47068], [54.3219, 24.47029], [54.32196, 24.46956], [54.32129, 24.46841], [54.3195, 24.4659], [54.31835, 24.46487], [54.31629, 24.46384], [54.31309, 24.46325], [54.31148, 24.46388], [54.31122, 24.46427], [54.31191, 24.46463], [54.31095, 24.46426], [54.3106, 24.46548], [54.31101, 24.46774], [54.31151, 24.46851], [54.31212, 24.46855], [54.31221, 24.46908], [54.31297, 24.46953], [54.3116, 24.4692], [54.30972, 24.46737], [54.30901, 24.46727], [54.30844, 24.46774], [54.30828, 24.46715], [54.30683, 24.46669], [54.30353, 24.46612], [54.30256, 24.46624], [54.30216, 24.46585], [54.30192, 24.46597], [54.30273, 24.46687], [54.30223, 24.46717], [54.30138, 24.46579], [54.30207, 24.46563], [54.30221, 24.4652], [54.3005, 24.46469], [54.30082, 24.46335], [54.3014, 24.46292], [54.3011, 24.46103], [54.30011, 24.45914], [54.30043, 24.45823], [54.30026, 24.45908], [54.30077, 24.45924], [54.30085, 24.45881], [54.30141, 24.45879], [54.30179, 24.46066], [54.30217, 24.46089], [54.30234, 24.45838], [54.30402, 24.45549], [54.3058, 24.4544], [54.30606, 24.45399], [54.30586, 24.45363], [54.30611, 24.45391], [54.30647, 24.4535], [54.3082, 24.45336], [54.30912, 24.4518], [54.30897, 24.45053], [54.30913, 24.45099], [54.31017, 24.4512], [54.31218, 24.45107], [54.31279, 24.45082], [54.3128, 24.45009], [54.31294, 24.45105], [54.31439, 24.451], [54.3147, 24.45295], [54.31585, 24.45339], [54.31623, 24.45464], [54.31682, 24.45438], [54.3168, 24.4547], [54.31761, 24.45512], [54.31963, 24.45514], [54.32009, 24.45637], [54.32271, 24.45797], [54.32457, 24.45782]]}}, {"type": "Feature", "properties": {}, "geometry": {"type": "LineString", "coordinates": [[54.60455, 24.51984], [54.60461, 24.51838], [54.60602, 24.51696], [54.60676, 24.51668], [54.6266, 24.51331], [54.62965, 24.51197], [54.6298, 24.51217], [54.6297, 24.51181], [54.63046, 24.51143], [54.63164, 24.51007], [54.63047, 24.51166], [54.6325, 24.51263], [54.6342, 24.50999], [54.63205, 24.50958], [54.63322, 24.50669], [54.63402, 24.50093], [54.63446, 24.50112], [54.63458, 24.50074], [54.63614, 24.49999], [54.63618, 24.49757], [54.63447, 24.49757], [54.63534, 24.49129], [54.63526, 24.48947], [54.63477, 24.48786], [54.63268, 24.48503], [54.62981, 24.48321], [54.61623, 24.47797], [54.61607, 24.47819], [54.61535, 24.47764], [54.61427, 24.47749], [54.61127, 24.47611], [54.61038, 24.47529], [54.6107, 24.47181], [54.61244, 24.47013], [54.61302, 24.46877], [54.61209, 24.4644], [54.61223, 24.45993], [54.61146, 24.45924], [54.61165, 24.45881]]}}, {"type": "Feature", "properties": {}, "geometry": {"type": "LineString", "coordinates": [[54.60246, 24.45103], [54.60318, 24.45054], [54.60528, 24.45074], [54.60683, 24.45149], [54.60763, 24.45263], [54.60582, 24.4529], [54.60539, 24.45331], [54.60431, 24.45256], [54.60364, 24.45258], [54.60351, 24.45295], [54.60246, 24.45103]]}}, {"type": "Feature", "properties": {}, "geometry": {"type": "LineString", "coordinates": [[54.61165, 24.45881], [54.61163, 24.458], [54.61197, 24.45809], [54.61223, 24.4572], [54.61216, 24.45475]]}}, {"type": "Feature", "properties": {}, "geometry": {"type": "LineString", "coordinates": [[54.60073, 24.44975], [54.60125, 24.44998], [54.60171, 24.45098], [54.60061, 24.45201], [54.60018, 24.45195], [54.60065, 24.45174], [54.60071, 24.45063], [54.60039, 24.4506], [54.60025, 24.45102], [54.59969, 24.45073], [54.5994, 24.45125], [54.59908, 24.45071], [54.5984, 24.45112], [54.59956, 24.44997], [54.60073, 24.44975]]}}, {"type": "Feature", "properties": {}, "geometry": {"type": "LineString", "coordinates": [[54.59545, 24.44968], [54.59694, 24.45003], [54.59711, 24.45045], [54.59598, 24.45132], [54.59472, 24.45069], [54.59349, 24.45067], [54.59289, 24.44895], [54.59345, 24.4487], [54.59545, 24.44968]]}}, {"type": "Feature", "properties": {}, "geometry": {"type": "LineString", "coordinates": [[54.58567, 24.44701], [54.58669, 24.44725], [54.58672, 24.44799], [54.58584, 24.44834], [54.58418, 24.44748], [54.5823, 24.44739], [54.58172, 24.44644], [54.58242, 24.4458], [54.58567, 24.44701]]}}, {"type": "Feature", "properties": {}, "geometry": {"type": "LineString", "coordinates": [[54.59039, 24.44815], [54.592, 24.44857], [54.59217, 24.4495], [54.59152, 24.4498], [54.59065, 24.44947], [54.59052, 24.44975], [54.58784, 24.44886], [54.58752, 24.44778], [54.58827, 24.44728], [54.59039, 24.44815]]}}, {"type": "Feature", "properties": {}, "geometry": {"type": "LineString", "coordinates": [[54.59837, 24.4495], [54.59643, 24.44938], [54.59316, 24.44796], [54.59056, 24.44763], [54.58814, 24.4466], [54.58584, 24.44649], [54.58298, 24.44538], [54.58201, 24.44534], [54.58166, 24.44411], [54.58188, 24.44378], [54.58298, 24.44359], [54.5854, 24.4437], [54.58733, 24.44434], [54.58987, 24.44609], [54.5912, 24.44656], [54.59528, 24.44641], [54.5972, 24.44683], [54.59732, 24.44731], [54.59794, 24.44752], [54.59837, 24.4495]]}}, {"type": "Feature", "properties": {}, "geometry": {"type": "LineString", "coordinates": [[54.59846, 24.44805], [54.59841, 24.447], [54.59939, 24.44682], [54.60458, 24.44773], [54.61298, 24.45015], [54.61347, 24.45097], [54.61308, 24.45158], [54.61158, 24.45232], [54.61063, 24.4536], [54.60969, 24.4538], [54.60904, 24.45348], [54.60762, 24.45163], [54.60618, 24.45073], [54.60249, 24.45013], [54.60083, 24.44935], [54.59877, 24.44945], [54.59846, 24.44805]]}}, {"type": "Feature", "properties": {}, "geometry": {"type": "LineString", "coordinates": [[54.5752, 24.44542], [54.57453, 24.44557], [54.57419, 24.44466], [54.5751, 24.4429], [54.57637, 24.44192], [54.57787, 24.44161], [54.57906, 24.44182], [54.58049, 24.44284], [54.5815, 24.44523], [54.58115, 24.44637], [54.58011, 24.44652], [54.57781, 24.44495], [54.57778, 24.44419], [54.5784, 24.4452], [54.57885, 24.44508], [54.57909, 24.44444], [54.57863, 24.44352], [54.57773, 24.44328], [54.57682, 24.44376], [54.57652, 24.44456], [54.57683, 24.44534], [54.57791, 24.44585], [54.57714, 24.44573], [54.57595, 24.44492], [54.5752, 24.44542]]}}, {"type": "Feature", "properties": {}, "geometry": {"type": "LineString", "coordinates": [[54.52215, 24.42379], [54.51652, 24.42384], [54.5158, 24.42424], [54.51202, 24.42453], [54.50907, 24.42425], [54.50398, 24.42475], [54.50018, 24.42448], [54.49109, 24.4249], [54.4892, 24.42431], [54.48773, 24.42319], [54.48697, 24.4221], [54.48686, 24.42093], [54.48717, 24.419], [54.48803, 24.41731], [54.48766, 24.41702], [54.48823, 24.41709], [54.48863, 24.4162], [54.48842, 24.41591], [54.48881, 24.41589], [54.48829, 24.41551], [54.48902, 24.41539], [54.48921, 24.41481], [54.48881, 24.41458], [54.48945, 24.41456], [54.48973, 24.41383], [54.48932, 24.41364], [54.48988, 24.4137], [54.49024, 24.41301], [54.48977, 24.41271], [54.49011, 24.41268], [54.49033, 24.41188], [54.4901, 24.41173], [54.49043, 24.41163], [54.49021, 24.41078], [54.49051, 24.41066], [54.4905, 24.40996], [54.49021, 24.40973], [54.49079, 24.40947], [54.49047, 24.40882], [54.49012, 24.40878], [54.49038, 24.40821], [54.48975, 24.40668], [54.49008, 24.40622], [54.48932, 24.4056], [54.4897, 24.40555], [54.48966, 24.40518], [54.49702, 24.40273], [54.49793, 24.4028], [54.49981, 24.40202], [54.50285, 24.40149], [54.50332, 24.40132], [54.50322, 24.40097], [54.5037, 24.40085], [54.50379, 24.40112], [54.51731, 24.39743], [54.51998, 24.39712], [54.52008, 24.39617], [54.51948, 24.39594], [54.50359, 24.40044], [54.50368, 24.40078], [54.50321, 24.40091], [54.50309, 24.40056], [54.50221, 24.40107], [54.49549, 24.40249], [54.49182, 24.40376], [54.48927, 24.40425], [54.48911, 24.40384], [54.48818, 24.40345], [54.48735, 24.40159], [54.48376, 24.39882], [54.48465, 24.3985], [54.48458, 24.39815], [54.48399, 24.39834], [54.48342, 24.39809], [54.48339, 24.39839]]}}, {"type": "Feature", "properties": {}, "geometry": {"type": "LineString", "coordinates": [[54.48339, 24.39839], [54.48079, 24.39698], [54.47993, 24.39707], [54.47951, 24.39674], [54.48005, 24.39693], [54.48005, 24.39624], [54.47938, 24.39628], [54.4788, 24.39577], [54.47971, 24.39451], [54.48219, 24.39366], [54.48705, 24.39334], [54.48704, 24.3931], [54.49021, 24.39223], [54.48931, 24.39193], [54.48913, 24.39152], [54.48945, 24.39013], [54.4901, 24.3896], [54.49149, 24.38983], [54.49166, 24.38954], [54.4919, 24.38982], [54.49266, 24.3896], [54.49288, 24.38918], [54.49306, 24.38955], [54.49401, 24.3895], [54.4941, 24.38912], [54.49432, 24.3896], [54.49459, 24.38928], [54.49496, 24.38971], [54.49911, 24.38917], [54.49884, 24.38773], [54.49851, 24.38747]]}}, {"type": "Feature", "properties": {}, "geometry": {"type": "LineString", "coordinates": [[54.60982, 24.4607], [54.61036, 24.46216], [54.61042, 24.4635]]}}, {"type": "Feature", "properties": {}, "geometry": {"type": "LineString", "coordinates": [[54.40188, 24.50577], [54.4014, 24.5062], [54.40166, 24.50789], [54.40136, 24.50902], [54.40048, 24.51021], [54.40035, 24.51124], [54.40079, 24.51281], [54.39769, 24.51283], [54.39704, 24.51245], [54.3953, 24.50962], [54.39463, 24.50784], [54.39323, 24.49811], [54.39344, 24.49708], [54.39302, 24.49687], [54.39422, 24.49694], [54.39477, 24.4962], [54.39918, 24.49564], [54.40075, 24.49483], [54.40111, 24.49487], [54.40122, 24.49584], [54.4004, 24.49695], [54.40085, 24.49688], [54.40159, 24.49742], [54.40098, 24.49668], [54.40132, 24.49585], [54.40119, 24.49484], [54.40281, 24.495], [54.40302, 24.4959], [54.40234, 24.49757], [54.40188, 24.49763], [54.40216, 24.49782], [54.40191, 24.4984], [54.40104, 24.49937], [54.40099, 24.50129], [54.40127, 24.50151], [54.40129, 24.50112], [54.40158, 24.50153], [54.40136, 24.50322], [54.40168, 24.50341], [54.40137, 24.50345], [54.40162, 24.50413], [54.4011, 24.50466], [54.40144, 24.50482], [54.40114, 24.50493], [54.40157, 24.50573], [54.40188, 24.50577]]}}, {"type": "Feature", "properties": {}, "geometry": {"type": "LineString", "coordinates": [[54.35926, 24.25326], [54.37099, 24.25613], [54.37065, 24.25737], [54.37189, 24.25774], [54.372, 24.2584], [54.36753, 24.26075], [54.36067, 24.26133], [54.35901, 24.26053], [54.35818, 24.25988], [54.35819, 24.25936], [54.35735, 24.25909], [54.35739, 24.25729], [54.35795, 24.2573], [54.35782, 24.25678], [54.35926, 24.25326]]}}, {"type": "Feature", "properties": {}, "geometry": {"type": "LineString", "coordinates": [[54.30821, 24.24276], [54.32237, 24.24447], [54.32647, 24.24528], [54.35402, 24.25199], [54.3468, 24.25398], [54.34481, 24.25527], [54.34378, 24.25731], [54.34391, 24.2577], [54.35062, 24.25884], [54.35119, 24.25847], [54.35089, 24.25949], [54.3453, 24.25849], [54.34306, 24.25845], [54.34276, 24.25909], [54.3422, 24.25908], [54.34075, 24.26137], [54.33962, 24.26187], [54.33817, 24.26416], [54.33533, 24.26565], [54.33532, 24.26616], [54.33362, 24.26678], [54.32745, 24.2668], [54.32744, 24.26731], [54.32604, 24.26703], [54.32603, 24.26754], [54.32547, 24.26753], [54.32548, 24.26702], [54.32436, 24.26674], [54.32411, 24.26571], [54.32188, 24.26464], [54.32181, 24.26155], [54.32252, 24.26092], [54.32591, 24.26008], [54.32592, 24.25957], [54.32662, 24.25932], [54.32588, 24.25442], [54.32342, 24.25155], [54.3233, 24.25078], [54.32274, 24.25077], [54.32197, 24.24715], [54.32141, 24.24714], [54.32115, 24.24611], [54.31946, 24.24659], [54.32046, 24.24533], [54.31915, 24.24431], [54.3172, 24.24409], [54.31612, 24.24499], [54.31332, 24.24481], [54.31248, 24.24506], [54.31109, 24.24426], [54.30914, 24.24371], [54.30821, 24.24276]]}}, {"type": "Feature", "properties": {}, "geometry": {"type": "LineString", "coordinates": [[54.54629, 24.55006], [54.54609, 24.54924], [54.54471, 24.54851], [54.54579, 24.54831], [54.54595, 24.5476], [54.54677, 24.54752], [54.54844, 24.55028], [54.54721, 24.54983], [54.54629, 24.55006]]}}, {"type": "Feature", "properties": {}, "geometry": {"type": "LineString", "coordinates": [[54.54395, 24.48758], [54.54514, 24.48754], [54.54453, 24.48893], [54.54135, 24.49201], [54.54103, 24.49196], [54.54062, 24.4929], [54.53886, 24.49299], [54.53833, 24.49382], [54.53834, 24.49533], [54.53768, 24.49584], [54.53462, 24.49561], [54.53447, 24.49432], [54.53553, 24.49415], [54.53529, 24.49311], [54.53426, 24.49307], [54.53335, 24.48368], [54.53571, 24.48476], [54.53844, 24.48533], [54.54316, 24.48697], [54.54395, 24.48758]]}}, {"type": "Feature", "properties": {}, "geometry": {"type": "LineString", "coordinates": [[54.54998, 24.48653], [54.54934, 24.48651], [54.54982, 24.48643], [54.54939, 24.48584], [54.5505, 24.48583], [54.55176, 24.48641], [54.54998, 24.48653]]}}, {"type": "Feature", "properties": {}, "geometry": {"type": "LineString", "coordinates": [[54.59066, 24.48298], [54.58785, 24.47778], [54.58992, 24.48147], [54.59053, 24.481], [54.59186, 24.48198], [54.59253, 24.48195], [54.59066, 24.48298]]}}, {"type": "Feature", "properties": {}, "geometry": {"type": "LineString", "coordinates": [[54.48809, 24.4885], [54.4881, 24.48703], [54.48848, 24.4886], [54.49285, 24.48934], [54.49277, 24.48957], [54.48901, 24.48883], [54.48773, 24.48918], [54.48755, 24.48869], [54.48809, 24.4885]]}}, {"type": "Feature", "properties": {}, "geometry": {"type": "LineString", "coordinates": [[54.49321, 24.48961], [54.49338, 24.48911], [54.49371, 24.48915], [54.49367, 24.48945], [54.49621, 24.48988], [54.49767, 24.48893], [54.49906, 24.48863], [54.49923, 24.48889], [54.498, 24.48964], [54.49703, 24.48951], [54.49655, 24.48993], [54.49869, 24.4903], [54.4987, 24.48995], [54.49916, 24.49003], [54.49911, 24.49031], [54.50398, 24.49113], [54.50434, 24.49095], [54.50432, 24.49119], [54.5056, 24.4914], [54.50556, 24.49169], [54.49321, 24.48961]]}}, {"type": "Feature", "properties": {}, "geometry": {"type": "LineString", "coordinates": [[54.48716, 24.49365], [54.4884, 24.49281], [54.48888, 24.49322], [54.48824, 24.49372], [54.48716, 24.49365]]}}, {"type": "Feature", "properties": {}, "geometry": {"type": "LineString", "coordinates": [[54.42779, 24.48694], [54.42794, 24.48643], [54.42845, 24.48639], [54.43381, 24.48711], [54.43228, 24.48882], [54.43188, 24.48977], [54.43227, 24.49348], [54.43117, 24.49654], [54.42428, 24.49875], [54.42396, 24.49846], [54.42435, 24.49606], [54.42692, 24.48934], [54.42646, 24.48906], [54.42705, 24.48901], [54.42779, 24.48694]]}}, {"type": "Feature", "properties": {}, "geometry": {"type": "LineString", "coordinates": [[54.43578, 24.48729], [54.44252, 24.48469], [54.44306, 24.48504], [54.44815, 24.4833], [54.45424, 24.48339], [54.45781, 24.48217], [54.45961, 24.48069], [54.46013, 24.47932], [54.4608, 24.47914], [54.46119, 24.47768], [54.46175, 24.47838], [54.46198, 24.47981], [54.46366, 24.47976], [54.46473, 24.48061], [54.46921, 24.47774], [54.47016, 24.47801], [54.47047, 24.47858], [54.47002, 24.47987], [54.47049, 24.4806], [54.46962, 24.48118], [54.46875, 24.48361], [54.46869, 24.48426], [54.46903, 24.48461], [54.46673, 24.48604], [54.4644, 24.48658], [54.46276, 24.48614], [54.4622, 24.48669], [54.45967, 24.48767], [54.45794, 24.48761], [54.45664, 24.48796], [54.44563, 24.49253], [54.44006, 24.49433], [54.43854, 24.49432], [54.43565, 24.49523], [54.43393, 24.49518], [54.43382, 24.4944], [54.43484, 24.49297], [54.43377, 24.49278], [54.4333, 24.49337], [54.43344, 24.49194], [54.43285, 24.48982], [54.43415, 24.48808], [54.43529, 24.48788], [54.43578, 24.48729]]}}, {"type": "Feature", "properties": {}, "geometry": {"type": "LineString", "coordinates": [[54.57388, 24.65713], [54.56981, 24.65357], [54.56495, 24.64836], [54.55672, 24.6423], [54.55609, 24.64108], [54.55633, 24.63983], [54.55718, 24.63964], [54.5564, 24.64058], [54.55693, 24.64191], [54.55937, 24.64], [54.55991, 24.63994], [54.56291, 24.64176], [54.56303, 24.64238], [54.56434, 24.64256], [54.56598, 24.64339], [54.56723, 24.64503], [54.56886, 24.64565], [54.5696, 24.64523], [54.57181, 24.64534], [54.573, 24.64445], [54.57439, 24.64516], [54.5757, 24.64724], [54.57556, 24.64882], [54.57678, 24.64912], [54.57751, 24.64976], [54.57691, 24.65035], [54.57713, 24.65193], [54.57799, 24.65271], [54.57914, 24.65279], [54.57882, 24.65491], [54.58182, 24.6608], [54.58398, 24.66167], [54.58528, 24.66122], [54.59131, 24.66108], [54.5918, 24.66252], [54.59111, 24.66446], [54.59136, 24.66637], [54.59222, 24.66716], [54.59411, 24.66715], [54.5945, 24.66766], [54.59403, 24.66844], [54.59491, 24.66901], [54.59594, 24.66881], [54.59743, 24.67044], [54.5975, 24.67133], [54.59932, 24.6728], [54.60019, 24.67186], [54.60059, 24.67071], [54.5989, 24.66846], [54.60013, 24.66968], [54.60194, 24.6725], [54.60247, 24.6727], [54.60209, 24.673], [54.60227, 24.67322], [54.60378, 24.6742], [54.6058, 24.67251], [54.6077, 24.67234], [54.60902, 24.67237], [54.61042, 24.67321], [54.61123, 24.67307], [54.61141, 24.67341], [54.61322, 24.6735], [54.61323, 24.67502], [54.61556, 24.67585], [54.61628, 24.67734], [54.61554, 24.67756], [54.61481, 24.67639], [54.61222, 24.67585], [54.60856, 24.67926], [54.60831, 24.68032], [54.60934, 24.68172], [54.61329, 24.68428], [54.61413, 24.68389], [54.61496, 24.68104], [54.61547, 24.68054], [54.61565, 24.68196], [54.61443, 24.68546], [54.61375, 24.68593], [54.6125, 24.68588], [54.60915, 24.6839], [54.60631, 24.68187], [54.60067, 24.67644], [54.59167, 24.66953], [54.58731, 24.66807], [54.58049, 24.66513], [54.57828, 24.66294], [54.57388, 24.65713]]}}, {"type": "Feature", "properties": {}, "geometry": {"type": "LineString", "coordinates": [[54.618, 24.69465], [54.61661, 24.69804], [54.61663, 24.69942], [54.61549, 24.69935], [54.61461, 24.69864], [54.61422, 24.69777], [54.61497, 24.69658], [54.61583, 24.69677], [54.61772, 24.69403]]}}, {"type": "Feature", "properties": {}, "geometry": {"type": "LineString", "coordinates": [[54.59126, 24.72192], [54.59059, 24.72152], [54.58995, 24.72169], [54.58975, 24.72091], [54.58823, 24.7196], [54.5878, 24.71964], [54.59019, 24.71845], [54.59103, 24.71848], [54.59437, 24.72091], [54.59383, 24.72192]]}}, {"type": "Feature", "properties": {}, "geometry": {"type": "LineString", "coordinates": [[54.60967, 24.72192], [54.61056, 24.72115], [54.61145, 24.7214], [54.61162, 24.72192]]}}, {"type": "Feature", "properties": {}, "geometry": {"type": "LineString", "coordinates": [[54.60186, 24.65569], [54.6003, 24.65467], [54.60021, 24.65372], [54.59955, 24.65274], [54.59961, 24.65244], [54.60021, 24.65272], [54.60031, 24.65227], [54.60112, 24.65267], [54.60051, 24.65079], [54.60114, 24.65061], [54.6022, 24.65225], [54.6034, 24.65258], [54.60354, 24.65389], [54.60426, 24.65378], [54.60488, 24.65285], [54.60443, 24.65211], [54.60541, 24.65262], [54.60604, 24.65225], [54.60668, 24.64872], [54.60737, 24.64693], [54.6081, 24.6467], [54.60891, 24.64788], [54.60976, 24.64818], [54.6095, 24.64955], [54.60452, 24.65465], [54.60305, 24.65562], [54.60186, 24.65569]]}}, {"type": "Feature", "properties": {}, "geometry": {"type": "LineString", "coordinates": [[54.56656, 24.63625], [54.56677, 24.63547], [54.56721, 24.63564], [54.56701, 24.63676], [54.56656, 24.63625]]}}, {"type": "Feature", "properties": {}, "geometry": {"type": "LineString", "coordinates": [[54.60374, 24.59377], [54.60374, 24.59352], [54.60653, 24.59525], [54.60374, 24.59377]]}}, {"type": "Feature", "properties": {}, "geometry": {"type": "LineString", "coordinates": [[54.55409, 24.63286], [54.55453, 24.634], [54.55346, 24.6344], [54.55307, 24.63345], [54.55409, 24.63286]]}}, {"type": "Feature", "properties": {}, "geometry": {"type": "LineString", "coordinates": [[54.24628, 24.25058], [54.24577, 24.25023], [54.24691, 24.24932], [54.24665, 24.24913], [54.24706, 24.2492], [54.24844, 24.24806], [54.2484, 24.24768], [54.2488, 24.24773], [54.25026, 24.24654], [54.25035, 24.24608], [54.25052, 24.24625], [54.25195, 24.2451], [54.25208, 24.24463], [54.25222, 24.24489], [54.25365, 24.24374], [54.25351, 24.24353], [54.25395, 24.24349], [54.25535, 24.24201], [54.25558, 24.24222], [54.25708, 24.24108], [54.25678, 24.24068], [54.2573, 24.24087], [54.25871, 24.23926], [54.25988, 24.23872], [54.26054, 24.23891], [54.24628, 24.25058]]}}, {"type": "Feature", "properties": {}, "geometry": {"type": "LineString", "coordinates": [[54.4084, 24.42352], [54.41094, 24.42269]]}}, {"type": "Feature", "properties": {}, "geometry": {"type": "LineString", "coordinates": [[54.41094, 24.42269], [54.41443, 24.42193], [54.41415, 24.41997]]}}, {"type": "Feature", "properties": {}, "geometry": {"type": "LineString", "coordinates": [[54.39946, 24.41764], [54.39843, 24.41745], [54.39859, 24.41693], [54.39931, 24.41693], [54.39946, 24.41764]]}}, {"type": "Feature", "properties": {}, "geometry": {"type": "LineString", "coordinates": [[54.415, 24.46973], [54.41361, 24.46974], [54.41029, 24.46726], [54.41013, 24.46533], [54.41033, 24.46625], [54.41105, 24.46486], [54.41074, 24.46347], [54.41142, 24.46312], [54.41325, 24.46384], [54.41397, 24.4638], [54.41305, 24.46278], [54.41298, 24.46211], [54.41569, 24.46053], [54.41323, 24.46224], [54.41467, 24.46355], [54.41271, 24.46646], [54.41266, 24.46705], [54.41417, 24.46848], [54.41933, 24.46718], [54.41418, 24.46869], [54.41478, 24.46914], [54.42032, 24.46862], [54.42049, 24.46932], [54.42026, 24.46967], [54.41863, 24.46962], [54.41775, 24.46918], [54.41756, 24.46996], [54.415, 24.46973]]}}, {"type": "Feature", "properties": {}, "geometry": {"type": "LineString", "coordinates": [[54.41595, 24.46038], [54.42107, 24.45767], [54.42417, 24.45682], [54.42501, 24.45576], [54.42655, 24.45878], [54.42602, 24.4584], [54.42532, 24.45646], [54.42472, 24.45647], [54.42371, 24.45741], [54.42396, 24.45938], [54.4247, 24.46034], [54.42296, 24.46017], [54.42355, 24.45994], [54.42248, 24.45981], [54.42135, 24.46025], [54.42052, 24.46121], [54.41848, 24.4615], [54.41792, 24.4622], [54.42163, 24.46205], [54.42123, 24.46231], [54.41596, 24.46235], [54.41966, 24.4608], [54.42103, 24.46062], [54.42098, 24.45979], [54.42161, 24.46009], [54.4219, 24.45945], [54.42273, 24.45906], [54.42316, 24.4572], [54.42207, 24.45777], [54.42094, 24.45789], [54.41704, 24.46023], [54.41604, 24.46063], [54.41595, 24.46038]]}}, {"type": "Feature", "properties": {}, "geometry": {"type": "LineString", "coordinates": [[54.47466, 24.46708], [54.47349, 24.46755], [54.47359, 24.46833], [54.47229, 24.46832], [54.47145, 24.46879], [54.47254, 24.46869], [54.47224, 24.47012], [54.47341, 24.47052], [54.47359, 24.47027], [54.47415, 24.47092], [54.47352, 24.47145], [54.47191, 24.47175], [54.47112, 24.47227], [54.47202, 24.47277], [54.47281, 24.47276], [54.47198, 24.47285], [54.47105, 24.47247], [54.47052, 24.47296], [54.47117, 24.47323], [54.47182, 24.47301], [54.4717, 24.47331], [54.47017, 24.4742], [54.46795, 24.4743], [54.46737, 24.47464], [54.46686, 24.47403], [54.46618, 24.47405], [54.46683, 24.47472], [54.46641, 24.47533], [54.46555, 24.47486], [54.46513, 24.47515], [54.46482, 24.47484], [54.46416, 24.47494], [54.46412, 24.47523], [54.46497, 24.47541], [54.46544, 24.47606], [54.46429, 24.47686], [54.46363, 24.47685], [54.46361, 24.4758], [54.46277, 24.47559], [54.45893, 24.46749]]}}, {"type": "Feature", "properties": {}, "geometry": {"type": "LineString", "coordinates": [[54.45893, 24.46749], [54.4597, 24.46565], [54.46122, 24.46422], [54.46189, 24.46281], [54.46412, 24.46069], [54.46466, 24.46076], [54.46573, 24.45975], [54.46574, 24.45942], [54.4648, 24.45963], [54.46605, 24.45774], [54.46618, 24.45865], [54.46657, 24.45819], [54.46908, 24.45257], [54.46896, 24.45217], [54.46936, 24.45187], [54.46899, 24.45126], [54.46849, 24.45139], [54.46678, 24.45076], [54.46539, 24.44987], [54.46346, 24.45292], [54.46133, 24.45179], [54.46143, 24.4508], [54.46283, 24.44911], [54.46912, 24.44616], [54.47198, 24.44638], [54.47349, 24.44742], [54.47399, 24.44858], [54.47194, 24.44967], [54.47161, 24.44946], [54.46984, 24.45113], [54.47032, 24.45141], [54.47454, 24.4493], [54.47882, 24.45712], [54.47892, 24.45821], [54.47981, 24.45966]]}}, {"type": "Feature", "properties": {}, "geometry": {"type": "LineString", "coordinates": [[54.3393, 24.40235], [54.35277, 24.3891], [54.35277, 24.3895], [54.3514, 24.39079], [54.35163, 24.39178], [54.35086, 24.39227], [54.34981, 24.39845], [54.34719, 24.40566], [54.34402, 24.4077], [54.34338, 24.40784], [54.3413, 24.40729], [54.33966, 24.406], [54.33925, 24.4061], [54.33917, 24.4054], [54.33755, 24.4042], [54.3393, 24.40235]]}}, {"type": "Feature", "properties": {}, "geometry": {"type": "LineString", "coordinates": [[54.22635, 24.36559], [54.22403, 24.36217], [54.22457, 24.36223], [54.22691, 24.3654], [54.22635, 24.36559]]}}, {"type": "Feature", "properties": {}, "geometry": {"type": "LineString", "coordinates": [[54.30706, 24.43253], [54.30251, 24.43426], [54.30178, 24.4336], [54.302, 24.43325], [54.30633, 24.43161], [54.3071, 24.43155], [54.30745, 24.4319], [54.30706, 24.43253]]}}, {"type": "Feature", "properties": {}, "geometry": {"type": "LineString", "coordinates": [[54.30032, 24.40648], [54.29432, 24.409], [54.29376, 24.40898], [54.2935, 24.4083], [54.29766, 24.40613], [54.3005, 24.40533], [54.3008, 24.40566], [54.30032, 24.40648]]}}, {"type": "Feature", "properties": {}, "geometry": {"type": "LineString", "coordinates": [[54.25795, 24.45121], [54.25544, 24.45014], [54.2542, 24.45079], [54.2545, 24.45054], [54.25404, 24.44985], [54.25742, 24.44962], [54.25827, 24.44928], [54.25795, 24.44994], [54.25877, 24.45077], [54.25813, 24.45131], [54.25825, 24.45164], [54.25795, 24.45121]]}}, {"type": "Feature", "properties": {}, "geometry": {"type": "LineString", "coordinates": [[54.47615, 24.61506], [54.47544, 24.61543], [54.47505, 24.61668], [54.47646, 24.61733], [54.47609, 24.61776], [54.4759, 24.61952], [54.47677, 24.61927], [54.47636, 24.6197], [54.47532, 24.61946], [54.47438, 24.61974], [54.47448, 24.62126], [54.47429, 24.61988], [54.47351, 24.61942], [54.47132, 24.61905], [54.47072, 24.61763], [54.47107, 24.61709], [54.47098, 24.61798], [54.47142, 24.61879], [54.47192, 24.6189], [54.47251, 24.61655], [54.47309, 24.61651], [54.47309, 24.61547], [54.47364, 24.61555], [54.47375, 24.6145], [54.4742, 24.6144], [54.47391, 24.61266], [54.47423, 24.61282], [54.47522, 24.61196], [54.47545, 24.61222], [54.47523, 24.61262], [54.47603, 24.61259], [54.47725, 24.61109], [54.47784, 24.61277], [54.479, 24.61332], [54.47985, 24.61501], [54.48184, 24.61572], [54.48324, 24.61709], [54.48198, 24.6175], [54.48005, 24.61709], [54.47824, 24.61628], [54.47693, 24.61496], [54.47615, 24.61506]]}}, {"type": "Feature", "properties": {}, "geometry": {"type": "LineString", "coordinates": [[54.45396, 24.47622], [54.45386, 24.47562], [54.45456, 24.47416], [54.45528, 24.4737], [54.45472, 24.47328], [54.45555, 24.47189], [54.45602, 24.47169], [54.45601, 24.47128]]}}, {"type": "Feature", "properties": {}, "geometry": {"type": "LineString", "coordinates": [[54.4184, 24.50256], [54.41926, 24.50375], [54.41218, 24.50923], [54.41065, 24.51095], [54.40932, 24.51187], [54.4061, 24.51264], [54.40189, 24.51157], [54.40175, 24.51091], [54.40405, 24.50792], [54.40401, 24.50727], [54.40464, 24.50667], [54.40525, 24.50458], [54.40754, 24.5018], [54.4086, 24.49896], [54.4084, 24.49785], [54.40895, 24.49745], [54.41162, 24.49622], [54.41337, 24.49794], [54.41492, 24.49865], [54.41443, 24.49849], [54.41456, 24.49923], [54.41605, 24.50087], [54.41664, 24.50072], [54.41598, 24.501], [54.41485, 24.50055], [54.4137, 24.50067], [54.41297, 24.50114], [54.41321, 24.5018], [54.41485, 24.5022], [54.41688, 24.50166], [54.41713, 24.5012], [54.4181, 24.50223], [54.41843, 24.50215], [54.4184, 24.50256]]}}, {"type": "Feature", "properties": {}, "geometry": {"type": "LineString", "coordinates": [[54.47423, 24.58942], [54.47393, 24.59033], [54.47412, 24.59131], [54.47495, 24.59268], [54.47452, 24.59306], [54.47309, 24.59237], [54.47305, 24.59423], [54.47449, 24.59435], [54.47458, 24.59509], [54.47368, 24.59603], [54.47442, 24.59759], [54.47394, 24.59778], [54.47347, 24.59727], [54.47237, 24.59705], [54.47141, 24.59763], [54.47122, 24.59733], [54.47152, 24.59692], [54.47053, 24.59514], [54.46915, 24.59463], [54.46905, 24.59425], [54.47113, 24.59379], [54.4712, 24.59217], [54.47235, 24.59222], [54.47375, 24.58959], [54.47423, 24.58942]]}}, {"type": "Feature", "properties": {}, "geometry": {"type": "LineString", "coordinates": [[54.46015, 24.47715], [54.45945, 24.47952], [54.45884, 24.4799], [54.45747, 24.47885], [54.45704, 24.47744], [54.45642, 24.47727], [54.45644, 24.47789], [54.45701, 24.47842], [54.45638, 24.47909], [54.45739, 24.47969], [54.45531, 24.48003], [54.45334, 24.4796], [54.45397, 24.47905], [54.45335, 24.47899], [54.45198, 24.47786], [54.4519, 24.47718], [54.45255, 24.47673], [54.45225, 24.47606], [54.45306, 24.4759], [54.45396, 24.47622]]}}, {"type": "Feature", "properties": {}, "geometry": {"type": "LineString", "coordinates": [[54.45064, 24.45783], [54.45194, 24.45635], [54.45086, 24.45999], [54.44982, 24.46032], [54.45072, 24.45961], [54.45046, 24.45888], [54.45064, 24.45783]]}}, {"type": "Feature", "properties": {}, "geometry": {"type": "LineString", "coordinates": [[54.44131, 24.44694], [54.44228, 24.44687], [54.44288, 24.44801], [54.44196, 24.44794], [54.4424, 24.44751], [54.44181, 24.44767], [54.44226, 24.44729], [54.44159, 24.44726], [54.44208, 24.44695], [54.44131, 24.44694]]}}, {"type": "Feature", "properties": {}, "geometry": {"type": "LineString", "coordinates": [[54.45601, 24.47128], [54.45604, 24.47043], [54.45526, 24.47096], [54.45485, 24.47075], [54.45515, 24.46933], [54.45488, 24.46892], [54.45567, 24.46778], [54.45493, 24.46454]]}}, {"type": "Feature", "properties": {}, "geometry": {"type": "LineString", "coordinates": [[54.39419, 24.48402], [54.39319, 24.48457], [54.39254, 24.48445], [54.39255, 24.48408], [54.39231, 24.48445], [54.39173, 24.48392], [54.39212, 24.48448], [54.39065, 24.48622], [54.39113, 24.4866], [54.39054, 24.48629], [54.39077, 24.48682], [54.38983, 24.48598], [54.39051, 24.48703], [54.38952, 24.48602], [54.38881, 24.48681]]}}, {"type": "Feature", "properties": {}, "geometry": {"type": "LineString", "coordinates": [[54.47342, 24.5774], [54.47054, 24.57381], [54.47045, 24.57275], [54.47223, 24.57428], [54.47352, 24.57686], [54.47366, 24.57753], [54.47342, 24.5774]]}}, {"type": "Feature", "properties": {}, "geometry": {"type": "LineString", "coordinates": [[54.4562, 24.4003], [54.45679, 24.40046], [54.4572, 24.40121], [54.45782, 24.40101], [54.45902, 24.39874], [54.46042, 24.399], [54.46134, 24.39808], [54.46106, 24.39881], [54.46139, 24.39916], [54.46182, 24.39864], [54.46173, 24.39795], [54.46605, 24.39667], [54.46633, 24.39715], [54.46672, 24.3971], [54.46673, 24.39647], [54.4694, 24.39673], [54.47006, 24.39643], [54.47046, 24.39697], [54.47382, 24.3972], [54.47422, 24.39678], [54.47428, 24.39752], [54.47491, 24.39802], [54.47769, 24.3991], [54.47813, 24.39981], [54.48409, 24.40331], [54.48438, 24.40471], [54.48558, 24.40535], [54.48603, 24.40615], [54.48714, 24.40693], [54.48661, 24.40764], [54.48751, 24.40773], [54.48707, 24.40829], [54.48803, 24.40896], [54.48776, 24.40935]]}}, {"type": "Feature", "properties": {}, "geometry": {"type": "LineString", "coordinates": [[54.59345, 24.46382], [54.59299, 24.46396], [54.59152, 24.46174], [54.59035, 24.46146], [54.59045, 24.46094]]}}, {"type": "Feature", "properties": {}, "geometry": {"type": "LineString", "coordinates": [[54.57034, 24.49929], [54.57051, 24.49848], [54.56833, 24.49833], [54.56832, 24.49864], [54.56782, 24.4986], [54.56785, 24.49829], [54.56283, 24.49798], [54.56236, 24.49825], [54.56233, 24.49795], [54.55744, 24.4976], [54.55707, 24.49791], [54.55697, 24.49759], [54.55205, 24.49729], [54.55195, 24.49758], [54.55049, 24.49709], [54.54712, 24.49694], [54.54711, 24.49666], [54.57116, 24.49823], [54.57071, 24.4992], [54.57034, 24.49929]]}}, {"type": "Feature", "properties": {}, "geometry": {"type": "LineString", "coordinates": [[54.54702, 24.49662], [54.54663, 24.49721], [54.54618, 24.49718], [54.54619, 24.49686], [54.54211, 24.49662], [54.54171, 24.49685], [54.54152, 24.49658], [54.54205, 24.4963], [54.54702, 24.49662]]}}, {"type": "Feature", "properties": {}, "geometry": {"type": "LineString", "coordinates": [[54.53996, 24.49695], [54.54002, 24.49668], [54.5408, 24.49672], [54.54083, 24.49643], [54.54157, 24.49685], [54.53996, 24.49695]]}}, {"type": "Feature", "properties": {}, "geometry": {"type": "LineString", "coordinates": [[54.53539, 24.49697], [54.53478, 24.49688], [54.53487, 24.49629], [54.5354, 24.49637], [54.53543, 24.49602], [54.53592, 24.4961], [54.5359, 24.49641], [54.5365, 24.49644], [54.53654, 24.49604], [54.53679, 24.49647], [54.53987, 24.49668], [54.53981, 24.49697], [54.53552, 24.4967], [54.53539, 24.49697]]}}, {"type": "Feature", "properties": {}, "geometry": {"type": "LineString", "coordinates": [[54.32773, 24.44551], [54.32584, 24.44616], [54.32293, 24.44478], [54.32313, 24.44422], [54.32519, 24.44382]]}}, {"type": "Feature", "properties": {}, "geometry": {"type": "LineString", "coordinates": [[54.32519, 24.44382], [54.32495, 24.44324], [54.32378, 24.44287], [54.32352, 24.44222], [54.32622, 24.42708]]}}, {"type": "Feature", "properties": {}, "geometry": {"type": "LineString", "coordinates": [[54.54473, 24.61854], [54.54488, 24.61814], [54.5461, 24.61903], [54.54459, 24.61935], [54.54473, 24.61854]]}}, {"type": "Feature", "properties": {}, "geometry": {"type": "LineString", "coordinates": [[54.55703, 24.60615], [54.55701, 24.60683], [54.55652, 24.6064], [54.55594, 24.60657], [54.55521, 24.60773], [54.55627, 24.60885], [54.55757, 24.6093], [54.55659, 24.60985], [54.55516, 24.61006], [54.55402, 24.60835], [54.5525, 24.60965], [54.55094, 24.60998], [54.55091, 24.61037], [54.54992, 24.61078], [54.55008, 24.61233], [54.5486, 24.61237], [54.54598, 24.61405], [54.54516, 24.61534], [54.5445, 24.61846]]}}, {"type": "Feature", "properties": {}, "geometry": {"type": "LineString", "coordinates": [[54.4645, 24.52469], [54.46393, 24.52452], [54.46446, 24.52254], [54.46449, 24.52067], [54.46546, 24.52024], [54.46573, 24.52058], [54.46534, 24.5214], [54.4656, 24.52195], [54.4651, 24.52277], [54.46511, 24.52425], [54.46487, 24.52479], [54.4645, 24.52469]]}}, {"type": "Feature", "properties": {}, "geometry": {"type": "LineString", "coordinates": [[54.47098, 24.51149], [54.47123, 24.51239], [54.47064, 24.51278], [54.47045, 24.51354], [54.46983, 24.51378], [54.47051, 24.51488], [54.46997, 24.51524], [54.46902, 24.51524], [54.46821, 24.51676], [54.46855, 24.51713], [54.46776, 24.5177], [54.4677, 24.5184], [54.46679, 24.51855], [54.46723, 24.51645], [54.46545, 24.51687], [54.46427, 24.51746], [54.46384, 24.51888], [54.46417, 24.51891], [54.46518, 24.51784], [54.4663, 24.51773], [54.46618, 24.51818], [54.46472, 24.51899], [54.46417, 24.52039], [54.46309, 24.51966], [54.46333, 24.5186], [54.46371, 24.51831], [54.46303, 24.51763], [54.46414, 24.5167], [54.46532, 24.51625], [54.46581, 24.51663], [54.46665, 24.51655], [54.46774, 24.51413], [54.46868, 24.5129], [54.46953, 24.51292], [54.47011, 24.5124], [54.47039, 24.51148], [54.47098, 24.51149]]}}, {"type": "Feature", "properties": {}, "geometry": {"type": "LineString", "coordinates": [[54.4713, 24.51145], [54.47041, 24.51086], [54.47167, 24.51067], [54.4713, 24.51145]]}}, {"type": "Feature", "properties": {}, "geometry": {"type": "LineString", "coordinates": [[54.53387, 24.54445], [54.53406, 24.54528], [54.53322, 24.54548], [54.53301, 24.54459], [54.53387, 24.54445]]}}, {"type": "Feature", "properties": {}, "geometry": {"type": "LineString", "coordinates": [[54.4642, 24.52476], [54.46481, 24.52495], [54.4645, 24.52572], [54.46398, 24.52542], [54.4639, 24.52471], [54.4642, 24.52476]]}}, {"type": "Feature", "properties": {}, "geometry": {"type": "LineString", "coordinates": [[54.40172, 24.52997], [54.40248, 24.53047], [54.4028, 24.53028], [54.40311, 24.52991], [54.4026, 24.52924], [54.40212, 24.52916], [54.40202, 24.52843], [54.4047, 24.52672], [54.40568, 24.52648], [54.40628, 24.5252], [54.40866, 24.52336], [54.4099, 24.52435], [54.41177, 24.5229], [54.41093, 24.52229], [54.41263, 24.52013], [54.41363, 24.519], [54.41629, 24.51755], [54.41747, 24.51747], [54.41548, 24.52016], [54.41725, 24.52114], [54.41731, 24.52049], [54.41742, 24.52115], [54.41832, 24.52139], [54.41846, 24.52034], [54.41849, 24.52163], [54.41887, 24.52169], [54.41956, 24.52146], [54.41955, 24.52025], [54.41968, 24.52117], [54.42103, 24.5202], [54.42118, 24.52047], [54.42219, 24.52008], [54.42229, 24.519], [54.42241, 24.51997], [54.42357, 24.51937], [54.42379, 24.51658], [54.42386, 24.51936], [54.42461, 24.51891], [54.42588, 24.51979], [54.42753, 24.51911], [54.4271, 24.51855], [54.42566, 24.51882], [54.42675, 24.51831], [54.4269, 24.51633], [54.42694, 24.51823], [54.42764, 24.51907], [54.42907, 24.51856], [54.42916, 24.5165], [54.4292, 24.51856], [54.43094, 24.51876], [54.43091, 24.51577], [54.42439, 24.51567], [54.42381, 24.51578], [54.42379, 24.5163], [54.42357, 24.51504], [54.43042, 24.51468], [54.43237, 24.514], [54.43423, 24.51396], [54.43649, 24.51449], [54.43976, 24.51342], [54.44381, 24.51153], [54.44482, 24.51141], [54.44588, 24.5105], [54.44959, 24.50866], [54.44992, 24.50901], [54.45183, 24.50827], [54.45249, 24.50761], [54.45276, 24.5067], [54.45438, 24.50662], [54.45483, 24.50645], [54.45471, 24.50609], [54.45494, 24.50647], [54.45587, 24.50641], [54.45709, 24.50579], [54.45796, 24.50422], [54.45728, 24.50613], [54.45879, 24.50632], [54.46154, 24.50593], [54.46303, 24.50776], [54.4624, 24.50961], [54.46168, 24.51076], [54.4593, 24.5119], [54.4596, 24.51289], [54.45713, 24.51552], [54.45651, 24.51721], [54.45579, 24.51784], [54.45647, 24.52179], [54.46236, 24.52529], [54.46186, 24.52348], [54.46197, 24.52253], [54.46263, 24.52149], [54.46276, 24.52192], [54.46261, 24.5209], [54.4631, 24.52137], [54.46283, 24.52077], [54.46305, 24.51991], [54.46356, 24.52015], [54.46383, 24.52083], [54.4628, 24.52202], [54.46287, 24.5236], [54.46251, 24.52491], [54.46275, 24.52528], [54.46351, 24.5254], [54.46361, 24.52585], [54.4643, 24.52587], [54.46318, 24.52697], [54.46161, 24.53302], [54.461, 24.53355], [54.45882, 24.54029], [54.45773, 24.5405], [54.45748, 24.54297], [54.45671, 24.54392], [54.4569, 24.54453], [54.45652, 24.54533], [54.45591, 24.54593], [54.45561, 24.54697], [54.45601, 24.54798], [54.45641, 24.54809], [54.45599, 24.55042], [54.45636, 24.55158], [54.45626, 24.55187], [54.45556, 24.55167], [54.4555, 24.55254], [54.45611, 24.55351], [54.45748, 24.5542], [54.45824, 24.55536], [54.45872, 24.55678], [54.4591, 24.5606], [54.46035, 24.56171], [54.46087, 24.56126], [54.46069, 24.56208], [54.46237, 24.56431], [54.46509, 24.56696], [54.46633, 24.56906], [54.46749, 24.57308], [54.46882, 24.57589], [54.47234, 24.58071], [54.474, 24.58242], [54.47727, 24.58428], [54.47737, 24.58512], [54.47639, 24.58643], [54.47657, 24.58748], [54.47587, 24.5872], [54.47294, 24.58776], [54.46976, 24.58145], [54.46739, 24.5782], [54.46348, 24.57488], [54.45995, 24.57129], [54.45263, 24.56301], [54.44352, 24.5547], [54.43075, 24.54548], [54.42705, 24.54344], [54.42132, 24.54092], [54.41653, 24.54113], [54.41625, 24.54182], [54.41569, 24.54152], [54.41456, 24.5416], [54.41109, 24.54036], [54.40619, 24.53976], [54.40463, 24.53995], [54.40487, 24.5414], [54.40442, 24.53912], [54.402, 24.5389], [54.4002, 24.54253], [54.3986, 24.54243], [54.39613, 24.54032], [54.39671, 24.53914], [54.39533, 24.53829], [54.39458, 24.53822], [54.39322, 24.53984], [54.3959, 24.53619], [54.39741, 24.5364], [54.39942, 24.53536], [54.39965, 24.53474], [54.40064, 24.53397], [54.39978, 24.53262], [54.40013, 24.53172], [54.40116, 24.53133], [54.40172, 24.52997]]}}, {"type": "Feature", "properties": {}, "geometry": {"type": "LineString", "coordinates": [[54.4078, 24.41918], [54.40708, 24.41905], [54.40671, 24.41978], [54.40557, 24.42034], [54.4066, 24.42173]]}}, {"type": "Feature", "properties": {}, "geometry": {"type": "LineString", "coordinates": [[54.40787, 24.41904], [54.40873, 24.41847], [54.4095, 24.41843], [54.40946, 24.41796], [54.4099, 24.418], [54.40939, 24.41762], [54.40974, 24.41712], [54.40934, 24.41654], [54.40882, 24.41677], [54.41003, 24.41537], [54.41031, 24.41587], [54.40956, 24.4163], [54.41015, 24.41652], [54.41068, 24.41615], [54.41104, 24.41645], [54.4099, 24.41709], [54.41069, 24.41722], [54.41074, 24.4176], [54.40831, 24.41935], [54.4078, 24.41918]]}}, {"type": "Feature", "properties": {}, "geometry": {"type": "LineString", "coordinates": [[54.40906, 24.41788], [54.40848, 24.41813], [54.40736, 24.41775], [54.40674, 24.41861], [54.40639, 24.41764], [54.4054, 24.41734], [54.40438, 24.41744], [54.40414, 24.41804], [54.40528, 24.41787], [54.40562, 24.41829], [54.40535, 24.4188], [54.40404, 24.4183], [54.40434, 24.41969], [54.4058, 24.41968], [54.40697, 24.41871], [54.40787, 24.41904]]}}, {"type": "Feature", "properties": {}, "geometry": {"type": "LineString", "coordinates": [[54.41235, 24.41744], [54.41237, 24.416], [54.41305, 24.41699], [54.41287, 24.41744], [54.41235, 24.41744]]}}, {"type": "Feature", "properties": {}, "geometry": {"type": "LineString", "coordinates": [[54.61998, 24.70842], [54.62, 24.70796], [54.62202, 24.70793], [54.62331, 24.70576], [54.62417, 24.70581], [54.62519, 24.70661], [54.6265, 24.70688], [54.62664, 24.70839], [54.62754, 24.70928], [54.62751, 24.71125], [54.62717, 24.71125], [54.62709, 24.71058], [54.6266, 24.71053], [54.62437, 24.7113], [54.62291, 24.71229], [54.62288, 24.71259], [54.62341, 24.7122], [54.62249, 24.71354], [54.62131, 24.71406], [54.6207, 24.71351], [54.62075, 24.71251], [54.62248, 24.7111], [54.62251, 24.70989], [54.62196, 24.70842], [54.61998, 24.70842]]}}, {"type": "Feature", "properties": {}, "geometry": {"type": "LineString", "coordinates": [[54.62437, 24.71304], [54.62477, 24.71246], [54.62534, 24.71295], [54.62483, 24.71408], [54.62409, 24.71335], [54.62418, 24.71262], [54.62437, 24.71304]]}}, {"type": "Feature", "properties": {}, "geometry": {"type": "LineString", "coordinates": [[54.61233, 24.72011], [54.61206, 24.71799], [54.61299, 24.71632], [54.61364, 24.71593], [54.61394, 24.71763], [54.61444, 24.71792], [54.61435, 24.71849], [54.61233, 24.72011]]}}, {"type": "Feature", "properties": {}, "geometry": {"type": "LineString", "coordinates": [[54.50703, 24.45937], [54.50552, 24.46007], [54.50539, 24.45983], [54.50534, 24.46016], [54.50392, 24.46084], [54.50376, 24.46056], [54.50378, 24.46089], [54.50298, 24.46114]]}}, {"type": "Feature", "properties": {}, "geometry": {"type": "LineString", "coordinates": [[54.5203, 24.45456], [54.52038, 24.45123], [54.5199, 24.45114], [54.51958, 24.45126], [54.51984, 24.45369], [54.51943, 24.45159], [54.51912, 24.45147], [54.51902, 24.45209], [54.51832, 24.45248], [54.51879, 24.45441], [54.51792, 24.45258], [54.51777, 24.45322], [54.51745, 24.4533], [54.51374, 24.45303], [54.512, 24.45361], [54.50904, 24.45371], [54.50571, 24.45529], [54.50559, 24.45665], [54.50703, 24.45937]]}}, {"type": "Feature", "properties": {}, "geometry": {"type": "LineString", "coordinates": [[54.65072, 24.70804], [54.64428, 24.70803], [54.64409, 24.70765], [54.64439, 24.70687], [54.64964, 24.70709], [54.65075, 24.70724], [54.65072, 24.70804]]}}, {"type": "Feature", "properties": {}, "geometry": {"type": "LineString", "coordinates": [[54.37146, 24.3699], [54.37726, 24.36922], [54.37889, 24.36766], [54.38125, 24.36664], [54.38606, 24.36668], [54.3879, 24.36793], [54.39005, 24.37173], [54.39408, 24.37571], [54.39949, 24.37775], [54.4049, 24.37829], [54.41039, 24.37728], [54.42026, 24.37384], [54.42627, 24.37024], [54.44095, 24.3489], [54.44193, 24.34764], [54.44314, 24.34694]]}}, {"type": "Feature", "properties": {}, "geometry": {"type": "LineString", "coordinates": [[54.38315, 24.38431], [54.38203, 24.38396], [54.37749, 24.38057], [54.37471, 24.38118], [54.37343, 24.37933], [54.37258, 24.37958], [54.36973, 24.37702], [54.37061, 24.37633], [54.36936, 24.37421], [54.37069, 24.37363], [54.37006, 24.37049], [54.37146, 24.3699]]}}, {"type": "Feature", "properties": {}, "geometry": {"type": "LineString", "coordinates": [[54.4165, 24.40476], [54.3866, 24.41458], [54.38587, 24.41437], [54.38487, 24.41476], [54.38464, 24.41521], [54.37228, 24.41934], [54.37127, 24.41914], [54.36529, 24.42183], [54.36395, 24.4221], [54.36191, 24.42347], [54.35398, 24.43022], [54.35321, 24.43076], [54.35233, 24.43087], [54.35168, 24.432], [54.34026, 24.44078], [54.3393, 24.44116], [54.3286, 24.44238], [54.32819, 24.44283], [54.32833, 24.44458], [54.32773, 24.44551]]}}, {"type": "Feature", "properties": {}, "geometry": {"type": "LineString", "coordinates": [[54.47981, 24.45966], [54.4757, 24.46258]]}}, {"type": "Feature", "properties": {}, "geometry": {"type": "LineString", "coordinates": [[54.4757, 24.46258], [54.4793, 24.4668], [54.4823, 24.46464], [54.48528, 24.46982], [54.48533, 24.4706], [54.48497, 24.47091], [54.4842, 24.47067], [54.48142, 24.46882], [54.47993, 24.46876], [54.4785, 24.46926], [54.47813, 24.46878], [54.47827, 24.46741], [54.47653, 24.46793], [54.4766, 24.46745], [54.47622, 24.46747]]}}, {"type": "Feature", "properties": {}, "geometry": {"type": "LineString", "coordinates": [[54.45493, 24.46454], [54.45317, 24.4618], [54.45215, 24.46132], [54.4528, 24.46076], [54.45331, 24.46058], [54.45524, 24.46361], [54.45634, 24.46746], [54.45734, 24.46776], [54.45693, 24.46974], [54.45795, 24.4693], [54.4585, 24.46838], [54.46166, 24.47515]]}}, {"type": "Feature", "properties": {}, "geometry": {"type": "LineString", "coordinates": [[54.46166, 24.47515], [54.46127, 24.47585], [54.46041, 24.47632], [54.46064, 24.47669], [54.46015, 24.47715]]}}, {"type": "Feature", "properties": {}, "geometry": {"type": "LineString", "coordinates": [[54.45984, 24.63004], [54.46012, 24.63097], [54.46122, 24.63151], [54.46171, 24.63365], [54.4615, 24.63487], [54.46209, 24.6352], [54.4634, 24.63518], [54.46388, 24.63415], [54.46476, 24.63366], [54.46704, 24.63342], [54.4688, 24.63399], [54.46874, 24.63442], [54.46468, 24.63778], [54.46414, 24.63776], [54.46285, 24.6358], [54.46148, 24.63591], [54.46271, 24.63931], [54.46637, 24.64209], [54.46818, 24.64262], [54.46846, 24.64147], [54.46722, 24.64029], [54.46721, 24.6392], [54.46787, 24.63914], [54.47043, 24.63716], [54.47183, 24.63697], [54.47091, 24.64079], [54.46914, 24.64193], [54.46871, 24.6432], [54.47166, 24.64416], [54.47184, 24.64515], [54.47238, 24.64578], [54.4714, 24.64637], [54.46975, 24.64646], [54.46454, 24.64519], [54.46069, 24.6422], [54.45945, 24.64081], [54.45828, 24.63713], [54.45863, 24.63468], [54.45813, 24.63211], [54.45871, 24.63192], [54.45984, 24.63004]]}}, {"type": "Feature", "properties": {}, "geometry": {"type": "LineString", "coordinates": [[54.56135, 24.72192], [54.56334, 24.71916], [54.56673, 24.72091], [54.56944, 24.72126], [54.57038, 24.72192]]}}, {"type": "Feature", "properties": {}, "geometry": {"type": "LineString", "coordinates": [[54.51376, 24.69933], [54.51423, 24.69908], [54.5145, 24.69943], [54.51437, 24.70028], [54.51548, 24.70042], [54.51618, 24.69999], [54.51653, 24.69837], [54.51762, 24.69651], [54.51854, 24.69536], [54.51999, 24.6944], [54.52212, 24.694], [54.52391, 24.69439], [54.52524, 24.69522], [54.52808, 24.69612], [54.52972, 24.69735], [54.53008, 24.69867], [54.53429, 24.70297], [54.53496, 24.70419], [54.53588, 24.70429], [54.54225, 24.70771], [54.54334, 24.70883], [54.544, 24.71048], [54.54493, 24.71078], [54.54619, 24.7124], [54.54886, 24.71405], [54.5495, 24.71585], [54.55142, 24.7172], [54.55164, 24.71801], [54.55323, 24.71911], [54.55364, 24.72026], [54.55319, 24.72192]]}}, {"type": "Feature", "properties": {}, "geometry": {"type": "LineString", "coordinates": [[54.52676, 24.72192], [54.52387, 24.72019], [54.52138, 24.71935], [54.51899, 24.71784], [54.51655, 24.71607], [54.51293, 24.71246], [54.51238, 24.71114], [54.51238, 24.70927], [54.51273, 24.7081], [54.51359, 24.70703], [54.51367, 24.7027], [54.51329, 24.70084], [54.51376, 24.69933]]}}, {"type": "Feature", "properties": {}, "geometry": {"type": "LineString", "coordinates": [[54.49822, 24.67053], [54.498, 24.67101], [54.49835, 24.67158], [54.50027, 24.67213], [54.50217, 24.67052], [54.50233, 24.66949], [54.50202, 24.66918], [54.50155, 24.66946], [54.5008, 24.66847], [54.50038, 24.66024], [54.50036, 24.65917], [54.50125, 24.6563], [54.50114, 24.65448], [54.50215, 24.6524], [54.50217, 24.6506], [54.50065, 24.6479], [54.50087, 24.64692], [54.50139, 24.64674], [54.50187, 24.64697], [54.50181, 24.64802], [54.50253, 24.6484], [54.50315, 24.6484], [54.5035, 24.64795], [54.50445, 24.64816], [54.50515, 24.64883], [54.50518, 24.65035], [54.50599, 24.6511], [54.50594, 24.65167], [54.50758, 24.65158], [54.50813, 24.65119], [54.51049, 24.65146], [54.51024, 24.65336], [54.50938, 24.65433], [54.50899, 24.65565], [54.50884, 24.65811], [54.50938, 24.6585], [54.5097, 24.65994], [54.51049, 24.66006], [54.51177, 24.66207], [54.51322, 24.66754], [54.51454, 24.6696], [54.51367, 24.67518], [54.51414, 24.67648], [54.51407, 24.67735], [54.51276, 24.67985], [54.5106, 24.68182], [54.50802, 24.68155], [54.50632, 24.68233], [54.50718, 24.68391], [54.50774, 24.6836], [54.50786, 24.68419], [54.50584, 24.68524], [54.50551, 24.68575], [54.5057, 24.68614], [54.50526, 24.68764], [54.50442, 24.68829], [54.504, 24.6892], [54.50438, 24.68935], [54.50486, 24.68874], [54.50517, 24.68905], [54.50471, 24.68992], [54.5011, 24.69158], [54.50139, 24.69303], [54.50079, 24.69391], [54.49882, 24.69373], [54.49785, 24.69329], [54.49593, 24.69207], [54.4931, 24.69092], [54.49209, 24.68996], [54.49094, 24.68768], [54.48981, 24.67986], [54.48976, 24.67718], [54.48897, 24.67471], [54.48904, 24.6688], [54.49069, 24.66655], [54.49121, 24.66662], [54.49051, 24.66866], [54.49083, 24.66945], [54.49191, 24.6697], [54.49287, 24.66947], [54.49384, 24.67055], [54.49534, 24.66947], [54.49664, 24.67029], [54.49822, 24.67053]]}}]}